Position,Const,Created,Modified,Description,Title,Original Title,URL,Title Type,IMDb Rating,Runtime (mins),Year,Genres,Num Votes,Release Date,Directors,Your Rating,Date Rated
1,tt9376612,2022-11-09,2022-11-09,,"Shang-Chi e la leggenda dei dieci anelli","Shang-Chi and the Legend of the Ten Rings",https://www.imdb.com/title/tt9376612/,Film,7.3,132,2021,"Azione, Avventura, Fantastico, Fantascienza",501613,2021-09-01,"Destin Daniel Cretton",,
2,tt0892782,2026-09-01,2026-09-01,,"Mostri contro alieni","Monsters vs Aliens",https://www.imdb.com/title/tt0892782/,Film,6.4,94,2009,"Animazione, Azione, Avventura, Commedia, Per famiglie, Fantastico, Fantascienza",191362,2009-04-03,"Rob Letterman, Conrad Vernon",,
3,tt0126029,2026-09-01,2026-09-01,,"Shrek","Shrek",https://www.imdb.com/title/tt0126029/,Film,7.9,90,2001,"Animazione, Avventura, Commedia, Per famiglie, Fantastico, Sentimentale",821514,2001-06-15,"Andrew Adamson, Vicky Jenson",,
4,tt0298148,2026-09-01,2026-09-01,,"Shrek 2","Shrek 2",https://www.imdb.com/title/tt0298148/,Film,7.4,93,2004,"Animazione, Avventura, Commedia, Per famiglie, Fantastico, Sentimentale",563607,2004-12-17,"Andrew Adamson, Kelly Asbury, Conrad Vernon",,
5,tt0103639,2026-09-01,2026-09-01,,"Aladdin","Aladdin",https://www.imdb.com/title/tt0103639/,Film,8.0,90,1992,"Animazione, Avventura, Commedia, Per famiglie, Fantastico, Musical, Sentimentale",505657,1993-12-03,"Ron Clements, John Musker",,
6,tt0892791,2026-09-01,2026-09-01,,"Shrek 4: e vissero felici e contenti","Shrek Forever After",https://www.imdb.com/title/tt0892791/,Film,6.4,93,2010,"Animazione, Avventura, Commedia, Per famiglie, Fantastico, Sentimentale",249665,2010-08-25,"Mike Mitchell",,
7,tt0097757,2026-09-01,2026-09-01,,"La sirenetta","The Little Mermaid",https://www.imdb.com/title/tt0097757/,Film,7.6,83,1989,"Animazione, Avventura, Per famiglie, Fantastico, Musical, Sentimentale",315444,1990-12-07,"Ron Clements, John Musker",,
8,tt0119282,2026-09-01,2026-09-01,,"Hercules","Hercules",https://www.imdb.com/title/tt0119282/,Film,7.3,93,1997,"Animazione, Azione, Avventura, Commedia, Per famiglie, Fantastico, Musical, Sentimentale",283886,1997-12-05,"Ron Clements, John Musker",,
9,tt0398286,2026-09-01,2026-09-01,,"Rapunzel: L'intreccio della torre","Tangled",https://www.imdb.com/title/tt0398286/,Film,7.7,100,2010,"Animazione, Avventura, Commedia, Per famiglie, Fantastico, Musical, Sentimentale",553963,2010-11-26,"Nathan Greno, Byron Howard",,
10,tt0389790,2026-09-01,2026-09-01,,"Bee Movie","Bee Movie",https://www.imdb.com/title/tt0389790/,Film,6.1,91,2007,"Animazione, Avventura, Commedia, Drammatico, Per famiglie, Sentimentale",200629,2007-12-21,"Steve Hickner, Simon J. Smith",,
11,tt0462538,2026-09-01,2026-09-01,,"I Simpson - Il film","The Simpsons Movie",https://www.imdb.com/title/tt0462538/,Film,7.3,87,2007,"Animazione, Avventura, Commedia",365530,2007-09-14,"David Silverman",,
12,tt1772341,2026-09-01,2026-09-01,,"Ralph Spaccatutto","Wreck-It Ralph",https://www.imdb.com/title/tt1772341/,Film,7.7,101,2012,"Animazione, Avventura, Commedia, Per famiglie, Fantastico, Fantascienza, Sportivo",505557,2012-12-20,"Rich Moore",,
13,tt1490017,2026-09-01,2026-09-01,,"The Lego Movie","The LEGO Movie",https://www.imdb.com/title/tt1490017/,Film,7.7,100,2014,"Animazione, Azione, Avventura, Commedia, Per famiglie, Fantastico, Fantascienza",421255,2014-02-20,"Phil Lord, Christopher Miller",,
14,tt0413267,2026-09-01,2026-09-01,,"Shrek Terzo","Shrek the Third",https://www.imdb.com/title/tt0413267/,Film,6.1,93,2007,"Animazione, Avventura, Commedia, Per famiglie, Fantastico, Sentimentale",365276,2007-08-31,"Chris Miller, Raman Hui",,
15,tt0107290,2026-09-01,2026-09-01,,"Jurassic Park","Jurassic Park",https://www.imdb.com/title/tt0107290/,Film,8.2,127,1993,"Avventura, Fantascienza",1198700,1993-09-17,"Steven Spielberg",,
16,tt0369610,2026-09-01,2026-09-01,,"Jurassic World","Jurassic World",https://www.imdb.com/title/tt0369610/,Film,6.9,124,2015,"Azione, Avventura, Fantascienza",737922,2015-06-11,"Colin Trevorrow",,
17,tt0119567,2026-09-01,2026-09-01,,"Il mondo perduto - Jurassic Park","The Lost World: Jurassic Park",https://www.imdb.com/title/tt0119567/,Film,6.6,129,1997,"Azione, Avventura, Fantascienza",483251,1997-09-05,"Steven Spielberg",,
18,tt0163025,2026-09-01,2026-09-01,,"Jurassic Park III","Jurassic Park III",https://www.imdb.com/title/tt0163025/,Film,6.0,92,2001,"Azione, Avventura, Fantascienza, Thriller",376006,2001-08-31,"Joe Johnston",,
19,tt8041270,2026-09-01,2026-09-01,,"Jurassic World: Il dominio","Jurassic World: Dominion",https://www.imdb.com/title/tt8041270/,Film,5.6,147,2022,"Azione, Avventura, Fantascienza, Thriller",251367,2022-06-02,"Colin Trevorrow",,
20,tt0360717,2026-09-01,2026-09-01,,"King Kong","King Kong",https://www.imdb.com/title/tt0360717/,Film,7.2,187,2005,"Azione, Avventura, Sentimentale",474546,2005-12-16,"Peter Jackson",,
21,tt3731562,2026-09-01,2026-09-01,,"Kong: Skull Island","Kong: Skull Island",https://www.imdb.com/title/tt3731562/,Film,6.7,118,2017,"Azione, Avventura, Fantastico, Fantascienza",378843,2017-03-09,"Jordan Vogt-Roberts",,
22,tt0120685,2026-09-01,2026-09-01,,"Godzilla","Godzilla",https://www.imdb.com/title/tt0120685/,Film,5.5,139,1998,"Azione, Fantascienza, Thriller",214816,1998-09-04,"Roland Emmerich",,
23,tt14539740,2026-09-01,2026-09-01,,"Godzilla e Kong - Il nuovo impero","Godzilla x Kong: The New Empire",https://www.imdb.com/title/tt14539740/,Film,6.0,115,2024,"Azione, Avventura, Fantastico, Fantascienza, Thriller",138787,2024-03-28,"Adam Wingard",,
24,tt3741700,2026-09-01,2026-09-01,,"Godzilla II - King of the Monsters","Godzilla: King of the Monsters",https://www.imdb.com/title/tt3741700/,Film,6.0,132,2019,"Azione, Avventura, Fantastico, Fantascienza",232350,2019-05-30,"Michael Dougherty",,
25,tt4154756,2026-09-01,2026-09-01,,"Avengers: Infinity War","Avengers: Infinity War",https://www.imdb.com/title/tt4154756/,Film,8.4,149,2018,"Azione, Avventura, Fantascienza",1409445,2018-04-25,"Anthony Russo, Joe Russo",,
26,tt23289160,2026-09-01,2026-09-01,,"Godzilla -1.0","Gojira Mainasu Wan",https://www.imdb.com/title/tt23289160/,Film,7.6,124,2023,"Azione, Avventura, Drammatico, Horror, Fantascienza",230735,2023-12-01,"Takashi Yamazaki",,
27,tt0831387,2026-09-01,2026-09-01,,"Godzilla","Godzilla",https://www.imdb.com/title/tt0831387/,Film,6.4,123,2014,"Azione, Avventura, Fantascienza, Thriller",468294,2014-05-15,"Gareth Edwards",,
28,tt5034838,2026-09-01,2026-09-01,,"Godzilla vs. Kong","Godzilla vs. Kong",https://www.imdb.com/title/tt5034838/,Film,6.3,113,2021,"Azione, Fantascienza, Thriller",270980,2021-05-06,"Adam Wingard",,
29,tt4262980,2026-09-01,2026-09-01,,"Shin Godzilla","Shin Gojira",https://www.imdb.com/title/tt4262980/,Film,6.9,120,2016,"Azione, Drammatico, Horror, Fantascienza",46974,2017-07-03,"Shinji Higuchi, Hideaki Anno",,
30,tt1323594,2026-09-01,2026-09-01,,"Cattivissimo me","Despicable Me",https://www.imdb.com/title/tt1323594/,Film,7.6,95,2010,"Animazione, Avventura, Commedia, Poliziesco, Per famiglie, Fantascienza",640854,2010-10-15,"Pierre Coffin, Chris Renaud",,
31,tt1690953,2026-09-01,2026-09-01,,"Cattivissimo me 2","Despicable Me 2",https://www.imdb.com/title/tt1690953/,Film,7.3,98,2013,"Animazione, Avventura, Commedia, Poliziesco, Per famiglie, Fantascienza",465552,2013-10-10,"Pierre Coffin, Chris Renaud",,
32,tt3469046,2026-09-01,2026-09-01,,"Cattivissimo me 3","Despicable Me 3",https://www.imdb.com/title/tt3469046/,Film,6.3,90,2017,"Animazione, Avventura, Commedia, Poliziesco, Per famiglie, Fantascienza",186117,2017-08-24,"Kyle Balda, Pierre Coffin, Eric Guillon",,
33,tt5113044,2026-09-01,2026-09-01,,"Minions 2 - Come Gru diventa cattivissimo","Minions: The Rise of Gru",https://www.imdb.com/title/tt5113044/,Film,6.5,87,2022,"Animazione, Avventura, Commedia, Poliziesco, Per famiglie, Fantascienza",109300,2022-08-18,"Kyle Balda, Brad Ableson, Jonathan del Val",,
34,tt2293640,2026-09-01,2026-09-01,,"Minions","Minions",https://www.imdb.com/title/tt2293640/,Film,6.4,91,2015,"Animazione, Avventura, Commedia, Poliziesco, Per famiglie, Fantascienza",290220,2015-08-27,"Kyle Balda, Pierre Coffin",,
35,tt2184339,2026-09-01,2026-09-01,,"La notte del giudizio","The Purge",https://www.imdb.com/title/tt2184339/,Film,5.8,85,2013,"Horror, Fantascienza, Thriller",263571,2013-08-01,"James DeMonaco",,
36,tt1392170,2026-09-01,2026-09-01,,"Hunger Games","The Hunger Games",https://www.imdb.com/title/tt1392170/,Film,7.2,142,2012,"Azione, Avventura, Fantascienza, Thriller",1094352,2012-05-01,"Gary Ross",,
37,tt0480249,2026-09-01,2026-09-01,,"Io sono leggenda","I Am Legend",https://www.imdb.com/title/tt0480249/,Film,7.2,101,2007,"Drammatico, Horror, Fantascienza, Thriller",888193,2008-01-11,"Francis Lawrence",,
38,tt10545296,2026-09-01,2026-09-01,,"Hunger Games: La ballata dell'usignolo e del serpente","The Hunger Games: The Ballad of Songbirds & Snakes",https://www.imdb.com/title/tt10545296/,Film,6.6,157,2023,"Azione, Avventura, Drammatico, Fantascienza, Thriller, Guerra",189992,2023-11-22,"Francis Lawrence",,
39,tt1790864,2026-09-01,2026-09-01,,"Maze Runner - Il labirinto","The Maze Runner",https://www.imdb.com/title/tt1790864/,Film,6.8,113,2014,"Azione, Giallo, Fantascienza, Thriller",572178,2014-10-08,"Wes Ball",,
40,tt18412256,2026-09-01,2026-09-01,,"Alien: Romulus","Alien: Romulus",https://www.imdb.com/title/tt18412256/,Film,7.1,119,2024,"Horror, Fantascienza, Thriller",294888,2024-08-14,"Fede Alvarez",,
41,tt0448134,2026-09-01,2026-09-01,,"Sunshine","Sunshine",https://www.imdb.com/title/tt0448134/,Film,7.2,107,2007,"Fantascienza, Thriller",290537,2007-04-20,"Danny Boyle",,
42,tt0435625,2026-09-01,2026-09-01,,"The Descent - Discesa nelle tenebre","The Descent",https://www.imdb.com/title/tt0435625/,Film,7.2,99,2005,"Avventura, Horror, Thriller",276974,2005-10-21,"Neil Marshall",,
43,tt2975578,2026-09-01,2026-09-01,,"Anarchia - La notte del giudizio","The Purge: Anarchy",https://www.imdb.com/title/tt2975578/,Film,6.4,103,2014,"Azione, Horror, Fantascienza, Thriller",174244,2014-07-23,"James DeMonaco",,
44,tt4094724,2026-09-01,2026-09-01,,"La notte del giudizio - Election Year","The Purge: Election Year",https://www.imdb.com/title/tt4094724/,Film,6.0,108,2016,"Azione, Horror, Fantascienza, Thriller",120306,2016-07-28,"James DeMonaco",,
45,tt0351283,2026-09-01,2026-09-01,,"Madagascar","Madagascar",https://www.imdb.com/title/tt0351283/,Film,7.0,86,2005,"Animazione, Avventura, Commedia, Per famiglie",487571,2005-09-02,"Eric Darnell, Tom McGrath",,
46,tt0479952,2026-09-01,2026-09-01,,"Madagascar 2","Madagascar: Escape 2 Africa",https://www.imdb.com/title/tt0479952/,Film,6.7,89,2008,"Animazione, Avventura, Commedia, Per famiglie",275311,2008-12-19,"Eric Darnell, Tom McGrath",,
47,tt1911658,2026-09-01,2026-09-01,,"I pinguini di Madagascar: Il film","Penguins of Madagascar",https://www.imdb.com/title/tt1911658/,Film,6.7,92,2014,"Animazione, Azione, Avventura, Commedia, Poliziesco, Per famiglie, Fantascienza",118164,2014-11-27,"Eric Darnell, Simon J. Smith",,
48,tt2911666,2026-09-01,2026-09-01,,"John Wick","John Wick",https://www.imdb.com/title/tt2911666/,Film,7.5,101,2014,"Azione, Poliziesco, Thriller",840644,2015-01-22,"Chad Stahelski",,
49,tt4425200,2026-09-01,2026-09-01,,"John Wick - Capitolo 2","John Wick: Chapter 2",https://www.imdb.com/title/tt4425200/,Film,7.4,122,2017,"Azione, Poliziesco, Thriller",578764,2017-03-16,"Chad Stahelski",,
50,tt6146586,2026-09-01,2026-09-01,,"John Wick 3 - Parabellum","John Wick: Chapter 3 - Parabellum",https://www.imdb.com/title/tt6146586/,Film,7.4,130,2019,"Azione, Poliziesco, Thriller",488200,2019-05-16,"Chad Stahelski",,
51,tt10366206,2026-09-01,2026-09-01,,"John Wick 4","John Wick: Chapter 4",https://www.imdb.com/title/tt10366206/,Film,7.6,169,2023,"Azione, Poliziesco, Thriller",419541,2023-03-23,"Chad Stahelski",,
52,tt2709692,2026-09-01,2026-09-01,,"Il Grinch","The Grinch",https://www.imdb.com/title/tt2709692/,Film,6.4,86,2018,"Animazione, Commedia, Per famiglie, Fantastico",115519,2018-11-29,"Yarrow Cheney, Scott Mosier",,
53,tt0170016,2026-09-01,2026-09-01,,"Il Grinch","How the Grinch Stole Christmas",https://www.imdb.com/title/tt0170016/,Film,6.4,104,2000,"Commedia, Per famiglie, Fantastico",336170,2000-12-07,"Ron Howard",,
54,tt0109830,2026-09-01,2026-09-01,,"Forrest Gump","Forrest Gump",https://www.imdb.com/title/tt0109830/,Film,8.8,142,1994,"Drammatico, Sentimentale",2534175,1994-10-06,"Robert Zemeckis",,
55,tt0172495,2026-09-01,2026-09-01,,"Il gladiatore","Gladiator",https://www.imdb.com/title/tt0172495/,Film,8.5,155,2000,"Azione, Avventura, Drammatico",1881301,2000-05-19,"Ridley Scott",,
56,tt0493464,2026-09-01,2026-09-01,,"Wanted - Scegli il tuo destino","Wanted",https://www.imdb.com/title/tt0493464/,Film,6.7,110,2008,"Azione, Poliziesco, Thriller",431186,2008-07-02,"Timur Bekmambetov",,
57,tt0446752,2026-09-01,2026-09-01,,"14 anni vergine","Full of It",https://www.imdb.com/title/tt0446752/,Film,5.5,93,2007,"Commedia, Drammatico",3792,2008-06-13,"Christian Charles",,
58,tt0405422,2026-09-01,2026-09-01,,"40 anni vergine","The 40 Year Old Virgin",https://www.imdb.com/title/tt0405422/,Film,7.1,116,2005,"Commedia, Sentimentale",507962,2006-01-13,"Judd Apatow",,
59,tt0097576,2026-09-01,2026-09-01,,"Indiana Jones e l'ultima crociata","Indiana Jones and the Last Crusade",https://www.imdb.com/title/tt0097576/,Film,8.2,127,1989,"Avventura",871465,1989-10-06,"Steven Spielberg",,
60,tt0082971,2026-09-01,2026-09-01,,"I predatori dell'arca perduta","Raiders of the Lost Ark",https://www.imdb.com/title/tt0082971/,Film,8.4,115,1981,"Avventura",1120744,1981-09-16,"Steven Spielberg",,
61,tt0367882,2026-09-01,2026-09-01,,"Indiana Jones e il regno del teschio di cristallo","Indiana Jones and the Kingdom of the Crystal Skull",https://www.imdb.com/title/tt0367882/,Film,6.2,122,2008,"Azione, Avventura",517891,2008-05-23,"Steven Spielberg",,
62,tt1392190,2026-09-01,2026-09-01,,"Mad Max: Fury Road","Mad Max: Fury Road",https://www.imdb.com/title/tt1392190/,Film,8.1,120,2015,"Azione, Avventura, Fantascienza",1221042,2015-05-14,"George Miller",,
63,tt1464335,2026-09-01,2026-09-01,,"Uncharted","Uncharted",https://www.imdb.com/title/tt1464335/,Film,6.3,116,2022,"Azione, Avventura",307831,2022-02-17,"Ruben Fleischer",,
64,tt2488496,2026-09-01,2026-09-01,,"Star Wars - Il risveglio della Forza","Star Wars: Episode VII - The Force Awakens",https://www.imdb.com/title/tt2488496/,Film,7.7,138,2015,"Azione, Avventura, Fantascienza",1035401,2015-12-16,"J.J. Abrams",,
65,tt12037194,2026-09-01,2026-09-01,,"Furiosa: A Mad Max Saga","Furiosa: A Mad Max Saga",https://www.imdb.com/title/tt12037194/,Film,7.4,148,2024,"Azione, Avventura, Fantascienza",327447,2024-05-23,"George Miller",,
66,tt0087469,2026-09-01,2026-09-01,,"Indiana Jones e il tempio maledetto","Indiana Jones and the Temple of Doom",https://www.imdb.com/title/tt0087469/,Film,7.5,118,1984,"Azione, Avventura",573756,1984-09-27,"Steven Spielberg",,
67,tt0120616,2026-09-01,2026-09-01,,"La mummia","The Mummy",https://www.imdb.com/title/tt0120616/,Film,7.1,124,1999,"Azione, Avventura, Fantastico",508617,1999-08-27,"Stephen Sommers",,
68,tt1462764,2026-09-01,2026-09-01,,"Indiana Jones e il quadrante del destino","Indiana Jones and the Dial of Destiny",https://www.imdb.com/title/tt1462764/,Film,6.5,154,2023,"Azione, Avventura, Fantascienza",236822,2023-06-28,"James Mangold",,
69,tt1160419,2026-09-01,2026-09-01,,"Dune","Dune: Part One",https://www.imdb.com/title/tt1160419/,Film,8.0,155,2021,"Azione, Avventura, Drammatico, Fantascienza",1090045,2021-09-16,"Denis Villeneuve",,
70,tt4532826,2026-09-01,2026-09-01,,"Robin Hood - L'origine della leggenda","Robin Hood",https://www.imdb.com/title/tt4532826/,Film,5.4,116,2018,"Azione, Avventura, Drammatico, Thriller",87569,2018-11-22,"Otto Bathurst",,
71,tt0955308,2026-09-01,2026-09-01,,"Robin Hood","Robin Hood",https://www.imdb.com/title/tt0955308/,Film,6.6,140,2010,"Azione, Avventura, Drammatico, Storico",298835,2010-05-12,"Ridley Scott",,
72,tt0102798,2026-09-01,2026-09-01,,"Robin Hood - Principe dei ladri","Robin Hood: Prince of Thieves",https://www.imdb.com/title/tt0102798/,Film,6.9,143,1991,"Azione, Avventura, Drammatico, Sentimentale",224322,1993-10-04,"Kevin Reynolds",,
73,tt0107977,2026-09-01,2026-09-01,,"Robin Hood - Un uomo in calzamaglia","Robin Hood: Men in Tights",https://www.imdb.com/title/tt0107977/,Film,6.7,104,1993,"Avventura, Commedia, Musical, Sentimentale",147314,1993-07-28,"Mel Brooks",,
74,tt0787985,2026-09-01,2026-09-01,,"Robin Hood","Robin Hood",https://www.imdb.com/title/tt0787985/,Serie TV,7.4,60,2006,"Azione, Avventura, Commedia, Drammatico, Sentimentale",18184,2008-07-01,,,
75,tt0952640,2026-09-01,2026-09-01,,"Alvin Superstar","Alvin and the Chipmunks",https://www.imdb.com/title/tt0952640/,Film,5.3,92,2007,"Animazione, Avventura, Commedia, Per famiglie, Fantastico, Musica, Musical",107419,2008-01-18,"Tim Hill",,
76,tt1231580,2026-09-01,2026-09-01,,"Alvin Superstar 2","Alvin and the Chipmunks: The Squeakquel",https://www.imdb.com/title/tt1231580/,Film,4.6,88,2009,"Animazione, Avventura, Commedia, Per famiglie, Fantastico, Musica, Musical",62217,2010-01-29,"Betty Thomas",,
77,tt0455499,2026-09-01,2026-09-01,,"Garfield 2","Garfield: A Tail of Two Kitties",https://www.imdb.com/title/tt0455499/,Film,5.0,82,2006,"Avventura, Commedia, Per famiglie",51576,2006-08-18,"Tim Hill",,
78,tt0356634,2026-09-01,2026-09-01,,"Garfield: Il film","Garfield: The Movie",https://www.imdb.com/title/tt0356634/,Film,5.1,80,2004,"Avventura, Commedia, Per famiglie, Fantastico",101917,2004-09-24,"Peter Hewitt",,
79,tt0083866,2026-09-01,2026-09-01,,"E.T. - L'extra-terrestre","E.T. the Extra-Terrestrial",https://www.imdb.com/title/tt0083866/,Film,7.9,115,1982,"Avventura, Per famiglie, Fantascienza",476771,1982-12-07,"Steven Spielberg",,
80,tt0482599,2026-09-01,2026-09-01,,"Shutter - Ombre dal passato","Shutter",https://www.imdb.com/title/tt0482599/,Film,5.2,85,2008,"Horror, Giallo, Thriller",40251,2008-08-08,"Masayuki Ochiai",,
81,tt1130884,2026-09-01,2026-09-01,,"Shutter Island","Shutter Island",https://www.imdb.com/title/tt1130884/,Film,8.2,138,2010,"Giallo, Thriller",1683509,2010-03-05,"Martin Scorsese",,
82,tt1401113,2026-09-01,2026-09-01,,"Dante's Inferno - Un poema animato","Dante's Inferno: An Animated Epic",https://www.imdb.com/title/tt1401113/,Film,6.5,84,2010,"Animazione, Azione, Avventura, Drammatico, Fantastico, Horror",11326,2010-02-09,"Victor Cook, Mike Disa, Sangjin Kim, Seungkyu Lee, Shûkô Murase, Jong-Sik Nam, Yasuomi Umetsu",,
83,tt0477348,2026-09-01,2026-09-01,,"Non è un paese per vecchi","No Country for Old Men",https://www.imdb.com/title/tt0477348/,Film,8.2,122,2007,"Poliziesco, Drammatico, Thriller",1213313,2008-02-22,"Ethan Coen, Joel Coen",,
84,tt1951264,2026-09-01,2026-09-01,,"Hunger Games: La ragazza di fuoco","The Hunger Games: Catching Fire",https://www.imdb.com/title/tt1951264/,Film,7.5,146,2013,"Azione, Avventura, Sentimentale, Fantascienza, Thriller",782858,2013-11-27,"Francis Lawrence",,
85,tt1951265,2026-09-01,2026-09-01,,"Hunger Games: Il canto della rivolta - Parte 1","The Hunger Games: Mockingjay - Part 1",https://www.imdb.com/title/tt1951265/,Film,6.6,123,2014,"Azione, Avventura, Fantascienza, Thriller",553726,2014-11-20,"Francis Lawrence",,
86,tt1951266,2026-09-01,2026-09-01,,"Hunger Games: Il canto della rivolta - Parte 2","The Hunger Games: Mockingjay - Part 2",https://www.imdb.com/title/tt1951266/,Film,6.6,137,2015,"Azione, Avventura, Fantascienza, Thriller",421399,2015-11-19,"Francis Lawrence",,
87,tt1483013,2026-09-02,2026-09-02,,"Oblivion","Oblivion",https://www.imdb.com/title/tt1483013/,Film,7.0,124,2013,"Azione, Avventura, Fantascienza",590892,2013-04-11,"Joseph Kosinski",,
88,tt0092099,2026-09-02,2026-09-02,,"Top Gun","Top Gun",https://www.imdb.com/title/tt0092099/,Film,7.0,109,1986,"Azione, Drammatico",561114,1986-09-18,"Tony Scott",,
89,tt1440129,2026-09-02,2026-09-02,,"Battleship","Battleship",https://www.imdb.com/title/tt1440129/,Film,5.8,131,2012,"Azione, Avventura, Fantascienza, Thriller",271766,2012-04-13,"Peter Berg",,
90,tt1840309,2026-09-02,2026-09-02,,"Divergent","Divergent",https://www.imdb.com/title/tt1840309/,Film,6.6,139,2014,"Azione, Avventura, Drammatico, Giallo, Fantascienza",522857,2014-04-03,"Neil Burger",,
91,tt2908446,2026-09-02,2026-09-02,,"The Divergent Series: Insurgent","The Divergent Series: Insurgent",https://www.imdb.com/title/tt2908446/,Film,6.2,119,2015,"Azione, Avventura, Sentimentale, Fantascienza, Thriller",274165,2015-03-19,"Robert Schwentke",,
92,tt3410834,2026-09-02,2026-09-02,,"The Divergent Series: Allegiant","The Divergent Series: Allegiant",https://www.imdb.com/title/tt3410834/,Film,5.7,120,2016,"Azione, Avventura, Fantastico, Giallo, Fantascienza, Thriller",148655,2016-03-09,"Robert Schwentke",,
93,tt0457430,2026-09-02,2026-09-02,,"Il labirinto del fauno","El laberinto del fauno",https://www.imdb.com/title/tt0457430/,Film,8.2,118,2006,"Drammatico, Fantastico, Guerra",753030,2006-11-24,"Guillermo del Toro",,
94,tt4046784,2026-09-02,2026-09-02,,"Maze Runner - La fuga","Maze Runner: The Scorch Trials",https://www.imdb.com/title/tt4046784/,Film,6.3,131,2015,"Azione, Avventura, Fantascienza, Thriller",312841,2015-10-15,"Wes Ball",,
95,tt4500922,2026-09-02,2026-09-02,,"Maze Runner - La rivelazione","Maze Runner: The Death Cure",https://www.imdb.com/title/tt4500922/,Film,6.3,143,2018,"Azione, Avventura, Fantascienza, Thriller",196321,2018-02-01,"Wes Ball",,
96,tt0942385,2026-09-02,2026-09-02,,"Tropic Thunder","Tropic Thunder",https://www.imdb.com/title/tt0942385/,Film,7.1,107,2008,"Azione, Commedia, Guerra",497581,2008-10-24,"Ben Stiller",,
97,tt1392197,2026-09-02,2026-09-02,,"Sansone","Marmaduke",https://www.imdb.com/title/tt1392197/,Film,4.4,99,2010,"Commedia, Per famiglie",18982,2010-08-13,"Tom Dey",,
98,tt0765476,2026-09-02,2026-09-02,,"Piacere Dave","Meet Dave",https://www.imdb.com/title/tt0765476/,Film,5.1,90,2008,"Avventura, Commedia, Per famiglie, Sentimentale, Fantascienza",46564,2008-08-22,"Brian Robbins",,
99,tt0094898,2026-09-02,2026-09-02,,"Il principe cerca moglie","Coming to America",https://www.imdb.com/title/tt0094898/,Film,7.1,117,1988,"Commedia, Sentimentale",242398,1988-09-30,"John Landis",,
100,tt0303461,2026-09-02,2026-09-02,,"Firefly","Firefly",https://www.imdb.com/title/tt0303461/,Serie TV,8.9,45,2002,"Avventura, Fantascienza",304132,2006-02-17,,,
101,tt0499549,2026-09-02,2026-09-02,,"Avatar","Avatar",https://www.imdb.com/title/tt0499549/,Film,7.9,162,2009,"Azione, Avventura, Fantastico, Fantascienza",1515794,2010-01-15,"James Cameron",,
102,tt1757678,2026-09-02,2026-09-02,,"Avatar: Fuoco e cenere","Avatar: Fire and Ash",https://www.imdb.com/title/tt1757678/,Film,7.2,197,2025,"Azione, Avventura, Drammatico, Fantastico, Fantascienza",210942,2025-12-17,"James Cameron",,
103,tt9018736,2026-09-02,2026-09-02,,"Avatar - La leggenda di Aang","Avatar: The Last Airbender",https://www.imdb.com/title/tt9018736/,Serie TV,7.1,55,2024,"Azione, Avventura, Commedia, Drammatico, Per famiglie, Fantastico, Giallo",93488,2024-02-22,,,
104,tt0417299,2026-09-02,2026-09-02,,"Avatar - La leggenda di Aang","Avatar: The Last Airbender",https://www.imdb.com/title/tt0417299/,Serie TV,9.3,23,2005,"Animazione, Azione, Avventura, Per famiglie, Fantastico, Giallo",455426,2008-12-24,,,
105,tt1630029,2026-09-02,2026-09-02,,"Avatar - La via dell'acqua","Avatar: The Way of Water",https://www.imdb.com/title/tt1630029/,Film,7.5,192,2022,"Azione, Avventura, Fantastico, Fantascienza",647749,2022-12-14,"James Cameron",,
106,tt1695360,2026-09-02,2026-09-02,,"La leggenda di Korra","The Legend of Korra",https://www.imdb.com/title/tt1695360/,Serie TV,8.3,23,2012,"Animazione, Azione, Avventura, Per famiglie, Fantastico, Fantascienza",154468,2012-12-08,,,
107,tt0379786,2026-09-02,2026-09-02,,"Serenity","Serenity",https://www.imdb.com/title/tt0379786/,Film,7.8,119,2005,"Azione, Avventura, Fantascienza, Thriller",317224,2005-11-25,"Joss Whedon",,
108,tt0409459,2026-09-02,2026-09-02,,"Watchmen","Watchmen",https://www.imdb.com/title/tt0409459/,Film,7.6,162,2009,"Azione, Drammatico, Giallo, Fantascienza",616386,2009-03-06,"Zack Snyder",,
109,tt1034385,2026-09-02,2026-09-02,,"Cold Skin - La creatura di Atlantide","Cold Skin",https://www.imdb.com/title/tt1034385/,Film,6.0,108,2017,"Azione, Drammatico, Fantastico, Horror, Fantascienza, Thriller",20400,2017-10-20,"Xavier Gens",,
110,tt0101272,2026-09-02,2026-09-02,,"La famiglia Addams","The Addams Family",https://www.imdb.com/title/tt0101272/,Film,7.0,99,1991,"Commedia, Fantastico",203192,2023-06-01,"Barry Sonnenfeld",,
111,tt0106220,2026-09-02,2026-09-02,,"La famiglia Addams 2","Addams Family Values",https://www.imdb.com/title/tt0106220/,Film,6.9,94,1993,"Commedia, Fantastico",124672,1994-01-14,"Barry Sonnenfeld",,
112,tt0367594,2026-09-02,2026-09-02,,"La fabbrica di cioccolato","Charlie and the Chocolate Factory",https://www.imdb.com/title/tt0367594/,Film,6.7,115,2005,"Avventura, Commedia, Per famiglie, Fantastico, Musical",578389,2005-09-23,"Tim Burton",,
113,tt0087332,2026-09-02,2026-09-02,,"Ghostbusters (Acchiappafantasmi)","Ghostbusters",https://www.imdb.com/title/tt0087332/,Film,7.8,105,1984,"Azione, Commedia, Fantastico, Fantascienza",490685,1985-01-31,"Ivan Reitman",,
114,tt0120382,2026-09-02,2026-09-02,,"The Truman Show","The Truman Show",https://www.imdb.com/title/tt0120382/,Film,8.2,103,1998,"Commedia, Drammatico",1405552,1998-09-10,"Peter Weir",,
115,tt0293429,2026-09-02,2026-09-02,,"Mortal Kombat","Mortal Kombat",https://www.imdb.com/title/tt0293429/,Film,6.1,110,2021,"Azione, Avventura, Fantastico, Fantascienza, Thriller",222770,2021-05-30,"Simon McQuoid",,
116,tt1250777,2026-09-02,2026-09-02,,"Kick-Ass","Kick-Ass",https://www.imdb.com/title/tt1250777/,Film,7.6,117,2010,"Azione, Commedia, Poliziesco",624666,2011-04-01,"Matthew Vaughn",,
117,tt0446029,2026-09-02,2026-09-02,,"Scott Pilgrim vs. the World","Scott Pilgrim vs. the World",https://www.imdb.com/title/tt0446029/,Film,7.5,112,2010,"Azione, Commedia, Fantastico, Sentimentale",500942,2010-11-19,"Edgar Wright",,
118,tt0119654,2026-09-02,2026-09-02,,"Men in Black","Men in Black",https://www.imdb.com/title/tt0119654/,Film,7.3,98,1997,"Azione, Avventura, Commedia, Fantascienza",671876,1997-10-03,"Barry Sonnenfeld",,
119,tt0486655,2026-09-02,2026-09-02,,"Stardust","Stardust",https://www.imdb.com/title/tt0486655/,Film,7.6,127,2007,"Avventura, Fantastico, Sentimentale",300724,2007-10-12,"Matthew Vaughn",,
120,tt6139732,2026-09-02,2026-09-02,,"Aladdin","Aladdin",https://www.imdb.com/title/tt6139732/,Film,6.9,128,2019,"Avventura, Commedia, Per famiglie, Fantastico, Musical, Sentimentale",319357,2019-05-22,"Guy Ritchie",,
121,tt0091369,2026-09-02,2026-09-02,,"Labyrinth - Dove tutto è possibile","Labyrinth",https://www.imdb.com/title/tt0091369/,Film,7.3,101,1986,"Avventura, Per famiglie, Fantastico, Musical",166901,1986-12-23,"Jim Henson",,
122,tt0167260,2026-09-02,2026-09-02,,"Il Signore degli Anelli - Il ritorno del re","The Lord of the Rings: The Return of the King",https://www.imdb.com/title/tt0167260/,Film,9.0,201,2003,"Avventura, Drammatico, Fantastico",2192486,2004-01-22,"Peter Jackson",,
123,tt0120737,2026-09-02,2026-09-02,,"Il Signore degli Anelli - La compagnia dell'Anello","The Lord of the Rings: The Fellowship of the Ring",https://www.imdb.com/title/tt0120737/,Film,8.9,178,2001,"Avventura, Drammatico, Fantastico",2236230,2002-01-18,"Peter Jackson",,
124,tt0089469,2026-09-02,2026-09-02,,"Legend","Legend",https://www.imdb.com/title/tt0089469/,Film,6.3,94,1985,"Avventura, Fantastico, Sentimentale",81250,1985-09-06,"Ridley Scott",,
125,tt0120915,2026-09-02,2026-09-02,,"Star Wars: Episodio I - La minaccia fantasma","Star Wars: Episode I - The Phantom Menace",https://www.imdb.com/title/tt0120915/,Film,6.5,136,1999,"Azione, Avventura, Fantastico, Fantascienza",938846,1999-09-17,"George Lucas",,
126,tt0167261,2026-09-02,2026-09-02,,"Il Signore degli Anelli - Le due torri","The Lord of the Rings: The Two Towers",https://www.imdb.com/title/tt0167261/,Film,8.8,179,2002,"Avventura, Drammatico, Fantastico",1983246,2003-01-16,"Peter Jackson",,
127,tt0076759,2026-09-02,2026-09-02,,"Guerre stellari","Star Wars",https://www.imdb.com/title/tt0076759/,Film,8.6,121,1977,"Azione, Avventura, Fantastico, Fantascienza",1588325,1977-10-20,"George Lucas",,
128,tt0903624,2026-09-02,2026-09-02,,"Lo Hobbit - Un viaggio inaspettato","The Hobbit: An Unexpected Journey",https://www.imdb.com/title/tt0903624/,Film,7.8,169,2012,"Avventura, Fantastico",937218,2012-12-13,"Peter Jackson",,
129,tt0032138,2026-09-02,2026-09-02,,"Il mago di Oz","The Wizard of Oz",https://www.imdb.com/title/tt0032138/,Film,8.1,102,1939,"Avventura, Per famiglie, Fantastico, Musical",472617,1949-10-01,"Victor Fleming, George Cukor, Norman Taurog, Richard Thorpe, King Vidor",,
130,tt0120912,2026-09-02,2026-09-02,,"Men in Black II","Men in Black II",https://www.imdb.com/title/tt0120912/,Film,6.2,88,2002,"Azione, Avventura, Commedia, Giallo, Fantascienza",436238,2002-09-13,"Barry Sonnenfeld",,
131,tt0315327,2026-09-02,2026-09-02,,"Una settimana da Dio","Bruce Almighty",https://www.imdb.com/title/tt0315327/,Film,6.8,101,2003,"Commedia, Fantastico",475663,2003-05-30,"Tom Shadyac",,
132,tt0448157,2026-09-02,2026-09-02,,"Hancock","Hancock",https://www.imdb.com/title/tt0448157/,Film,6.4,92,2008,"Azione, Commedia, Drammatico, Fantastico",543883,2008-09-12,"Peter Berg",,
133,tt0316654,2026-09-02,2026-09-02,,"Spider-Man 2","Spider-Man 2",https://www.imdb.com/title/tt0316654/,Film,7.5,127,2004,"Azione, Avventura, Fantascienza",808461,2004-09-16,"Sam Raimi",,
134,tt0988045,2026-09-02,2026-09-02,,"Sherlock Holmes","Sherlock Holmes",https://www.imdb.com/title/tt0988045/,Film,7.5,128,2009,"Azione, Avventura, Giallo",711478,2009-12-25,"Guy Ritchie",,
135,tt0816711,2026-09-02,2026-09-02,,"World War Z","World War Z",https://www.imdb.com/title/tt0816711/,Film,7.0,116,2013,"Azione, Avventura, Horror, Fantascienza",794529,2013-06-27,"Marc Forster",,
136,tt0332379,2026-09-02,2026-09-02,,"School of Rock","School of Rock",https://www.imdb.com/title/tt0332379/,Film,7.2,109,2003,"Commedia, Musica",362094,2004-04-02,"Richard Linklater",,
137,tt1922777,2026-09-02,2026-09-02,,"Sinister","Sinister",https://www.imdb.com/title/tt1922777/,Film,6.8,110,2012,"Horror, Giallo, Thriller",322552,2013-03-14,"Scott Derrickson",,
138,tt1302011,2026-09-02,2026-09-02,,"Kung Fu Panda 2","Kung Fu Panda 2",https://www.imdb.com/title/tt1302011/,Film,7.3,90,2011,"Animazione, Azione, Avventura, Commedia, Drammatico, Per famiglie, Fantastico",363781,2011-08-24,"Jennifer Yuh Nelson",,
139,tt1396484,2026-09-02,2026-09-02,,"It","It",https://www.imdb.com/title/tt1396484/,Film,7.3,135,2017,"Horror",709644,2017-10-19,"Andy Muschietti",,
140,tt2527336,2026-09-02,2026-09-02,,"Star Wars - Gli ultimi Jedi","Star Wars: Episode VIII - The Last Jedi",https://www.imdb.com/title/tt2527336/,Film,6.8,152,2017,"Azione, Avventura, Fantastico, Fantascienza",727059,2017-12-13,"Rian Johnson",,
141,tt13433802,2026-09-02,2026-09-02,,"A Quiet Place - Giorno 1","A Quiet Place: Day One",https://www.imdb.com/title/tt13433802/,Film,6.2,99,2024,"Drammatico, Horror, Fantascienza, Thriller",182768,2024-06-27,"Michael Sarnoski",,
142,tt0363771,2026-09-02,2026-09-02,,"Le cronache di Narnia - Il leone, la strega e l'armadio","The Chronicles of Narnia: The Lion, the Witch and the Wardrobe",https://www.imdb.com/title/tt0363771/,Film,6.9,143,2005,"Avventura, Per famiglie, Fantastico",462269,2005-12-21,"Andrew Adamson",,
143,tt1981115,2026-09-02,2026-09-02,,"Thor: The Dark World","Thor: The Dark World",https://www.imdb.com/title/tt1981115/,Film,6.7,112,2013,"Azione, Avventura, Fantastico, Fantascienza",792103,2013-11-20,"Alan Taylor",,
144,tt4633694,2026-09-02,2026-09-02,,"Spider-Man: Un nuovo universo","Spider-Man: Into the Spider-Verse",https://www.imdb.com/title/tt4633694/,Film,8.4,117,2018,"Animazione, Azione, Avventura, Per famiglie, Fantastico, Fantascienza",816172,2018-12-25,"Bob Persichetti, Peter Ramsey, Rodney Rothman",,
145,tt11737520,2026-09-02,2026-09-02,,"One Piece","One Piece",https://www.imdb.com/title/tt11737520/,Serie TV,8.3,60,2023,"Azione, Avventura, Commedia, Drammatico, Fantastico",210968,2023-08-31,,,
146,tt2403029,2026-09-02,2026-09-02,,"Angry Games - La ragazza con l'uccello di fuoco","The Starving Games",https://www.imdb.com/title/tt2403029/,Film,3.3,83,2013,"Avventura, Commedia, Fantascienza",24490,2014-01-16,"Jason Friedberg, Aaron Seltzer",,
147,tt0365748,2026-09-02,2026-09-02,,"L'alba dei morti dementi","Shaun of the Dead",https://www.imdb.com/title/tt0365748/,Film,7.8,99,2004,"Commedia, Horror",644708,2004-04-09,"Edgar Wright",,
148,tt0071853,2026-09-02,2026-09-02,,"Monty Python e il Sacro Graal","Monty Python and the Holy Grail",https://www.imdb.com/title/tt0071853/,Film,8.1,91,1975,"Avventura, Commedia, Fantastico",607899,1976-05-07,"Terry Gilliam, Terry Jones",,
149,tt0425112,2026-09-02,2026-09-02,,"Hot Fuzz","Hot Fuzz",https://www.imdb.com/title/tt0425112/,Film,7.8,121,2007,"Azione, Commedia, Giallo, Thriller",572709,2007-08-24,"Edgar Wright",,
150,tt0175142,2026-09-02,2026-09-02,,"Scary Movie - Senza paura, senza vergogna... senza cervello!","Scary Movie",https://www.imdb.com/title/tt0175142/,Film,6.3,88,2000,"Commedia",334834,2000-11-10,"Keenen Ivory Wayans",,
151,tt0080339,2026-09-02,2026-09-02,,"L'aereo più pazzo del mondo","Airplane!",https://www.imdb.com/title/tt0080339/,Film,7.7,88,1980,"Commedia",292554,1980-10-30,"Jim Abrahams, David Zucker, Jerry Zucker",,
152,tt0364725,2026-09-02,2026-09-02,,"Palle al balzo - Dodgeball","Dodgeball: A True Underdog Story",https://www.imdb.com/title/tt0364725/,Film,6.7,92,2004,"Commedia, Sportivo",289209,2004-11-05,"Rawson Marshall Thurber",,
153,tt1245492,2026-09-02,2026-09-02,,"Facciamola finita","This Is the End",https://www.imdb.com/title/tt1245492/,Film,6.6,107,2013,"Commedia, Fantastico, Fantascienza",459112,2013-07-18,"Evan Goldberg, Seth Rogen",,
154,tt1637725,2026-09-02,2026-09-02,,"Ted","Ted",https://www.imdb.com/title/tt1637725/,Film,6.9,106,2012,"Commedia",718761,2012-10-04,"Seth MacFarlane",,
155,tt6263850,2026-09-02,2026-09-02,,"Deadpool & Wolverine","Deadpool & Wolverine",https://www.imdb.com/title/tt6263850/,Film,7.5,128,2024,"Azione, Avventura, Commedia, Fantascienza",593541,2024-07-24,"Shawn Levy",,
156,tt0113497,2026-09-02,2026-09-02,,"Jumanji","Jumanji",https://www.imdb.com/title/tt0113497/,Film,7.1,104,1995,"Avventura, Commedia, Per famiglie, Fantastico",419463,1996-02-23,"Joe Johnston",,
157,tt0116629,2026-09-02,2026-09-02,,"Independence Day","Independence Day",https://www.imdb.com/title/tt0116629/,Film,7.0,145,1996,"Azione, Avventura, Fantascienza",654785,1996-09-27,"Roland Emmerich",,
158,tt5463162,2026-09-02,2026-09-02,,"Deadpool 2","Deadpool 2",https://www.imdb.com/title/tt5463162/,Film,7.6,119,2018,"Azione, Avventura, Commedia, Fantascienza",757671,2018-05-15,"David Leitch",,
159,tt1431045,2026-09-02,2026-09-02,,"Deadpool","Deadpool",https://www.imdb.com/title/tt1431045/,Film,8.0,108,2016,"Azione, Commedia, Fantascienza",1271773,2016-02-18,"Tim Miller",,
160,tt0829482,2026-09-02,2026-09-02,,"Suxbad: Tre menti sopra il pelo","Superbad",https://www.imdb.com/title/tt0829482/,Film,7.6,113,2007,"Commedia",703829,2007-09-21,"Greg Mottola",,
161,tt2243537,2026-09-02,2026-09-02,,"Ghost Movie","A Haunted House",https://www.imdb.com/title/tt2243537/,Film,5.1,86,2013,"Commedia, Fantastico, Horror",55874,2013-01-17,"Michael Tiddes",,
162,tt0416044,2026-09-02,2026-09-02,,"Mongol","Mongol",https://www.imdb.com/title/tt0416044/,Film,7.2,126,2007,"Azione, Biografico, Drammatico, Storico, Guerra",51775,2008-05-09,"Sergei Bodrov",,
163,tt1298554,2026-09-02,2026-09-02,,"Eva","Eva",https://www.imdb.com/title/tt1298554/,Film,6.6,94,2011,"Drammatico, Fantastico, Sentimentale, Fantascienza",10754,2012-08-31,"Kike Maíllo",,
164,tt0377713,2026-09-02,2026-09-02,,"Cube Zero","Cube Zero",https://www.imdb.com/title/tt0377713/,Film,5.6,97,2004,"Drammatico, Giallo, Fantascienza, Thriller",43748,2005-08-03,"Ernie Barbarash",,
165,tt0123755,2026-09-02,2026-09-02,,"Cube - Il cubo","Cube",https://www.imdb.com/title/tt0123755/,Film,7.1,90,1997,"Horror, Giallo, Fantascienza",263788,1999-05-28,"Vincenzo Natali",,
166,tt0285492,2026-09-02,2026-09-02,,"Il cubo 2: Hypercube","Cube 2: Hypercube",https://www.imdb.com/title/tt0285492/,Film,5.5,94,2002,"Horror, Giallo, Fantascienza",72238,2003-02-14,"Andrzej Sekula",,
167,tt1650554,2026-09-02,2026-09-02,,"Kick-Ass 2","Kick-Ass 2",https://www.imdb.com/title/tt1650554/,Film,6.5,103,2013,"Azione, Commedia, Poliziesco, Drammatico, Thriller",302046,2013-08-15,"Jeff Wadlow",,
168,tt0109813,2026-09-02,2026-09-02,,"I Flintstones","The Flintstones",https://www.imdb.com/title/tt0109813/,Film,5.1,91,1994,"Commedia, Per famiglie, Fantastico",93303,1994-10-06,"Brian Levant",,
169,tt1119646,2026-09-02,2026-09-02,,"Una notte da leoni","The Hangover",https://www.imdb.com/title/tt1119646/,Film,7.7,100,2009,"Commedia",944328,2009-06-19,"Todd Phillips",,
170,tt2294449,2026-09-02,2026-09-02,,"22 Jump Street","22 Jump Street",https://www.imdb.com/title/tt2294449/,Film,7.0,112,2014,"Azione, Commedia, Poliziesco, Giallo",445881,2014-07-23,"Phil Lord, Christopher Miller",,
171,tt3794354,2026-09-02,2026-09-02,,"Sonic - Il film","Sonic the Hedgehog",https://www.imdb.com/title/tt3794354/,Film,6.5,99,2020,"Azione, Avventura, Commedia, Per famiglie, Fantastico, Fantascienza",196511,2020-02-13,"Jeff Fowler",,
172,tt1375670,2026-09-02,2026-09-02,,"Un weekend da bamboccioni","Grown Ups",https://www.imdb.com/title/tt1375670/,Film,6.0,102,2010,"Commedia",319152,2010-10-01,"Dennis Dugan",,
173,tt1675434,2026-09-02,2026-09-02,,"Quasi amici - Intouchables","Intouchables",https://www.imdb.com/title/tt1675434/,Film,8.5,112,2011,"Commedia, Drammatico",1042006,2012-02-24,"Olivier Nakache, Éric Toledano",,
174,tt0377818,2026-09-02,2026-09-02,,"Hazzard","The Dukes of Hazzard",https://www.imdb.com/title/tt0377818/,Film,5.2,104,2005,"Azione, Avventura, Commedia",85493,2005-09-02,"Jay Chandrasekhar",,
175,tt0112642,2026-09-02,2026-09-02,,"Casper","Casper",https://www.imdb.com/title/tt0112642/,Film,6.2,100,1995,"Commedia, Per famiglie, Fantastico",161240,1995-12-07,"Rob Letterman, Brad Silberling",,
176,tt0304141,2026-09-02,2026-09-02,,"Harry Potter e il prigioniero di Azkaban","Harry Potter and the Prisoner of Azkaban",https://www.imdb.com/title/tt0304141/,Film,7.9,142,2004,"Avventura, Per famiglie, Fantastico, Giallo",778651,2004-06-04,"Alfonso Cuarón",,
177,tt6320628,2026-09-02,2026-09-02,,"Spider-Man: Far from Home","Spider-Man: Far from Home",https://www.imdb.com/title/tt6320628/,Film,7.3,129,2019,"Azione, Avventura, Commedia, Fantastico, Fantascienza",675428,2019-07-10,"Jon Watts",,
178,tt0926084,2026-09-02,2026-09-02,,"Harry Potter e i Doni della Morte - Parte 1","Harry Potter and the Deathly Hallows: Part 1",https://www.imdb.com/title/tt0926084/,Film,7.7,146,2010,"Avventura, Per famiglie, Fantastico, Giallo",674854,2010-11-19,"David Yates",,
179,tt0814255,2026-09-02,2026-09-02,,"Percy Jackson e gli dei dell'Olimpo - Il ladro di fulmini","Percy Jackson & the Olympians: The Lightning Thief",https://www.imdb.com/title/tt0814255/,Film,5.9,118,2010,"Avventura, Per famiglie, Fantastico",218057,2010-03-12,"Chris Columbus",,
180,tt1935859,2026-09-02,2026-09-02,,"Miss Peregrine - La casa dei ragazzi speciali","Miss Peregrine's Home for Peculiar Children",https://www.imdb.com/title/tt1935859/,Film,6.7,127,2016,"Avventura, Drammatico, Per famiglie, Fantastico, Thriller",210996,2016-12-15,"Tim Burton",,
181,tt1706620,2026-09-02,2026-09-02,,"Snowpiercer","Snowpiercer",https://www.imdb.com/title/tt1706620/,Film,7.1,126,2013,"Azione, Drammatico, Fantascienza, Thriller",425464,2014-02-27,"Bong Joon Ho",,
182,tt0181689,2026-09-02,2026-09-02,,"Minority Report","Minority Report",https://www.imdb.com/title/tt0181689/,Film,7.6,145,2002,"Azione, Poliziesco, Giallo, Fantascienza, Thriller",627214,2002-09-27,"Steven Spielberg",,
183,tt0093894,2026-09-02,2026-09-02,,"L'implacabile","The Running Man",https://www.imdb.com/title/tt0093894/,Film,6.6,101,1987,"Azione, Fantascienza, Thriller",193381,1988-02-05,"Paul Michael Glaser",,
184,tt0133093,2026-09-02,2026-09-02,,"Matrix","The Matrix",https://www.imdb.com/title/tt0133093/,Film,8.7,136,1999,"Azione, Fantascienza",2277562,1999-05-07,"Lana Wachowski, Lilly Wachowski",,
185,tt0434409,2026-09-02,2026-09-02,,"V per Vendetta","V for Vendetta",https://www.imdb.com/title/tt0434409/,Film,8.1,132,2005,"Azione, Drammatico, Fantascienza, Thriller",1256166,2006-03-17,"James McTeigue",,
186,tt1981128,2026-09-02,2026-09-02,,"Geostorm","Geostorm",https://www.imdb.com/title/tt1981128/,Film,5.4,109,2017,"Azione, Fantascienza, Thriller",134997,2017-11-01,"Dean Devlin",,
187,tt0088247,2026-09-02,2026-09-02,,"Terminator","The Terminator",https://www.imdb.com/title/tt0088247/,Film,8.1,107,1984,"Azione, Avventura, Fantascienza",1018006,1985-01-11,"James Cameron",,
188,tt0066921,2026-09-02,2026-09-02,,"Arancia meccanica","A Clockwork Orange",https://www.imdb.com/title/tt0066921/,Film,8.2,136,1971,"Poliziesco, Fantascienza",944685,1972-09-07,"Stanley Kubrick",,
189,tt36594331,2026-09-02,2026-09-02,,"Star Wars: Maul - Shadow Lord","Star Wars: Maul - Shadow Lord",https://www.imdb.com/title/tt36594331/,Serie TV,8.5,22,2026,"Animazione, Azione, Avventura, Poliziesco, Drammatico, Per famiglie, Fantascienza",30569,2026-04-06,,,
190,tt0332452,2026-09-02,2026-09-02,,"Troy","Troy",https://www.imdb.com/title/tt0332452/,Film,7.3,163,2004,"Azione, Avventura",648948,2004-05-21,"Wolfgang Petersen",,
191,tt0120338,2026-09-02,2026-09-02,,"Titanic","Titanic",https://www.imdb.com/title/tt0120338/,Film,8.0,194,1997,"Drammatico, Sentimentale",1412664,1998-01-16,"James Cameron",,
192,tt10872600,2026-09-02,2026-09-02,,"Spider-Man: No Way Home","Spider-Man: No Way Home",https://www.imdb.com/title/tt10872600/,Film,8.1,148,2021,"Azione, Avventura, Fantastico, Fantascienza",1073873,2021-12-15,"Jon Watts",,
193,tt0198781,2026-09-02,2026-09-02,,"Monsters & Co.","Monsters, Inc.",https://www.imdb.com/title/tt0198781/,Film,8.1,92,2001,"Animazione, Avventura, Commedia, Per famiglie, Fantastico",1091391,2002-03-15,"Pete Docter, David Silverman, Lee Unkrich",,
194,tt0185906,2026-09-02,2026-09-02,,"Band of Brothers - Fratelli al fronte","Band of Brothers",https://www.imdb.com/title/tt0185906/,Mini serie TV,9.4,60,2001,"Azione, Drammatico, Storico, Guerra",604192,2007-10-10,,,
195,tt1201607,2026-09-02,2026-09-02,,"Harry Potter e i Doni della Morte - Parte 2","Harry Potter and the Deathly Hallows: Part 2",https://www.imdb.com/title/tt1201607/,Film,8.1,130,2011,"Avventura, Per famiglie, Fantastico, Giallo",1062642,2011-07-13,"David Yates",,
196,tt1631867,2026-09-02,2026-09-02,,"Edge of Tomorrow - Senza domani","Edge of Tomorrow",https://www.imdb.com/title/tt1631867/,Film,7.9,113,2014,"Azione, Avventura, Fantascienza",815716,2014-05-29,"Doug Liman",,
197,tt0070047,2026-09-02,2026-09-02,,"L'esorcista","The Exorcist",https://www.imdb.com/title/tt0070047/,Film,8.1,122,1973,"Horror",504701,1974-09-20,"William Friedkin",,
198,tt0145487,2026-09-02,2026-09-02,,"Spider-Man","Spider-Man",https://www.imdb.com/title/tt0145487/,Film,7.4,121,2002,"Azione, Avventura, Fantascienza",997172,2002-06-07,"Sam Raimi",,
199,tt0816692,2026-09-02,2026-09-02,,"Interstellar","Interstellar",https://www.imdb.com/title/tt0816692/,Film,8.7,169,2014,"Avventura, Drammatico, Fantascienza",2605926,2014-11-06,"Christopher Nolan",,
200,tt2948356,2026-09-02,2026-09-02,,"Zootropolis","Zootopia",https://www.imdb.com/title/tt2948356/,Film,8.0,108,2016,"Animazione, Azione, Avventura, Commedia, Poliziesco, Per famiglie, Giallo",649548,2016-02-18,"Byron Howard, Rich Moore, Jared Bush",,
201,tt0090605,2026-09-02,2026-09-02,,"Aliens - Scontro finale","Aliens",https://www.imdb.com/title/tt0090605/,Film,8.4,137,1986,"Azione, Avventura, Horror, Fantascienza, Thriller",848113,1986-09-24,"James Cameron",,
202,tt0848228,2026-09-02,2026-09-02,,"The Avengers","The Avengers",https://www.imdb.com/title/tt0848228/,Film,8.0,143,2012,"Azione, Fantascienza",1582959,2012-04-25,"Joss Whedon",,
203,tt0374463,2026-09-02,2026-09-02,,"The Pacific","The Pacific",https://www.imdb.com/title/tt0374463/,Mini serie TV,8.3,60,2010,"Azione, Avventura, Drammatico, Storico, Guerra",145685,2010-05-09,,,
204,tt0083658,2026-09-02,2026-09-02,,"Blade Runner","Blade Runner",https://www.imdb.com/title/tt0083658/,Film,8.1,117,1982,"Azione, Drammatico, Fantascienza, Thriller",891251,1982-10-14,"Ridley Scott",,
205,tt1856101,2026-09-02,2026-09-02,,"Blade Runner 2049","Blade Runner 2049",https://www.imdb.com/title/tt1856101/,Film,8.0,164,2017,"Azione, Drammatico, Giallo, Fantascienza, Thriller",768623,2017-10-05,"Denis Villeneuve",,
206,tt9253284,2026-09-02,2026-09-02,,"Star Wars: Andor","Andor",https://www.imdb.com/title/tt9253284/,Serie TV,8.6,60,2022,"Avventura, Drammatico, Fantastico, Fantascienza, Thriller",286064,2022-09-21,,,
207,tt0084787,2026-09-02,2026-09-02,,"La cosa","The Thing",https://www.imdb.com/title/tt0084787/,Film,8.2,109,1982,"Horror, Giallo, Fantascienza",535205,1982-11-26,"John Carpenter",,
208,tt11126994,2026-09-02,2026-09-02,,"Arcane","Arcane: League of Legends",https://www.imdb.com/title/tt11126994/,Serie TV,9.0,40,2021,"Animazione, Azione, Avventura, Drammatico, Fantastico, Fantascienza",456478,2021-11-07,,,
209,tt0180093,2026-09-02,2026-09-02,,"Requiem for a Dream","Requiem for a Dream",https://www.imdb.com/title/tt0180093/,Film,8.3,102,2000,"Drammatico",984785,2000-12-15,"Darren Aronofsky",,
210,tt0206634,2026-09-02,2026-09-02,,"I figli degli uomini","Children of Men",https://www.imdb.com/title/tt0206634/,Film,7.9,109,2006,"Drammatico, Fantascienza, Thriller",571765,2006-11-17,"Alfonso Cuarón",,
211,tt0948470,2026-09-02,2026-09-02,,"The Amazing Spider-Man","The Amazing Spider-Man",https://www.imdb.com/title/tt0948470/,Film,7.0,136,2012,"Azione, Fantascienza",787812,2012-07-04,"Marc Webb",,
212,tt0468569,2026-09-02,2026-09-02,,"Il cavaliere oscuro","The Dark Knight",https://www.imdb.com/title/tt0468569/,Film,9.1,152,2008,"Poliziesco, Thriller",3225915,2008-07-23,"Christopher Nolan",,
213,tt0372784,2026-09-02,2026-09-02,,"Batman Begins","Batman Begins",https://www.imdb.com/title/tt0372784/,Film,8.2,140,2005,"Poliziesco",1744027,2005-06-17,"Christopher Nolan",,
214,tt15239678,2026-09-02,2026-09-02,,"Dune - Parte due","Dune: Part Two",https://www.imdb.com/title/tt15239678/,Film,8.4,166,2024,"Azione, Avventura, Drammatico, Fantascienza",792711,2024-02-28,"Denis Villeneuve",,
215,tt1375666,2026-09-02,2026-09-02,,"Inception","Inception",https://www.imdb.com/title/tt1375666/,Film,8.8,148,2010,"Avventura, Fantascienza, Thriller",2867890,2010-09-24,"Christopher Nolan",,
216,tt0481499,2026-09-02,2026-09-02,,"I Croods","The Croods",https://www.imdb.com/title/tt0481499/,Film,7.1,98,2013,"Animazione, Avventura, Commedia, Per famiglie, Fantastico",255027,2013-03-21,"Kirk DeMicco, Chris Sanders",,
217,tt2380307,2026-09-02,2026-09-02,,"Coco","Coco",https://www.imdb.com/title/tt2380307/,Film,8.4,105,2017,"Animazione, Avventura, Drammatico, Per famiglie, Fantastico, Musica, Giallo",726656,2017-12-28,"Lee Unkrich, Adrian Molina",,
218,tt7146812,2026-09-02,2026-09-02,,"Onward - Oltre la magia","Onward",https://www.imdb.com/title/tt7146812/,Film,7.3,102,2020,"Animazione, Avventura, Commedia, Drammatico, Per famiglie, Fantastico",189262,2020-08-19,"Dan Scanlon",,
219,tt6718170,2026-09-02,2026-09-02,,"Super Mario Bros - Il film","The Super Mario Bros. Movie",https://www.imdb.com/title/tt6718170/,Film,7.0,92,2023,"Animazione, Avventura, Commedia, Per famiglie, Fantastico",302338,2023-04-05,"Aaron Horvath, Michael Jelenic, Pierre Leduc, Fabien Polack",,
220,tt1192628,2026-09-02,2026-09-02,,"Rango","Rango",https://www.imdb.com/title/tt1192628/,Film,7.3,107,2011,"Animazione, Azione, Avventura, Commedia, Drammatico, Per famiglie, Western",324352,2011-03-11,"Gore Verbinski",,
221,tt1646971,2026-09-02,2026-09-02,,"Dragon Trainer 2","How to Train Your Dragon 2",https://www.imdb.com/title/tt1646971/,Film,7.8,102,2014,"Animazione, Azione, Avventura, Commedia, Per famiglie, Fantastico",407162,2014-08-16,"Dean DeBlois",,
222,tt1979388,2026-09-02,2026-09-02,,"Il viaggio di Arlo","The Good Dinosaur",https://www.imdb.com/title/tt1979388/,Film,6.7,93,2015,"Animazione, Azione, Avventura, Commedia, Drammatico, Per famiglie, Fantastico",142468,2015-11-25,"Peter Sohn",,
223,tt4302938,2026-09-02,2026-09-02,,"Kubo e la spada magica","Kubo and the Two Strings",https://www.imdb.com/title/tt4302938/,Film,7.7,101,2016,"Animazione, Azione, Avventura, Per famiglie, Fantastico",148368,2016-11-03,"Travis Knight",,
224,tt4116284,2026-09-02,2026-09-02,,"LEGO Batman - Il film","The LEGO Batman Movie",https://www.imdb.com/title/tt4116284/,Film,7.3,104,2017,"Animazione, Azione, Avventura, Commedia, Per famiglie, Fantastico, Fantascienza",197556,2017-02-09,"Chris McKay",,
225,tt0120587,2026-09-02,2026-09-02,,"Z la formica","Antz",https://www.imdb.com/title/tt0120587/,Film,6.5,83,1998,"Animazione, Avventura, Commedia, Per famiglie",172334,1999-01-15,"Eric Darnell, Tim Johnson",,
226,tt2386490,2026-09-02,2026-09-02,,"Dragon Trainer - Il mondo nascosto","How to Train Your Dragon: The Hidden World",https://www.imdb.com/title/tt2386490/,Film,7.4,104,2019,"Animazione, Azione, Avventura, Commedia, Drammatico, Per famiglie, Fantastico",183118,2019-01-31,"Dean DeBlois",,
227,tt5848272,2026-09-02,2026-09-02,,"Ralph spacca Internet","Ralph Breaks the Internet",https://www.imdb.com/title/tt5848272/,Film,7.0,112,2018,"Animazione, Avventura, Commedia, Per famiglie, Fantastico, Fantascienza, Sportivo",209166,2019-01-01,"Phil Johnston, Rich Moore",,
228,tt6105098,2026-09-02,2026-09-02,,"Il re Leone","The Lion King",https://www.imdb.com/title/tt6105098/,Film,6.8,118,2019,"Animazione, Avventura, Drammatico, Per famiglie, Musical",295639,2019-08-21,"Jon Favreau",,
229,tt0312004,2026-09-02,2026-09-02,,"Wallace & Gromit - La maledizione del coniglio mannaro","The Curse of the Were-Rabbit",https://www.imdb.com/title/tt0312004/,Film,7.5,85,2005,"Animazione, Avventura, Commedia, Per famiglie, Fantastico, Giallo, Fantascienza",158684,2006-03-03,"Steve Box, Nick Park",,
230,tt0120630,2026-09-02,2026-09-02,,"Galline in fuga","Chicken Run",https://www.imdb.com/title/tt0120630/,Film,7.1,84,2000,"Animazione, Avventura, Commedia, Drammatico, Per famiglie",226912,2000-12-15,"Peter Lord, Nick Park",,
231,tt0327084,2026-09-02,2026-09-02,,"La gang del bosco","Over the Hedge",https://www.imdb.com/title/tt0327084/,Film,6.7,83,2006,"Animazione, Avventura, Commedia, Per famiglie",205489,2006-10-27,"Tim Johnson, Karey Kirkpatrick",,
232,tt1277953,2026-09-02,2026-09-02,,"Madagascar 3 - Ricercati in Europa","Madagascar 3: Europe's Most Wanted",https://www.imdb.com/title/tt1277953/,Film,6.8,95,2012,"Animazione, Avventura, Commedia, Per famiglie",221330,2012-08-22,"Eric Darnell, Tom McGrath, Conrad Vernon",,
233,tt0441773,2026-09-02,2026-09-02,,"Kung Fu Panda","Kung Fu Panda",https://www.imdb.com/title/tt0441773/,Film,7.6,92,2008,"Animazione, Azione, Avventura, Commedia, Per famiglie, Fantastico",590152,2008-08-29,"Mark Osborne, John Stevenson",,
234,tt1991245,2026-09-02,2026-09-02,,"Chernobyl Diaries - La mutazione","Chernobyl Diaries",https://www.imdb.com/title/tt1991245/,Film,5.1,86,2012,"Horror, Giallo, Thriller",71077,2012-06-20,"Bradley Parker",,
235,tt0083767,2026-09-02,2026-09-02,,"Creepshow","Creepshow",https://www.imdb.com/title/tt0083767/,Film,6.8,120,1982,"Commedia, Fantastico, Horror",58291,1983-10-14,"George A. Romero",,
236,tt5815944,2026-09-02,2026-09-02,,"Tokyo Ghoul","Tôkyô gûru",https://www.imdb.com/title/tt5815944/,Film,5.7,119,2017,"Azione, Drammatico, Fantastico, Horror, Thriller",4193,2017-07-29,"Kentarô Hagiwara",,
237,tt0063962,2026-09-02,2026-09-02,,"UFO","UFO",https://www.imdb.com/title/tt0063962/,Serie TV,7.9,45,1970,"Azione, Fantascienza",4777,1970-09-16,,,
238,tt0086822,2026-09-02,2026-09-02,,"Visitors","V",https://www.imdb.com/title/tt0086822/,Serie TV,7.3,45,1984,"Azione, Avventura, Fantascienza, Thriller",15689,1984-10-07,,,
239,tt1307824,2026-09-02,2026-09-02,,"V","V",https://www.imdb.com/title/tt1307824/,Serie TV,6.8,42,2009,"Drammatico, Fantascienza, Thriller",61466,2010-03-04,,,
240,tt1462059,2026-09-02,2026-09-02,,"Falling Skies","Falling Skies",https://www.imdb.com/title/tt1462059/,Serie TV,7.1,42,2011,"Azione, Avventura, Drammatico, Fantascienza, Thriller",99677,2011-07-05,,,
241,tt1477109,2026-09-02,2026-09-02,,"Space Battleship Yamato","Space Battleship Yamato",https://www.imdb.com/title/tt1477109/,Film,6.0,138,2010,"Azione, Avventura, Drammatico, Fantascienza",6826,2014-04-15,"Takashi Yamazaki",,
242,tt4623604,2026-09-02,2026-09-02,,"Death Note: Desu nôto","Death Note: Desu nôto",https://www.imdb.com/title/tt4623604/,Mini serie TV,7.0,46,2015,"Poliziesco, Drammatico, Fantastico, Giallo, Thriller",2278,2015-07-05,,,
243,tt0758742,2026-09-02,2026-09-02,,"Death Note","Death Note: Desu nôto",https://www.imdb.com/title/tt0758742/,Film,7.5,126,2006,"Poliziesco, Drammatico, Fantastico, Giallo, Thriller",33595,2006-06-17,"Shūsuke Kaneko",,
244,tt0810827,2026-09-02,2026-09-02,,"Death Note - Il film: L'ultimo nome","Death Note - Desu nôto: The Last Name",https://www.imdb.com/title/tt0810827/,Film,7.1,141,2006,"Avventura, Poliziesco, Drammatico, Fantastico, Giallo, Thriller",18641,2006-11-03,"Shūsuke Kaneko",,
245,tt5058340,2026-09-02,2026-09-02,,"Death Note 3 - Illumina il nuovo mondo","Death Note - Desu nôto: Light Up the New World",https://www.imdb.com/title/tt5058340/,Film,5.7,135,2016,"Poliziesco, Drammatico, Horror, Giallo, Fantascienza, Thriller",3645,2016-10-29,"Shinsuke Satô",,
246,tt0848557,2026-09-02,2026-09-02,,"Le cronache dei morti viventi","Diary of the Dead",https://www.imdb.com/title/tt0848557/,Film,5.5,95,2007,"Fantastico, Horror, Fantascienza, Thriller",51381,2008-02-22,"George A. Romero",,
247,tt0369226,2026-09-02,2026-09-02,,"Alone in the Dark","Alone in the Dark",https://www.imdb.com/title/tt0369226/,Film,2.4,99,2005,"Azione, Horror, Fantascienza",46355,2005-07-29,"Uwe Boll",,
248,tt2071550,2026-09-02,2026-09-02,,"Open Grave","Open Grave",https://www.imdb.com/title/tt2071550/,Film,6.1,102,2013,"Horror, Giallo, Fantascienza, Thriller",32986,2013-08-14,"Gonzalo López-Gallego",,
249,tt1235448,2026-09-02,2026-09-02,,"La creatura dei ghiacci","The Thaw",https://www.imdb.com/title/tt1235448/,Film,5.2,94,2009,"Horror, Fantascienza",14308,2010-09-29,"Mark A. Lewis",,
250,tt1017460,2026-09-02,2026-09-02,,"Splice","Splice",https://www.imdb.com/title/tt1017460/,Film,5.8,104,2009,"Horror, Fantascienza",107180,2010-06-13,"Vincenzo Natali",,
251,tt1958043,2026-09-02,2026-09-02,,"Halloween night","The Houses October Built",https://www.imdb.com/title/tt1958043/,Film,5.2,91,2014,"Horror, Thriller",11856,2014-10-10,"Bobby Roe",,
252,tt0093177,2026-09-02,2026-09-02,,"Hellraiser","Hellraiser",https://www.imdb.com/title/tt0093177/,Film,6.9,94,1987,"Horror, Thriller",155837,1988-01-29,"Clive Barker",,
253,tt0120804,2026-09-02,2026-09-02,,"Resident Evil","Resident Evil",https://www.imdb.com/title/tt0120804/,Film,6.6,100,2002,"Azione, Horror, Fantascienza",314751,2002-07-05,"Paul W.S. Anderson",,
254,tt0087800,2026-09-02,2026-09-02,,"Nightmare - Dal profondo della notte","A Nightmare on Elm Street",https://www.imdb.com/title/tt0087800/,Film,7.4,91,1984,"Horror",294717,1985-08-08,"Wes Craven",,
255,tt0083907,2026-09-02,2026-09-02,,"La casa","The Evil Dead",https://www.imdb.com/title/tt0083907/,Film,7.3,85,1981,"Horror",256967,1984-08-17,"Sam Raimi",,
256,tt0095294,2026-09-02,2026-09-02,,"Hellraiser II - Prigionieri dell'inferno","Hellbound: Hellraiser II",https://www.imdb.com/title/tt0095294/,Film,6.4,97,1988,"Horror, Thriller",61588,1989-05-05,"Tony Randel",,
257,tt1259521,2026-09-02,2026-09-02,,"Quella casa nel bosco","The Cabin in the Woods",https://www.imdb.com/title/tt1259521/,Film,7.0,95,2011,"Horror, Giallo, Thriller",495656,2012-05-18,"Drew Goddard",,
258,tt1703199,2026-09-02,2026-09-02,,"ESP - Fenomeni paranormali","Grave Encounters",https://www.imdb.com/title/tt1703199/,Film,6.1,92,2011,"Fantastico, Horror, Giallo, Thriller",72276,2011-06-01,"Colin Minihan, Stuart Ortiz, The Vicious Brothers",,
259,tt0360486,2026-09-02,2026-09-02,,"Constantine","Constantine",https://www.imdb.com/title/tt0360486/,Film,7.0,121,2005,"Azione, Fantastico, Horror, Giallo",413282,2005-02-25,"Francis Lawrence",,
260,tt0110148,2026-09-02,2026-09-02,,"Intervista col vampiro","Interview with the Vampire: The Vampire Chronicles",https://www.imdb.com/title/tt0110148/,Film,7.5,123,1994,"Drammatico, Fantastico, Horror",380841,1994-12-16,"Neil Jordan",,
261,tt7097896,2026-09-02,2026-09-02,,"Venom - La furia di Carnage","Venom: Let There Be Carnage",https://www.imdb.com/title/tt7097896/,Film,5.9,97,2021,"Azione, Avventura, Poliziesco, Fantastico, Horror, Fantascienza, Thriller",311346,2021-10-14,"Andy Serkis",,
262,tt0087363,2026-09-02,2026-09-02,,"Gremlins","Gremlins",https://www.imdb.com/title/tt0087363/,Film,7.3,106,1984,"Commedia, Fantastico, Horror",277460,1984-11-16,"Joe Dante",,
263,tt0325980,2026-09-02,2026-09-02,,"La maledizione della prima luna","Pirates of the Caribbean: The Curse of the Black Pearl",https://www.imdb.com/title/tt0325980/,Film,8.1,143,2003,"Azione, Avventura, Fantastico",1345654,2003-09-05,"Gore Verbinski",,
264,tt3289956,2026-09-02,2026-09-02,,"Autopsy","The Autopsy of Jane Doe",https://www.imdb.com/title/tt3289956/,Film,6.8,86,2016,"Horror, Giallo, Thriller",168827,2017-03-08,"André Øvredal",,
265,tt2231554,2026-09-02,2026-09-02,,"ESP² - Fenomeni paranormali","Grave Encounters 2",https://www.imdb.com/title/tt2231554/,Film,5.1,98,2012,"Horror, Giallo",30702,2013-08-01,"John Poliquin",,
266,tt0884328,2026-09-02,2026-09-02,,"The Mist","The Mist",https://www.imdb.com/title/tt0884328/,Film,7.1,126,2007,"Horror, Fantascienza, Thriller",380281,2008-10-10,"Frank Darabont",,
267,tt0808279,2026-09-02,2026-09-02,,"Funny Games","Funny Games",https://www.imdb.com/title/tt0808279/,Film,6.5,111,2007,"Poliziesco, Drammatico, Thriller",111191,2008-07-11,"Michael Haneke",,
268,tt0453451,2026-09-02,2026-09-02,,"Mr. Bean's Holiday","Mr. Bean's Holiday",https://www.imdb.com/title/tt0453451/,Film,6.4,90,2007,"Commedia, Per famiglie",143287,2007-04-06,"Steve Bendelack",,
269,tt0898367,2026-09-02,2026-09-02,,"The Road","The Road",https://www.imdb.com/title/tt0898367/,Film,7.2,111,2009,"Drammatico, Thriller",273588,2010-05-28,"John Hillcoat",,
270,tt1127180,2026-09-02,2026-09-02,,"Drag Me to Hell","Drag Me to Hell",https://www.imdb.com/title/tt1127180/,Film,6.6,99,2009,"Horror",233109,2009-09-11,"Sam Raimi",,
271,tt1294699,2026-09-02,2026-09-02,,"Merlino e la battaglia dei draghi","Merlin and the War of the Dragons",https://www.imdb.com/title/tt1294699/,Video,3.5,92,2008,"Azione, Avventura, Drammatico, Fantastico",1447,2010-01-13,"Mark Atkins",,
272,tt1525835,2026-09-02,2026-09-02,,"Gantz - L'inizio","Gantz",https://www.imdb.com/title/tt1525835/,Film,6.4,130,2010,"Azione, Avventura, Drammatico, Fantastico, Horror, Giallo, Fantascienza",8821,2011-01-29,"Shinsuke Satô",,
273,tt1525836,2026-09-02,2026-09-02,,"Gantz Revolution","Gantz: Perfect Answer",https://www.imdb.com/title/tt1525836/,Film,6.2,141,2011,"Azione, Avventura, Drammatico, Horror, Giallo, Fantascienza",4999,2011-04-23,"Shinsuke Satô",,
274,tt2024544,2026-09-02,2026-09-02,,"12 anni schiavo","12 Years a Slave",https://www.imdb.com/title/tt2024544/,Film,8.1,134,2013,"Biografico, Drammatico, Storico",794611,2014-02-20,"Steve McQueen",,
275,tt1649443,2026-09-02,2026-09-02,,"[REC] 4","[Rec] 4: Apocalipsis",https://www.imdb.com/title/tt1649443/,Film,5.3,95,2014,"Azione, Avventura, Fantastico, Horror, Fantascienza, Thriller",23000,2014-10-31,"Jaume Balagueró",,
276,tt0088763,2026-09-02,2026-09-02,,"Ritorno al futuro","Back to the Future",https://www.imdb.com/title/tt0088763/,Film,8.5,116,1985,"Avventura, Commedia, Fantascienza",1475225,1985-10-18,"Robert Zemeckis",,
277,tt0096874,2026-09-02,2026-09-02,,"Ritorno al futuro - Parte II","Back to the Future Part II",https://www.imdb.com/title/tt0096874/,Film,7.8,108,1989,"Avventura, Commedia, Fantascienza",629329,1989-12-22,"Robert Zemeckis",,
278,tt0099088,2026-09-02,2026-09-02,,"Ritorno al futuro - Parte III","Back to the Future Part III",https://www.imdb.com/title/tt0099088/,Film,7.5,118,1990,"Avventura, Commedia, Fantascienza, Western",526310,1990-09-20,"Robert Zemeckis",,
279,tt0822832,2026-09-02,2026-09-02,,"Io & Marley","Marley & Me",https://www.imdb.com/title/tt0822832/,Film,7.0,111,2008,"Drammatico, Per famiglie",176902,2009-04-03,"David Frankel",,
280,tt1253864,2026-09-02,2026-09-02,,"Immortals","Immortals",https://www.imdb.com/title/tt1253864/,Film,6.0,110,2011,"Azione, Drammatico, Fantastico, Sentimentale",184898,2011-11-11,"Tarsem Singh",,
281,tt0930085,2026-09-02,2026-09-02,,"Olé","Olé",https://www.imdb.com/title/tt0930085/,Film,3.0,104,2006,"Commedia",755,2006-12-15,"Carlo Vanzina",,
282,tt1092026,2026-09-02,2026-09-02,,"Paul","Paul",https://www.imdb.com/title/tt1092026/,Film,6.9,104,2011,"Avventura, Commedia, Fantascienza",285340,2011-06-01,"Greg Mottola",,
283,tt1029234,2026-09-02,2026-09-02,,"Martyrs","Martyrs",https://www.imdb.com/title/tt1029234/,Film,7.0,99,2008,"Horror",122725,2009-06-12,"Pascal Laugier",,
284,tt1233301,2026-09-02,2026-09-02,,"Ironclad","Ironclad",https://www.imdb.com/title/tt1233301/,Film,6.1,121,2011,"Azione, Drammatico, Storico, Sentimentale, Guerra",45642,2011-03-04,"Jonathan English",,
285,tt0089960,2026-09-02,2026-09-02,,"Senza tetto né legge","Sans toit ni loi",https://www.imdb.com/title/tt0089960/,Film,7.6,105,1985,"Drammatico",16142,1986-03-01,"Agnès Varda",,
286,tt1291150,2026-09-02,2026-09-02,,"Tartarughe Ninja","Teenage Mutant Ninja Turtles",https://www.imdb.com/title/tt1291150/,Film,5.8,101,2014,"Animazione, Azione, Avventura, Commedia, Poliziesco, Per famiglie, Fantastico, Fantascienza",231990,2014-09-18,"Jonathan Liebesman",,
287,tt3949660,2026-09-02,2026-09-02,,"Tartarughe Ninja - Fuori dall'ombra","Teenage Mutant Ninja Turtles: Out of the Shadows",https://www.imdb.com/title/tt3949660/,Film,5.9,112,2016,"Azione, Avventura, Commedia, Poliziesco, Per famiglie, Fantastico, Fantascienza",107737,2016-07-07,"Dave Green",,
288,tt1320253,2026-09-02,2026-09-02,,"I mercenari - The Expendables","The Expendables",https://www.imdb.com/title/tt1320253/,Film,6.4,103,2010,"Azione, Avventura, Thriller",382988,2010-09-01,"Sylvester Stallone",,
289,tt2333784,2026-09-02,2026-09-02,,"I mercenari 3","The Expendables 3",https://www.imdb.com/title/tt2333784/,Film,6.1,126,2014,"Azione, Avventura, Thriller",207775,2014-09-04,"Patrick Hughes",,
290,tt1764651,2026-09-02,2026-09-02,,"I mercenari 2","The Expendables 2",https://www.imdb.com/title/tt1764651/,Film,6.6,103,2012,"Azione, Avventura, Thriller",336505,2012-08-17,"Simon West",,
291,tt0457275,2026-09-02,2026-09-02,,"Altered - Paura dallo spazio profondo","Altered",https://www.imdb.com/title/tt0457275/,Film,5.6,88,2006,"Horror, Fantascienza, Thriller",11403,2007-07-20,"Eduardo Sánchez",,
292,tt0490181,2026-09-02,2026-09-02,,"Mutant Chronicles","Mutant Chronicles",https://www.imdb.com/title/tt0490181/,Film,5.2,111,2008,"Azione, Avventura, Giallo, Fantascienza",27847,2008-10-10,"Simon Hunter",,
293,tt8242084,2026-09-02,2026-09-02,,"My Spy","My Spy",https://www.imdb.com/title/tt8242084/,Film,6.4,99,2020,"Azione, Commedia",42695,2020-09-03,"Peter Segal",,
294,tt7946422,2026-09-02,2026-09-02,,"Prospect","Prospect",https://www.imdb.com/title/tt7946422/,Film,6.3,100,2018,"Avventura, Drammatico, Fantascienza, Thriller",41306,2018-11-02,"Christopher Caldwell, Zeek Earl",,
295,tt2667380,2026-09-02,2026-09-02,,"Kill Command","Kill Command",https://www.imdb.com/title/tt2667380/,Film,5.7,99,2016,"Azione, Horror, Fantascienza, Thriller",16343,2016-05-13,"Steven Gomez",,
296,tt6469548,2026-09-02,2026-09-02,,"The Head Hunter","The Head Hunter",https://www.imdb.com/title/tt6469548/,Film,5.4,72,2018,"Fantastico, Horror",7863,2019-04-05,"Jordan Downey",,
297,tt0485976,2026-09-02,2026-09-02,,"Rob-B-Hood","Bo bui gai wak",https://www.imdb.com/title/tt0485976/,Film,6.6,136,2006,"Azione, Avventura, Commedia, Poliziesco, Drammatico, Per famiglie, Thriller",17248,2006-09-29,"Benny Chan",,
298,tt0848538,2026-09-02,2026-09-02,,"Shaolin Basket","Gong fu guan lan",https://www.imdb.com/title/tt0848538/,Film,4.8,100,2008,"Azione, Commedia, Sportivo",3957,2008-02-06,"Yen-Ping Chu",,
299,tt1034032,2026-09-02,2026-09-02,,"Gamer","Gamer",https://www.imdb.com/title/tt1034032/,Film,5.7,95,2009,"Azione, Fantascienza, Thriller",144651,2010-03-19,"Mark Neveldine, Brian Taylor",,
300,tt2283362,2026-09-02,2026-09-02,,"Jumanji - Benvenuti nella giungla","Jumanji: Welcome to the Jungle",https://www.imdb.com/title/tt2283362/,Film,6.9,119,2017,"Azione, Avventura, Commedia, Fantastico",511975,2018-01-01,"Jake Kasdan",,
301,tt7975244,2026-09-02,2026-09-02,,"Jumanji - The Next Level","Jumanji: The Next Level",https://www.imdb.com/title/tt7975244/,Film,6.6,123,2019,"Azione, Avventura, Commedia, Fantastico",325187,2019-12-25,"Jake Kasdan",,
302,tt2543164,2026-09-02,2026-09-02,,"Arrival","Arrival",https://www.imdb.com/title/tt2543164/,Film,7.9,116,2016,"Drammatico, Giallo, Fantascienza",879586,2017-01-19,"Denis Villeneuve",,
303,tt2771800,2026-09-02,2026-09-02,,"Il Cacciatore di Vampiri","Geung see",https://www.imdb.com/title/tt2771800/,Film,6.3,103,2013,"Azione, Fantastico, Horror",7077,2013-10-24,"Juno Mak",,
304,tt5371572,2026-09-02,2026-09-02,,"LEGO Marvel Super Heroes: Il ritorno degli Avengers","Lego Marvel Super Heroes: Avengers Reassembled!",https://www.imdb.com/title/tt5371572/,Cortometraggio per la TV,6.1,22,2015,"Animazione, Cortometraggio, Azione, Avventura, Commedia, Fantascienza",1249,2015-11-16,"Rob Silvestri",,
305,tt4189294,2026-09-02,2026-09-02,,"LEGO: Justice league vs Bizzarro league","Lego DC Comics Super Heroes: Batman Be-Leaguered",https://www.imdb.com/title/tt4189294/,Video,6.4,22,2014,"Animazione, Cortometraggio, Azione, Avventura, Commedia, Per famiglie, Fantascienza",1892,2014-10-27,"Rick Morales",,
306,tt3322904,2026-09-02,2026-09-02,,"LEGO Marvel Super Heroes: Sovralimentazione massima","Lego Marvel Super Heroes: Maximum Overload",https://www.imdb.com/title/tt3322904/,Mini serie TV,6.3,22,2013,"Animazione, Cortometraggio, Azione, Avventura, Commedia, Per famiglie, Fantastico, Fantascienza",1890,2013-11-05,,,
307,tt7387224,2026-09-02,2026-09-02,,"Lego Marvel Super Heroes: Guardians of the Galaxy - The Thanos Threat","Lego Marvel Super Heroes: Guardians of the Galaxy - The Thanos Threat",https://www.imdb.com/title/tt7387224/,Cortometraggio per la TV,5.8,22,2017,"Animazione, Cortometraggio, Azione, Avventura, Commedia, Fantastico, Fantascienza",679,2017-11,"Michael D. Black",,
308,tt1464580,2026-09-02,2026-09-02,,"Stake Land","Stake Land",https://www.imdb.com/title/tt1464580/,Film,6.4,98,2010,"Drammatico, Horror",46053,2011-06-17,"Jim Mickle",,
309,tt5843670,2026-09-02,2026-09-02,,"Stake Land II","Stake Land II",https://www.imdb.com/title/tt5843670/,Film,5.3,81,2016,"Drammatico, Horror",4420,2017-02-07,"Dan Berk, Robert Olsen",,
310,tt2299206,2026-09-02,2026-09-02,,"The Station - Ghiacciaio di sangue","Blutgletscher",https://www.imdb.com/title/tt2299206/,Film,5.4,98,2013,"Horror, Giallo, Fantascienza, Thriller",4452,2013-09-27,"Marvin Kren",,
311,tt0111127,2026-09-02,2026-09-02,,"La signora ammazzatutti","Serial Mom",https://www.imdb.com/title/tt0111127/,Film,6.9,95,1994,"Commedia, Poliziesco, Thriller",38515,1994-11-25,"John Waters",,
312,tt5628418,2026-09-02,2026-09-02,,"La principessa e il gigante","Askeladden: I Dovregubbens hall",https://www.imdb.com/title/tt5628418/,Film,6.2,104,2017,"Avventura, Per famiglie, Fantastico",4953,2017-09-29,"Mikkel Brænne Sandemose",,
313,tt1470827,2026-09-02,2026-09-02,,"Monsters","Monsters",https://www.imdb.com/title/tt1470827/,Film,6.3,94,2010,"Avventura, Drammatico, Sentimentale, Fantascienza, Thriller",102421,2011-03-04,"Gareth Edwards",,
314,tt0346811,2026-09-02,2026-09-02,,"La maledizione di Komodo","The Curse of the Komodo",https://www.imdb.com/title/tt0346811/,Video,3.0,92,2004,"Avventura, Horror, Fantascienza",1794,2005-01-21,"Jim Wynorski",,
315,tt5462326,2026-09-02,2026-09-02,,"Mom and Dad","Mom and Dad",https://www.imdb.com/title/tt5462326/,Film,5.6,86,2017,"Commedia, Horror, Thriller",29983,2018-03-09,"Brian Taylor",,
316,tt0108500,2026-09-02,2026-09-02,,"I visitatori","Les visiteurs",https://www.imdb.com/title/tt0108500/,Film,7.0,107,1993,"Commedia, Fantastico",41543,1994-11-10,"Jean-Marie Poiré",,
317,tt0189192,2026-09-02,2026-09-02,,"I visitatori alla conquista dell'America","Just Visiting",https://www.imdb.com/title/tt0189192/,Film,5.7,88,2001,"Avventura, Commedia, Fantastico",21368,2001-04-06,"Jean-Marie Poiré",,
318,tt0120882,2026-09-02,2026-09-02,,"I visitatori 2: Ritorno al passato","Les couloirs du temps: Les visiteurs II",https://www.imdb.com/title/tt0120882/,Film,6.1,118,1998,"Commedia, Fantastico",14694,2000-01-21,"Jean-Marie Poiré",,
319,tt2441982,2026-09-02,2026-09-02,,"I visitatori 3 - Liberté, egalité, fraternité","Les visiteurs: La révolution",https://www.imdb.com/title/tt2441982/,Film,4.6,110,2016,"Commedia, Fantastico",5420,2016-04-06,"Jean-Marie Poiré",,
320,tt0082100,2026-09-02,2026-09-02,,"Il tempo delle mele","La boum",https://www.imdb.com/title/tt0082100/,Film,6.7,110,1980,"Commedia, Drammatico, Sentimentale",12064,1981-11-07,"Claude Pinoteau",,
321,tt0082176,2026-09-02,2026-09-02,,"Christiane F. - Noi, i ragazzi dello zoo di Berlino","Christiane F.: Wir Kinder vom Bahnhof Zoo",https://www.imdb.com/title/tt0082176/,Film,7.5,138,1981,"Biografico, Drammatico",35942,1981-06,"Uli Edel",,
322,tt0418279,2026-09-02,2026-09-02,,"Transformers","Transformers",https://www.imdb.com/title/tt0418279/,Film,7.1,144,2007,"Azione, Avventura, Fantascienza",726730,2007-06-28,"Michael Bay",,
323,tt2109248,2026-09-02,2026-09-02,,"Transformers 4 - L'era dell'estinzione","Transformers: Age of Extinction",https://www.imdb.com/title/tt2109248/,Film,5.6,165,2014,"Azione, Avventura, Commedia, Fantascienza, Thriller",353597,2014-07-16,"Michael Bay",,
324,tt1399103,2026-09-02,2026-09-02,,"Transformers 3","Transformers: Dark of the Moon",https://www.imdb.com/title/tt1399103/,Film,6.2,154,2011,"Azione, Avventura, Commedia, Fantascienza, Thriller",460426,2011-06-29,"Michael Bay",,
325,tt3371366,2026-09-02,2026-09-02,,"Transformers - L'ultimo cavaliere","Transformers: The Last Knight",https://www.imdb.com/title/tt3371366/,Film,5.2,154,2017,"Azione, Avventura, Commedia, Fantascienza, Thriller",189355,2017-06-22,"Michael Bay",,
326,tt5090568,2026-09-02,2026-09-02,,"Transformers - Il risveglio","Transformers: Rise of the Beasts",https://www.imdb.com/title/tt5090568/,Film,6.0,127,2023,"Azione, Avventura, Fantascienza",134007,2023-06-07,"Steven Caple Jr.",,
327,tt4701182,2026-09-02,2026-09-02,,"Bumblebee","Bumblebee",https://www.imdb.com/title/tt4701182/,Film,6.7,114,2018,"Azione, Avventura, Fantascienza",211945,2018-12-20,"Travis Knight",,
328,tt0770828,2026-09-02,2026-09-02,,"L'uomo d'acciaio","Man of Steel",https://www.imdb.com/title/tt0770828/,Film,7.1,143,2013,"Azione, Avventura, Fantascienza",876714,2013-06-20,"Zack Snyder",,
329,tt1386697,2026-09-02,2026-09-02,,"Suicide Squad","Suicide Squad",https://www.imdb.com/title/tt1386697/,Film,5.9,123,2016,"Azione, Avventura, Fantastico, Fantascienza",766681,2016-08-13,"David Ayer",,
330,tt6443346,2026-09-02,2026-09-02,,"Black Adam","Black Adam",https://www.imdb.com/title/tt6443346/,Film,6.1,125,2022,"Azione, Avventura, Fantastico, Fantascienza",308595,2022-10-20,"Jaume Collet-Serra",,
331,tt9663764,2026-09-02,2026-09-02,,"Aquaman e il regno perduto","Aquaman and the Lost Kingdom",https://www.imdb.com/title/tt9663764/,Film,5.6,124,2023,"Azione, Avventura, Fantastico, Fantascienza",121791,2023-12-25,"James Wan",,
332,tt1877830,2026-09-02,2026-09-02,,"The Batman","The Batman",https://www.imdb.com/title/tt1877830/,Film,7.8,176,2022,"Azione, Poliziesco, Drammatico, Giallo",948822,2022-03-03,"Matt Reeves",,
333,tt20969586,2026-09-02,2026-09-02,,"Thunderbolts*","Thunderbolts*",https://www.imdb.com/title/tt20969586/,Film,7.1,127,2025,"Azione, Avventura, Poliziesco, Drammatico, Fantastico, Fantascienza",304371,2025-04-30,"Jake Schreier",,
334,tt0448115,2026-09-02,2026-09-02,,"Shazam!","Shazam!",https://www.imdb.com/title/tt0448115/,Film,7.0,132,2019,"Azione, Avventura, Commedia, Fantastico",418424,2019-04-03,"David F. Sandberg",,
335,tt0800369,2026-09-02,2026-09-02,,"Thor","Thor",https://www.imdb.com/title/tt0800369/,Film,7.0,115,2011,"Azione, Fantastico",983876,2011-04-27,"Kenneth Branagh",,
336,tt6710474,2026-09-02,2026-09-02,,"Everything Everywhere All at Once","Everything Everywhere All at Once",https://www.imdb.com/title/tt6710474/,Film,7.7,139,2022,"Azione, Avventura, Commedia, Drammatico, Fantastico, Fantascienza",661154,2022-10-06,"Daniel Kwan, Daniel Scheinert",,
337,tt1055369,2026-09-02,2026-09-02,,"Transformers - La vendetta del caduto","Transformers: Revenge of the Fallen",https://www.imdb.com/title/tt1055369/,Film,6.0,149,2009,"Azione, Avventura, Fantascienza",458615,2009-06-26,"Michael Bay",,
338,tt0060028,2026-09-02,2026-09-02,,"Star Trek","Star Trek",https://www.imdb.com/title/tt0060028/,Serie TV,8.4,50,1966,"Azione, Avventura, Fantascienza",102028,1979-05-01,,,
339,tt0796366,2026-09-02,2026-09-02,,"Star Trek","Star Trek",https://www.imdb.com/title/tt0796366/,Film,7.9,127,2009,"Azione, Avventura, Fantascienza",641296,2009-05-08,"J.J. Abrams",,
340,tt0092455,2026-09-02,2026-09-02,,"Star Trek: The Next Generation","Star Trek: The Next Generation",https://www.imdb.com/title/tt0092455/,Serie TV,8.7,45,1987,"Azione, Avventura, Drammatico, Fantascienza",151499,1991-06-27,,,
341,tt0112178,2026-09-02,2026-09-02,,"Star Trek: Voyager","Star Trek: Voyager",https://www.imdb.com/title/tt0112178/,Serie TV,7.9,44,1995,"Azione, Avventura, Drammatico, Fantascienza, Thriller",85359,1997-09-29,,,
342,tt0244365,2026-09-02,2026-09-02,,"Star Trek: Enterprise","Enterprise",https://www.imdb.com/title/tt0244365/,Serie TV,7.6,60,2001,"Azione, Avventura, Drammatico, Fantascienza",65094,2003-07-06,,,
343,tt8806524,2026-09-02,2026-09-02,,"Star Trek: Picard","Star Trek: Picard",https://www.imdb.com/title/tt8806524/,Serie TV,7.5,46,2020,"Azione, Avventura, Drammatico, Fantascienza",102525,2020-01-24,,,
344,tt8111088,2026-09-02,2026-09-02,,"The Mandalorian","The Mandalorian",https://www.imdb.com/title/tt8111088/,Serie TV,8.6,40,2019,"Azione, Avventura, Fantastico, Fantascienza",665919,2020-03-24,,,
345,tt3322312,2026-09-02,2026-09-02,,"Daredevil","Daredevil",https://www.imdb.com/title/tt3322312/,Serie TV,8.6,60,2015,"Azione, Poliziesco, Drammatico, Fantascienza, Thriller",541966,2015-10-22,,,
346,tt8466564,2026-09-02,2026-09-02,,"Obi-Wan Kenobi","Obi-Wan Kenobi",https://www.imdb.com/title/tt8466564/,Mini serie TV,7.0,45,2022,"Azione, Avventura, Fantascienza",267035,2022-05-27,,,
347,tt0458290,2026-09-02,2026-09-02,,"Star Wars: The Clone Wars","Star Wars: The Clone Wars",https://www.imdb.com/title/tt0458290/,Serie TV,8.5,23,2008,"Animazione, Azione, Avventura, Drammatico, Fantastico, Fantascienza",148384,2009-02-13,,,
348,tt9140554,2026-09-02,2026-09-02,,"Loki","Loki",https://www.imdb.com/title/tt9140554/,Serie TV,8.2,50,2021,"Azione, Avventura, Fantastico, Fantascienza",486295,2021-06-09,,,
349,tt0118799,2026-09-02,2026-09-02,,"La vita è bella","La vita è bella",https://www.imdb.com/title/tt0118799/,Film,8.6,116,1997,"Commedia, Drammatico, Sentimentale, Guerra",822639,1997-12-20,"Roberto Benigni",,
350,tt5691552,2026-09-02,2026-09-02,,"The Orville","The Orville",https://www.imdb.com/title/tt5691552/,Serie TV,8.0,45,2017,"Avventura, Commedia, Fantascienza",110756,2018-01-11,,,
351,tt1211837,2026-09-02,2026-09-02,,"Doctor Strange","Doctor Strange",https://www.imdb.com/title/tt1211837/,Film,7.5,115,2016,"Azione, Avventura, Fantastico, Fantascienza",897277,2016-10-26,"Scott Derrickson",,
352,tt0059792,2026-09-02,2026-09-02,,"Terrore nello spazio","Terrore nello spazio",https://www.imdb.com/title/tt0059792/,Film,6.2,88,1965,"Azione, Avventura, Horror, Fantascienza",8348,1965-09-15,"Mario Bava",,
353,tt1123948,2026-09-02,2026-09-02,,"Lillo e Greg - The movie!","Lillo e Greg - The movie!",https://www.imdb.com/title/tt1123948/,Film,6.2,71,2007,"Commedia",136,2007-07-25,"Luca Rea",,
354,tt1038988,2026-09-02,2026-09-02,,"Rec","[Rec]",https://www.imdb.com/title/tt1038988/,Film,7.4,78,2007,"Horror, Giallo, Thriller",220170,2008-02-28,"Jaume Balagueró, Paco Plaza",,
355,tt1245112,2026-09-02,2026-09-02,,"[Rec]²","(Rec)²",https://www.imdb.com/title/tt1245112/,Film,6.5,85,2009,"Horror, Thriller",85627,2010-01-05,"Jaume Balagueró, Paco Plaza",,
356,tt1649444,2026-09-02,2026-09-02,,"[Rec]³ - La genesi","[Rec]³: Génesis",https://www.imdb.com/title/tt1649444/,Film,5.0,80,2012,"Azione, Avventura, Fantastico, Horror, Fantascienza, Thriller",41857,2013-01-17,"Paco Plaza",,
357,tt1082868,2026-09-02,2026-09-02,,"Quarantena","Quarantine",https://www.imdb.com/title/tt1082868/,Film,6.0,89,2008,"Horror, Fantascienza, Thriller",84677,2009-01-30,"John Erick Dowdle",,
358,tt0387564,2026-09-02,2026-09-02,,"Saw - L'enigmista","Saw",https://www.imdb.com/title/tt0387564/,Film,7.6,103,2004,"Horror, Giallo, Thriller",516864,2005-01-14,"James Wan",,
359,tt1733105,2026-09-02,2026-09-02,,"Bekas","Bekas",https://www.imdb.com/title/tt1733105/,Film,7.5,97,2012,"Avventura, Drammatico",6489,2015-03-19,"Karzan Kader",,
360,tt0431021,2026-09-02,2026-09-02,,"The Possession","The Possession",https://www.imdb.com/title/tt0431021/,Film,5.9,92,2012,"Horror, Giallo, Thriller",66388,2012-10-25,"Ole Bornedal",,
361,tt1408101,2026-09-02,2026-09-02,,"Into Darkness - Star Trek","Star Trek Into Darkness",https://www.imdb.com/title/tt1408101/,Film,7.7,132,2013,"Azione, Avventura, Fantascienza",512569,2013-06-12,"J.J. Abrams",,
362,tt2660888,2026-09-02,2026-09-02,,"Star Trek: Beyond","Star Trek Beyond",https://www.imdb.com/title/tt2660888/,Film,7.0,122,2016,"Azione, Avventura, Fantascienza, Thriller",271930,2016-07-21,"Justin Lin",,
363,tt1781922,2026-09-02,2026-09-02,,"No Escape - Colpo di stato","No Escape",https://www.imdb.com/title/tt1781922/,Film,6.8,103,2015,"Azione, Avventura, Drammatico, Thriller",99607,2015-09-10,"John Erick Dowdle",,
364,tt3808342,2026-09-02,2026-09-02,,"Il figlio di Saul","Saul fia",https://www.imdb.com/title/tt3808342/,Film,7.4,107,2015,"Drammatico, Guerra",54858,2016-01-21,"László Nemes",,
365,tt0108052,2026-09-02,2026-09-02,,"Schindler's List","Schindler's List",https://www.imdb.com/title/tt0108052/,Film,9.0,196,1993,"Biografico, Drammatico, Storico",1602848,1994-03-11,"Steven Spielberg",,
366,tt1273235,2026-09-03,2026-09-03,,"Srpski film","Srpski film",https://www.imdb.com/title/tt1273235/,Film,4.9,104,2010,"Horror, Giallo, Thriller",81616,2011-09-30,"Srdjan Spasojevic",,
367,tt0487928,2026-09-03,2026-09-03,,"Dante 01 - Benvenuti all'inferno","Dante 01",https://www.imdb.com/title/tt0487928/,Film,4.8,82,2008,"Avventura, Drammatico, Fantascienza, Thriller",6095,2008-07-25,"Marc Caro",,
368,tt3013602,2026-09-03,2026-09-03,,"Babysitting - Una notte che spacca","Babysitting",https://www.imdb.com/title/tt3013602/,Film,6.8,85,2014,"Commedia",13858,2014-07-03,"Nicolas Benamou, Philippe Lacheau",,
369,tt0454848,2026-09-03,2026-09-03,,"Inside Man","Inside Man",https://www.imdb.com/title/tt0454848/,Film,7.6,129,2006,"Poliziesco, Drammatico, Giallo, Thriller",429263,2006-04-07,"Spike Lee",,
370,tt0455760,2026-09-03,2026-09-03,,"Dead Silence","Dead Silence",https://www.imdb.com/title/tt0455760/,Film,6.2,89,2007,"Horror, Giallo, Thriller",109747,2007-03-16,"James Wan",,
371,tt1149361,2026-09-03,2026-09-03,,"L'esplosivo piano di Bazil","Micmacs à tire-larigot",https://www.imdb.com/title/tt1149361/,Film,7.1,105,2009,"Azione, Commedia, Poliziesco",32214,2010-12-17,"Jean-Pierre Jeunet",,
372,tt6902676,2026-09-03,2026-09-03,,"Guns Akimbo","Guns Akimbo",https://www.imdb.com/title/tt6902676/,Film,6.3,98,2019,"Azione, Commedia, Poliziesco, Thriller",79131,2020-02-28,"Jason Lei Howden",,
373,tt3409392,2026-09-03,2026-09-03,,"Timbuktu","Timbuktu",https://www.imdb.com/title/tt3409392/,Film,7.1,96,2014,"Drammatico, Guerra",19096,2015-02-12,"Abderrahmane Sissako",,
374,tt0099785,2026-09-03,2026-09-03,,"Mamma, ho perso l'aereo","Home Alone",https://www.imdb.com/title/tt0099785/,Film,7.8,103,1990,"Commedia, Per famiglie",754761,1991-01-18,"Chris Columbus",,
375,tt0104431,2026-09-03,2026-09-03,,"Mamma, ho riperso l'aereo: Mi sono smarrito a New York","Home Alone 2: Lost in New York",https://www.imdb.com/title/tt0104431/,Film,6.9,120,1992,"Avventura, Commedia, Poliziesco, Per famiglie",462342,1992-12-18,"Chris Columbus",,
376,tt0107048,2026-09-03,2026-09-03,,"Ricomincio da capo","Groundhog Day",https://www.imdb.com/title/tt0107048/,Film,8.0,101,1993,"Commedia, Drammatico, Fantastico, Sentimentale",740839,1993-04-08,"Harold Ramis",,
377,tt0250687,2026-09-03,2026-09-03,,"Rat Race","Rat Race",https://www.imdb.com/title/tt0250687/,Film,6.5,112,2001,"Azione, Avventura, Commedia",131772,2002-01-11,"Jerry Zucker",,
378,tt0110475,2026-09-03,2026-09-03,,"The Mask - Da zero a mito","The Mask",https://www.imdb.com/title/tt0110475/,Film,7.0,101,1994,"Commedia, Poliziesco, Fantastico",477165,1994-12-16,"Chuck Russell",,
379,tt0106701,2026-09-03,2026-09-03,,"Dennis la minaccia","Dennis the Menace",https://www.imdb.com/title/tt0106701/,Film,5.7,94,1993,"Commedia, Per famiglie",69927,1993-06-25,"Nick Castle",,
380,tt0119528,2026-09-03,2026-09-03,,"Bugiardo bugiardo","Liar Liar",https://www.imdb.com/title/tt0119528/,Film,6.9,86,1997,"Commedia, Fantastico",366711,1997-04-24,"Tom Shadyac",,
381,tt3838034,2026-09-03,2026-09-03,,"Alone","Seuls",https://www.imdb.com/title/tt3838034/,Film,5.1,98,2017,"Avventura, Per famiglie, Fantastico, Horror, Fantascienza, Thriller",1973,2017-02-08,"David Moreau",,
382,tt0073195,2026-09-03,2026-09-03,,"Lo squalo","Jaws",https://www.imdb.com/title/tt0073195/,Film,8.1,124,1975,"Avventura, Drammatico, Horror, Thriller",749824,1975-12-19,"Steven Spielberg",,
383,tt0071275,2026-09-03,2026-09-03,,"Cani arrabbiati","Cani arrabbiati",https://www.imdb.com/title/tt0071275/,Film,7.4,96,1974,"Poliziesco, Drammatico, Thriller",5990,1998-02-25,"Mario Bava",,
384,tt3007006,2026-09-03,2026-09-03,,"Secchi","Secchi",https://www.imdb.com/title/tt3007006/,Corto,7.2,12,2013,"Animazione, Cortometraggio, Commedia, Per famiglie, Fantastico",26,2013-09-02,"Edoardo Natoli",,
385,tt0128137,2026-09-03,2026-09-03,,"The Confession","The Confession",https://www.imdb.com/title/tt0128137/,Film,6.0,114,1999,"Drammatico, Thriller",2984,1999-01-22,"David Hugh Jones",,
386,tt0756683,2026-09-03,2026-09-03,,"L'uomo che venne dalla Terra","The Man from Earth",https://www.imdb.com/title/tt0756683/,Film,7.8,87,2007,"Drammatico, Fantastico, Giallo, Fantascienza",221113,2007-11-13,"Richard Schenkman",,
387,tt1707386,2026-09-03,2026-09-03,,"Les Misérables","Les Misérables",https://www.imdb.com/title/tt1707386/,Film,7.5,158,2012,"Drammatico, Musical, Sentimentale",364943,2013-01-31,"Tom Hooper",,
388,tt0795421,2026-09-03,2026-09-03,,"Mamma Mia!","Mamma Mia!",https://www.imdb.com/title/tt0795421/,Film,6.5,108,2008,"Commedia, Musical, Sentimentale",312091,2008-10-03,"Phyllida Lloyd",,
389,tt1599348,2026-09-03,2026-09-03,,"Safe House - Nessuno è al sicuro","Safe House",https://www.imdb.com/title/tt1599348/,Film,6.7,115,2012,"Azione, Thriller",251043,2012-03-02,"Daniel Espinosa",,
390,tt0049866,2026-09-03,2026-09-03,,"Totò, Peppino e la... malafemmina","Totò, Peppino e la... malafemmina",https://www.imdb.com/title/tt0049866/,Film,7.7,106,1956,"Commedia, Musical, Sentimentale",2341,1956-08-14,"Camillo Mastrocinque",,
391,tt0892769,2026-09-03,2026-09-03,,"Dragon Trainer","How to Train Your Dragon",https://www.imdb.com/title/tt0892769/,Film,8.1,98,2010,"Animazione, Azione, Avventura, Per famiglie, Fantastico",908634,2010-03-26,"Dean DeBlois, Chris Sanders",,
392,tt1217209,2026-09-03,2026-09-03,,"Ribelle: The Brave","Brave",https://www.imdb.com/title/tt1217209/,Film,7.1,93,2012,"Animazione, Azione, Avventura, Commedia, Drammatico, Per famiglie, Fantastico, Giallo",485511,2012-09-05,"Mark Andrews, Brenda Chapman, Steve Purcell",,
393,tt3521164,2026-09-03,2026-09-03,,"Oceania","Moana",https://www.imdb.com/title/tt3521164/,Film,7.6,107,2016,"Animazione, Avventura, Commedia, Per famiglie, Fantastico, Musical",450302,2016-12-22,"Ron Clements, John Musker, Don Hall, Chris Williams",,
394,tt7860228,2026-09-03,2026-09-03,,"How to Save Your Darling","How to Save Your Darling",https://www.imdb.com/title/tt7860228/,Corto,6.7,6,2016,"Cortometraggio, Commedia",19,2016-09-25,"Leopoldo Caggiano",,
395,tt10502664,2026-09-03,2026-09-03,,"Crisalide","Crisalide",https://www.imdb.com/title/tt10502664/,Corto,,10,2019,"Cortometraggio",0,,"Beatrice Nalin",,
396,tt5075850,2026-09-03,2026-09-03,,"Dear Susie","Dear Susie",https://www.imdb.com/title/tt5075850/,Corto,6.9,3,2015,"Cortometraggio, Commedia, Drammatico, Sentimentale",33,2015-06,"Leopoldo Caggiano",,
397,tt13306768,2026-09-03,2026-09-03,,"Saturday","Saturday",https://www.imdb.com/title/tt13306768/,Corto,7.3,3,2016,"Cortometraggio, Commedia",23,2016-07-31,"Leopoldo Caggiano",,
398,tt13420724,2026-09-03,2026-09-03,,"La finestra sul mare","La finestra sul mare",https://www.imdb.com/title/tt13420724/,Corto,5.5,13,2020,"Cortometraggio",8,2020-09-13,"Gianlorenzo Grassi",,
399,tt3061836,2026-09-03,2026-09-03,,"Cub - Piccole prede","Welp",https://www.imdb.com/title/tt3061836/,Film,5.9,84,2014,"Avventura, Horror",6500,2014-11-27,"Jonas Govaerts",,
400,tt1058017,2026-09-03,2026-09-03,,"Il primo dei bugiardi","The Invention of Lying",https://www.imdb.com/title/tt1058017/,Film,6.4,100,2009,"Commedia, Fantastico, Sentimentale",158391,2009-10-02,"Ricky Gervais, Matthew Robinson",,
401,tt0473705,2026-09-03,2026-09-03,,"State of Play","State of Play",https://www.imdb.com/title/tt0473705/,Film,7.1,127,2009,"Poliziesco, Drammatico, Giallo, Thriller",167479,2009-04-30,"Kevin Macdonald",,
402,tt1524137,2026-09-03,2026-09-03,,"Contraband","Contraband",https://www.imdb.com/title/tt1524137/,Film,6.4,109,2012,"Azione, Avventura, Poliziesco, Drammatico, Giallo, Thriller",129835,2012-07-25,"Baltasar Kormákur",,
403,tt0338526,2026-09-03,2026-09-03,,"Van Helsing","Van Helsing",https://www.imdb.com/title/tt0338526/,Film,6.1,131,2004,"Azione, Avventura, Fantastico, Thriller",309870,2004-05-07,"Stephen Sommers",,
404,tt5953804,2026-09-03,2026-09-03,,"Diggers","Diggery",https://www.imdb.com/title/tt5953804/,Film,3.6,80,2016,"Horror",654,2016-08-11,"Tikhon Kornev",,
405,tt0257106,2026-09-03,2026-09-03,,"Scary Movie 2","Scary Movie 2",https://www.imdb.com/title/tt0257106/,Film,5.4,83,2001,"Commedia, Horror",200398,2001-10-12,"Keenen Ivory Wayans",,
406,tt1213644,2026-09-03,2026-09-03,,"Disaster Movie","Disaster Movie",https://www.imdb.com/title/tt1213644/,Film,1.9,87,2008,"Commedia, Fantascienza",98470,2008-10-10,"Jason Friedberg, Aaron Seltzer",,
407,tt0306047,2026-09-03,2026-09-03,,"Scary Movie 3 - Una risata vi seppellirà","Scary Movie 3",https://www.imdb.com/title/tt0306047/,Film,5.6,84,2003,"Commedia",177391,2004-02-20,"David Zucker",,
408,tt0795461,2026-09-03,2026-09-03,,"Scary Movie 5","Scary Movie 5",https://www.imdb.com/title/tt0795461/,Film,3.6,88,2013,"Commedia, Horror",87511,2013-04-18,"Malcolm D. Lee, David Zucker",,
409,tt0362120,2026-09-03,2026-09-03,,"Scary Movie 4","Scary Movie 4",https://www.imdb.com/title/tt0362120/,Film,5.1,83,2006,"Commedia",143834,2006-04-21,"David Zucker",,
410,tt0089013,2026-09-03,2026-09-03,,"Dèmoni","Dèmoni",https://www.imdb.com/title/tt0089013/,Film,6.6,88,1985,"Horror",30012,1985-10-04,"Lamberto Bava",,
411,tt0090930,2026-09-03,2026-09-03,,"Dèmoni 2... l'incubo ritorna","Dèmoni 2... l'incubo ritorna",https://www.imdb.com/title/tt0090930/,Film,5.9,92,1986,"Horror",13514,1986-10-09,"Lamberto Bava",,
412,tt0815241,2026-09-03,2026-09-03,,"Religiolus - Vedere per credere","Religulous",https://www.imdb.com/title/tt0815241/,Film,7.6,101,2008,"Documentario, Commedia, Guerra",60847,2009-02-13,"Larry Charles",,
413,tt2268458,2026-09-03,2026-09-03,,"These Final Hours - 12 ore alla fine","These Final Hours",https://www.imdb.com/title/tt2268458/,Film,6.6,87,2013,"Drammatico, Fantascienza, Thriller",20545,2014-11-20,"Zak Hilditch",,
414,tt11134554,2026-09-03,2026-09-03,,"I, Pastafari","I, Pastafari",https://www.imdb.com/title/tt11134554/,Film,6.9,56,2019,"Documentario",694,2019-10-05,"Michael Arthur",,
415,tt2274648,2026-09-03,2026-09-03,,"Hellboy","Hellboy",https://www.imdb.com/title/tt2274648/,Film,5.3,120,2019,"Azione, Avventura, Fantastico, Horror, Fantascienza, Thriller",108444,2019-04-11,"Neil Marshall",,
416,tt0167190,2026-09-03,2026-09-03,,"Hellboy","Hellboy",https://www.imdb.com/title/tt0167190/,Film,6.9,122,2004,"Azione, Avventura, Fantastico, Horror, Fantascienza",373139,2004-10-08,"Guillermo del Toro",,
417,tt0411477,2026-09-03,2026-09-03,,"Hellboy: The Golden Army","Hellboy II: The Golden Army",https://www.imdb.com/title/tt0411477/,Film,7.0,120,2008,"Azione, Avventura, Fantastico, Horror, Fantascienza",300413,2008-07-16,"Guillermo del Toro",,
418,tt0817910,2026-09-03,2026-09-03,,"Hellboy Animated: Blood and Iron","Hellboy Animated: Blood and Iron",https://www.imdb.com/title/tt0817910/,Film per la TV,6.6,75,2007,"Animazione, Azione, Avventura, Fantastico, Horror, Fantascienza",4795,2007-03-10,"Victor Cook, Tad Stones",,
419,tt0364970,2026-09-03,2026-09-03,,"Babylon A.D.","Babylon A.D.",https://www.imdb.com/title/tt0364970/,Film,5.5,90,2008,"Azione, Avventura, Fantascienza, Thriller",101292,2008-10-24,"Mathieu Kassovitz",,
420,tt5709188,2026-09-03,2026-09-03,,"A-X-L - Un'amicizia extraordinaria","A-X-L",https://www.imdb.com/title/tt5709188/,Film,5.3,98,2018,"Azione, Avventura, Drammatico, Per famiglie, Fantascienza, Sportivo, Thriller",14780,2018-10-11,"Oliver Daly",,
421,tt0398808,2026-09-03,2026-09-03,,"Un ponte per Terabithia","Bridge to Terabithia",https://www.imdb.com/title/tt0398808/,Film,7.2,96,2007,"Drammatico, Per famiglie, Fantastico",194594,2007-03-30,"Gabor Csupo",,
422,tt6175394,2026-09-03,2026-09-03,,"The last warrior","Posledniy bogatyr",https://www.imdb.com/title/tt6175394/,Film,6.4,114,2017,"Avventura, Commedia, Per famiglie, Fantastico",4140,2017-10-26,"Dmitriy Dyachenko",,
423,tt0762125,2026-09-03,2026-09-03,,"Planet 51","Planet 51",https://www.imdb.com/title/tt0762125/,Film,6.0,91,2009,"Animazione, Avventura, Commedia, Per famiglie, Fantastico, Fantascienza",62648,2009-11-20,"Jorge Blanco, Javier Abad, Marcos Martínez",,
424,tt0306892,2026-09-03,2026-09-03,,"George and the Dragon","George and the Dragon",https://www.imdb.com/title/tt0306892/,Film,5.6,93,2004,"Azione, Avventura, Commedia, Fantastico, Sentimentale",4769,2005-08-05,"Tom Reeve",,
425,tt0097289,2026-09-03,2026-09-03,,"Erik il vikingo","Erik the Viking",https://www.imdb.com/title/tt0097289/,Film,6.2,107,1989,"Avventura, Commedia, Fantastico",15357,1989-09-01,"Terry Jones",,
426,tt1483025,2026-09-03,2026-09-03,,"Planet Hulk","Planet Hulk",https://www.imdb.com/title/tt1483025/,Video,6.7,81,2010,"Animazione, Azione, Avventura, Drammatico, Fantascienza",14557,2010-02-02,"Frank Paur, Sam Liu",,
427,tt1054606,2026-09-03,2026-09-03,,"Parnassus - L'uomo che voleva ingannare il diavolo","The Imaginarium of Doctor Parnassus",https://www.imdb.com/title/tt1054606/,Film,6.7,123,2009,"Avventura, Commedia, Fantastico, Giallo",158322,2009-10-23,"Terry Gilliam",,
428,tt0804516,2026-09-03,2026-09-03,,"-2 Livello del terrore","P2",https://www.imdb.com/title/tt0804516/,Film,5.9,98,2007,"Poliziesco, Horror, Thriller",39489,2008-07-25,"Franck Khalfoun",,
429,tt2250912,2026-09-03,2026-09-03,,"Spider-Man: Homecoming","Spider-Man: Homecoming",https://www.imdb.com/title/tt2250912/,Film,7.4,133,2017,"Azione, Avventura, Fantascienza",837545,2017-07-06,"Jon Watts",,
430,tt0086250,2026-09-03,2026-09-03,,"Scarface","Scarface",https://www.imdb.com/title/tt0086250/,Film,8.3,170,1983,"Poliziesco, Drammatico",1034390,1984-02-24,"Brian De Palma",,
431,tt0454921,2026-09-03,2026-09-03,,"La ricerca della felicità","The Pursuit of Happyness",https://www.imdb.com/title/tt0454921/,Film,8.0,117,2006,"Biografico, Drammatico",631014,2007-01-12,"Gabriele Muccino",,
432,tt3315342,2026-09-03,2026-09-03,,"Logan - The Wolverine","Logan",https://www.imdb.com/title/tt3315342/,Film,8.1,137,2017,"Azione, Drammatico, Fantascienza, Thriller",940469,2017-03-01,"James Mangold",,
433,tt7286456,2026-09-03,2026-09-03,,"Joker","Joker",https://www.imdb.com/title/tt7286456/,Film,8.3,122,2019,"Drammatico",1725310,2019-10-03,"Todd Phillips",,
434,tt1049413,2026-09-03,2026-09-03,,"Up","Up",https://www.imdb.com/title/tt1049413/,Film,8.3,96,2009,"Animazione, Avventura, Commedia, Drammatico, Per famiglie",1255801,2009-10-15,"Pete Docter, Bob Peterson",,
435,tt6857112,2026-09-03,2026-09-03,,"Noi","Us",https://www.imdb.com/title/tt6857112/,Film,6.8,116,2019,"Horror, Giallo, Thriller",399929,2019-04-04,"Jordan Peele",,
436,tt7097772,2026-09-03,2026-09-03,,"Resistance Is Life","Resistance Is Life",https://www.imdb.com/title/tt7097772/,Film,7.3,73,2017,"Documentario",3345,2017-04,"Apo W. Bazidi",,
437,tt0371746,2026-09-03,2026-09-03,,"Iron Man","Iron Man",https://www.imdb.com/title/tt0371746/,Film,7.9,126,2008,"Azione, Avventura, Fantascienza",1249889,2008-05-01,"Jon Favreau",,
438,tt7349950,2026-09-03,2026-09-03,,"It - Capitolo due","It: Chapter Two",https://www.imdb.com/title/tt7349950/,Film,6.5,169,2019,"Drammatico, Fantastico, Horror",362778,2019-09-05,"Andy Muschietti",,
439,tt9764362,2026-09-03,2026-09-03,,"The Menu","The Menu",https://www.imdb.com/title/tt9764362/,Film,7.1,107,2022,"Commedia, Horror, Thriller",515020,2022-11-17,"Mark Mylod",,
440,tt8772262,2026-09-03,2026-09-03,,"Midsommar - Il villaggio dei dannati","Midsommar",https://www.imdb.com/title/tt8772262/,Film,7.1,148,2019,"Drammatico, Horror, Giallo, Thriller",497623,2019-07-25,"Ari Aster",,
441,tt2395427,2026-09-03,2026-09-03,,"Avengers: Age of Ultron","Avengers: Age of Ultron",https://www.imdb.com/title/tt2395427/,Film,7.3,141,2015,"Azione, Avventura, Fantascienza",1021785,2015-04-22,"Joss Whedon",,
442,tt4160708,2026-09-03,2026-09-03,,"Man in the Dark","Don't Breathe",https://www.imdb.com/title/tt4160708/,Film,7.1,88,2016,"Poliziesco, Horror, Thriller",335312,2016-09-08,"Fede Alvarez",,
443,tt1232829,2026-09-03,2026-09-03,,"21 Jump Street","21 Jump Street",https://www.imdb.com/title/tt1232829/,Film,7.2,109,2012,"Azione, Commedia, Poliziesco",655306,2012-06-15,"Phil Lord, Christopher Miller",,
444,tt0470752,2026-09-03,2026-09-03,,"Ex Machina","Ex Machina",https://www.imdb.com/title/tt0470752/,Film,7.7,108,2014,"Drammatico, Fantascienza, Thriller",645688,2015-07-30,"Alex Garland",,
445,tt0081505,2026-09-03,2026-09-03,,"Shining","The Shining",https://www.imdb.com/title/tt0081505/,Film,8.4,146,1980,"Drammatico, Horror",1243088,1980-12-22,"Stanley Kubrick",,
446,tt9419884,2026-09-03,2026-09-03,,"Doctor Strange nel multiverso della follia","Doctor Strange in the Multiverse of Madness",https://www.imdb.com/title/tt9419884/,Film,6.8,126,2022,"Azione, Avventura, Fantastico, Fantascienza",559759,2022-05-04,"Sam Raimi",,
447,tt3896198,2026-09-03,2026-09-03,,"Guardiani della Galassia Vol. 2","Guardians of the Galaxy Vol.2",https://www.imdb.com/title/tt3896198/,Film,7.6,136,2017,"Azione, Avventura, Commedia, Fantastico, Musica, Fantascienza",846194,2017-04-25,"James Gunn",,
448,tt6751668,2026-09-03,2026-09-03,,"Parasite","Gisaengchung",https://www.imdb.com/title/tt6751668/,Film,8.5,132,2019,"Drammatico, Thriller",1195323,2019-11-07,"Bong Joon Ho",,
449,tt5162658,2026-09-03,2026-09-03,,"Oro - La città perduta","Oro",https://www.imdb.com/title/tt5162658/,Film,5.7,103,2017,"Avventura, Drammatico, Storico",2050,2017-11-10,"Agustín Díaz Yanes",,
450,tt2321405,2026-09-03,2026-09-03,,"La mia vita da Zucchina","Ma vie de Courgette",https://www.imdb.com/title/tt2321405/,Film,7.8,66,2016,"Animazione, Commedia, Drammatico",33456,2016-12-01,"Claude Barras",,
451,tt9490414,2026-09-03,2026-09-03,,"I cacciatori di tesori - L'isola maledetta","Yunnan chong gu",https://www.imdb.com/title/tt9490414/,Film,4.9,110,2018,"Azione, Avventura, Fantastico, Horror, Giallo",770,2018-12-29,"Fei Xing",,
452,tt4819498,2026-09-03,2026-09-03,,"I cacciatori di tesori","Jiu ceng yao ta",https://www.imdb.com/title/tt4819498/,Film,5.1,118,2015,"Azione, Avventura, Drammatico, Fantastico",2355,2015-09-30,"Chuan Lu",,
453,tt10801352,2026-09-03,2026-09-03,,"Michael Jackson: Chase the Truth","Michael Jackson: Chase the Truth",https://www.imdb.com/title/tt10801352/,Film,7.0,59,2019,"Documentario",952,2019-08-13,"Jordan Hill",,
454,tt3531202,2026-09-03,2026-09-03,,"Terre selvagge","Pilgrimage",https://www.imdb.com/title/tt3531202/,Film,5.9,96,2017,"Azione, Drammatico, Storico",7611,2017-08-02,"Brendan Muldowney",,
455,tt6333056,2026-09-03,2026-09-03,,"La città dei fantasmi","City of Ghosts",https://www.imdb.com/title/tt6333056/,Film,7.4,92,2017,"Documentario, Guerra",4450,2017-07-21,"Matthew Heineman",,
456,tt0317248,2026-09-03,2026-09-03,,"City of God","Cidade de Deus",https://www.imdb.com/title/tt0317248/,Film,8.6,130,2002,"Poliziesco, Drammatico",881823,2003-05-09,"Fernando Meirelles, Kátia Lund",,
457,tt8923482,2026-09-03,2026-09-03,,"One child Nation","Born in China",https://www.imdb.com/title/tt8923482/,Film,7.5,83,2019,"Documentario, Storico",7904,2019-08-09,"Nanfu Wang, Jialing Zhang",,
458,tt0091949,2026-09-03,2026-09-03,,"Corto circuito","Short Circuit",https://www.imdb.com/title/tt0091949/,Film,6.6,98,1986,"Commedia, Per famiglie, Fantascienza",71547,1986-12-20,"John Badham",,
459,tt0460792,2026-09-03,2026-09-03,,"Fast Food Nation","Fast Food Nation",https://www.imdb.com/title/tt0460792/,Film,6.3,116,2006,"Commedia, Drammatico",26221,2007-07-20,"Richard Linklater",,
460,tt0443453,2026-09-03,2026-09-03,,"Borat: Studio culturale sull'America a beneficio della gloriosa nazione del Kazakistan","Borat: Cultural Learnings of America for Make Benefit Glorious Nation of Kazakhstan",https://www.imdb.com/title/tt0443453/,Film,7.4,84,2006,"Commedia",483157,2007-03-02,"Larry Charles",,
461,tt13143964,2026-09-03,2026-09-03,,"Borat - Seguito di film cinema","Borat Subsequent Moviefilm: Delivery of Prodigious Bribe to American Regime for Make Benefit Once Glorious Nation of Kazakhstan",https://www.imdb.com/title/tt13143964/,Film,6.6,95,2020,"Commedia",166892,2020-10-23,"Jason Woliner",,
462,tt14532380,2026-09-03,2026-09-03,,"Screditare Borat","Debunking Borat",https://www.imdb.com/title/tt14532380/,Serie TV,5.5,7,2021,"Documentario, Commedia, Talk Show",1274,2021-05-25,,,
463,tt14532426,2026-09-03,2026-09-03,,"Borat: VHS Cassette of Material Deemed 'Sub-acceptable' by Kazakhstan Ministry of Censorship and Circumcision","Borat: VHS Cassette of Material Deemed 'Sub-acceptable' by Kazakhstan Ministry of Censorship and Circumcision",https://www.imdb.com/title/tt14532426/,Speciale TV,6.2,24,2021,"Commedia",1169,2021-05-24,"Jason Woliner",,
464,tt0109686,2026-09-03,2026-09-03,,"Scemo & più scemo","Dumb and Dumber",https://www.imdb.com/title/tt0109686/,Film,7.3,107,1994,"Commedia",447739,1995-08-31,"Peter Farrelly",,
465,tt2096672,2026-09-03,2026-09-03,,"Scemo & + scemo 2","Dumb and Dumber To",https://www.imdb.com/title/tt2096672/,Film,5.6,109,2014,"Commedia",155172,2014-12-03,"Bobby Farrelly, Peter Farrelly",,
466,tt12298506,2026-09-03,2026-09-03,,"Ritrova te stesso","Black Box",https://www.imdb.com/title/tt12298506/,Film,6.2,100,2020,"Horror, Giallo, Fantascienza, Thriller",19674,2020-10-06,"Emmanuel Osei-Kuffour",,
467,tt0106449,2026-09-03,2026-09-03,,"Body Bags - Corpi estranei","Body Bags",https://www.imdb.com/title/tt0106449/,Film per la TV,6.2,94,1993,"Commedia, Horror, Fantascienza",14701,1993-08-08,"John Carpenter, Tobe Hooper, Larry Sulkis",,
468,tt6450804,2026-09-03,2026-09-03,,"Terminator - Destino oscuro","Terminator: Dark Fate",https://www.imdb.com/title/tt6450804/,Film,6.2,128,2019,"Azione, Avventura, Fantascienza, Thriller",214926,2019-10-31,"Tim Miller",,
469,tt1340138,2026-09-03,2026-09-03,,"Terminator Genisys","Terminator Genisys",https://www.imdb.com/title/tt1340138/,Film,6.3,126,2015,"Azione, Avventura, Fantascienza, Thriller",309945,2015-07-09,"Alan Taylor",,
470,tt0438488,2026-09-03,2026-09-03,,"Terminator Salvation","Terminator Salvation",https://www.imdb.com/title/tt0438488/,Film,6.5,115,2009,"Azione, Avventura, Fantascienza",395332,2009-06-05,"McG",,
471,tt0181852,2026-09-03,2026-09-03,,"Terminator 3 - Le macchine ribelli","Terminator 3: Rise of the Machines",https://www.imdb.com/title/tt0181852/,Film,6.3,109,2003,"Azione, Fantascienza",440590,2003-09-19,"Jonathan Mostow",,
472,tt0120815,2026-09-03,2026-09-03,,"Salvate il soldato Ryan","Saving Private Ryan",https://www.imdb.com/title/tt0120815/,Film,8.6,169,1998,"Drammatico, Guerra",1661599,1998-10-30,"Steven Spielberg",,
473,tt1121096,2026-09-03,2026-09-03,,"Il settimo figlio","Seventh Son",https://www.imdb.com/title/tt1121096/,Film,5.5,102,2014,"Azione, Avventura, Fantastico",85227,2015-02-19,"Sergei Bodrov",,
474,tt0092644,2026-09-03,2026-09-03,,"Beverly Hills Cop II - Un piedipiatti a Beverly Hills II","Beverly Hills Cop II",https://www.imdb.com/title/tt0092644/,Film,6.6,103,1987,"Azione, Commedia, Poliziesco, Thriller",148289,1987-10-16,"Tony Scott",,
475,tt0086960,2026-09-03,2026-09-03,,"Beverly Hills Cop - Un piedipiatti a Beverly Hills","Beverly Hills Cop",https://www.imdb.com/title/tt0086960/,Film,7.4,105,1984,"Azione, Commedia, Poliziesco, Thriller",234572,1985-03-27,"Martin Brest",,
476,tt0080120,2026-09-03,2026-09-03,,"I guerrieri della notte","The Warriors",https://www.imdb.com/title/tt0080120/,Film,7.5,93,1979,"Azione, Poliziesco, Thriller",120930,1979-08-30,"Walter Hill",,
477,tt1928340,2026-09-03,2026-09-03,,"After the Dark","After the Dark",https://www.imdb.com/title/tt1928340/,Film,5.6,107,2013,"Drammatico, Fantastico, Giallo, Fantascienza",24796,2013-10-10,"John Huddles",,
478,tt0115710,2026-09-03,2026-09-03,,"Blood and Wine - Sangue e vino","Blood and Wine",https://www.imdb.com/title/tt0115710/,Film,6.0,101,1996,"Poliziesco, Drammatico, Thriller",11570,1997-01-30,"Bob Rafelson",,
479,tt5227746,2026-09-03,2026-09-03,,"Unthinkable - Gli ultimi sopravvissuti","Den blomstertid nu kommer",https://www.imdb.com/title/tt5227746/,Film,5.9,129,2018,"Azione, Sentimentale, Fantascienza, Thriller",9801,2018-06-20,"Victor Danell",,
480,tt0435528,2026-09-03,2026-09-03,,"Il respiro del diavolo","Whisper",https://www.imdb.com/title/tt0435528/,Film,5.7,94,2007,"Poliziesco, Drammatico, Horror, Thriller",10611,2009-01-23,"Stewart Hendler",,
481,tt0406759,2026-09-03,2026-09-03,,"The Eye","The Eye",https://www.imdb.com/title/tt0406759/,Film,5.4,98,2008,"Horror, Giallo",59373,2008-04-04,"David Moreau, Xavier Palud",,
482,tt1183276,2026-09-03,2026-09-03,,"The Horde","La horde",https://www.imdb.com/title/tt1183276/,Film,5.9,90,2009,"Azione, Horror",17257,2010-08-27,"Yannick Dahan, Benjamin Rocher",,
483,tt1469304,2026-09-03,2026-09-03,,"Baywatch","Baywatch",https://www.imdb.com/title/tt1469304/,Film,5.5,116,2017,"Azione, Commedia, Poliziesco",221547,2017-06-01,"Seth Gordon",,
484,tt0108255,2026-09-03,2026-09-03,,"Super Mario Bros.","Super Mario Bros.",https://www.imdb.com/title/tt0108255/,Film,4.2,96,1993,"Avventura, Commedia, Per famiglie, Fantastico, Fantascienza",68400,1993-10-08,"Annabel Jankel, Rocky Morton",,
485,tt2557490,2026-09-03,2026-09-03,,"Un milione di modi per morire nel West","A Million Ways to Die in the West",https://www.imdb.com/title/tt2557490/,Film,6.1,116,2014,"Commedia, Western",212141,2014-10-16,"Seth MacFarlane",,
486,tt2910814,2026-09-03,2026-09-03,,"The Signal","The Signal",https://www.imdb.com/title/tt2910814/,Film,6.0,97,2014,"Drammatico, Giallo, Fantascienza, Thriller",73543,2014-07-10,"William Eubank",,
487,tt1418377,2026-09-03,2026-09-03,,"I, Frankenstein","I, Frankenstein",https://www.imdb.com/title/tt1418377/,Film,5.1,92,2014,"Azione, Fantastico, Fantascienza",86696,2014-01-23,"Stuart Beattie",,
488,tt0106761,2026-09-03,2026-09-03,,"Double Dragon","Double Dragon",https://www.imdb.com/title/tt0106761/,Film,4.0,96,1994,"Azione, Avventura, Commedia, Fantastico, Fantascienza",15114,1994-11-04,"James Yukich",,
489,tt0071486,2026-09-03,2026-09-03,,"Fantozzi","Fantozzi",https://www.imdb.com/title/tt0071486/,Film,7.8,108,1975,"Commedia",8073,1975-03-27,"Luciano Salce",,
490,tt0075178,2026-09-03,2026-09-03,,"Il secondo tragico Fantozzi","Il secondo tragico Fantozzi",https://www.imdb.com/title/tt0075178/,Film,7.7,110,1976,"Commedia",5141,1976-04-15,"Luciano Salce",,
491,tt0080719,2026-09-03,2026-09-03,,"Fantozzi contro tutti","Fantozzi contro tutti",https://www.imdb.com/title/tt0080719/,Film,7.1,97,1980,"Commedia",3770,1980-11-13,"Neri Parenti, Paolo Villaggio",,
492,tt0085524,2026-09-03,2026-09-03,,"Fantozzi subisce ancora","Fantozzi subisce ancora",https://www.imdb.com/title/tt0085524/,Film,6.5,85,1983,"Commedia",2798,1983-12-22,"Neri Parenti",,
493,tt0094012,2026-09-03,2026-09-03,,"Balle spaziali","Spaceballs",https://www.imdb.com/title/tt0094012/,Film,7.1,96,1987,"Avventura, Commedia, Fantascienza",228839,1988-01-15,"Mel Brooks",,
494,tt2584384,2026-09-03,2026-09-03,,"Jojo Rabbit","Jojo Rabbit",https://www.imdb.com/title/tt2584384/,Film,7.9,108,2019,"Commedia, Drammatico, Guerra",494406,2020-01-16,"Taika Waititi",,
495,tt0486640,2026-09-03,2026-09-03,,"Postal","Postal",https://www.imdb.com/title/tt0486640/,Film,4.5,100,2007,"Azione, Commedia, Poliziesco, Thriller",26107,2008-08-29,"Uwe Boll",,
496,tt0317676,2026-09-03,2026-09-03,,"House of the Dead","House of the Dead",https://www.imdb.com/title/tt0317676/,Film,2.1,90,2003,"Azione, Avventura, Horror",40130,2004-07-23,"Uwe Boll",,
497,tt0464141,2026-09-03,2026-09-03,,"The Orphanage","El orfanato",https://www.imdb.com/title/tt0464141/,Film,7.4,105,2007,"Drammatico, Horror, Giallo, Thriller",171772,2008-11-14,"J.A. Bayona",,
498,tt7312940,2026-09-03,2026-09-03,,"Singularity","Singularity",https://www.imdb.com/title/tt7312940/,Film,3.6,92,2017,"Azione, Avventura, Drammatico, Fantascienza",11885,2017-11-24,"Robert Kouba",,
499,tt5464234,2026-09-03,2026-09-03,,"Kill Switch - La guerra dei mondi","Kill Switch",https://www.imdb.com/title/tt5464234/,Film,4.7,91,2017,"Azione, Fantascienza, Thriller",8978,2017-06-01,"Tim Smit",,
500,tt2145829,2026-09-03,2026-09-03,,"Robot Overlords","Robot Overlords",https://www.imdb.com/title/tt2145829/,Film,4.6,90,2014,"Azione, Avventura, Fantascienza",7943,2015-03-27,"Jon Wright",,
501,tt2504640,2026-09-03,2026-09-03,,"Garm Wars - L'ultimo druido","Garm Wars: The Last Druid",https://www.imdb.com/title/tt2504640/,Film,4.8,92,2014,"Azione, Fantastico, Fantascienza, Thriller",1500,2016-01-18,"Mamoru Oshii",,
502,tt0073631,2026-09-03,2026-09-03,,"Rollerball","Rollerball",https://www.imdb.com/title/tt0073631/,Film,6.5,125,1975,"Azione, Fantascienza, Sportivo",32784,1975-09-11,"Norman Jewison",,
503,tt0246894,2026-09-03,2026-09-03,,"Rollerball","Rollerball",https://www.imdb.com/title/tt0246894/,Film,3.2,98,2002,"Azione, Fantascienza, Sportivo",29970,2002-03-29,"John McTiernan",,
504,tt3013160,2026-09-03,2026-09-03,,"Explorer","Arrowhead",https://www.imdb.com/title/tt3013160/,Film,4.4,98,2016,"Azione, Avventura, Fantascienza",2530,2016-06-09,"Jesse O'Brien",,
505,tt1925435,2026-09-03,2026-09-03,,"Frankenstein's Army","Frankenstein's Army",https://www.imdb.com/title/tt1925435/,Film,5.4,84,2013,"Azione, Avventura, Horror, Fantascienza, Thriller, Guerra",10131,2013-05-18,"Richard Raaphorst",,
506,tt0100758,2026-09-03,2026-09-03,,"Tartarughe Ninja alla riscossa","Teenage Mutant Ninja Turtles",https://www.imdb.com/title/tt0100758/,Film,6.8,93,1990,"Azione, Avventura, Commedia, Per famiglie, Fantascienza",113635,1990-12-01,"Steve Barron",,
507,tt0108308,2026-09-03,2026-09-03,,"Tartarughe Ninja III","Teenage Mutant Ninja Turtles III",https://www.imdb.com/title/tt0108308/,Film,4.8,96,1993,"Azione, Avventura, Commedia, Per famiglie, Fantastico, Fantascienza",39108,1993-03-19,"Stuart Gillard",,
508,tt0103060,2026-09-03,2026-09-03,,"Tartarughe Ninja II - Il segreto di Ooze","Teenage Mutant Ninja Turtles II: The Secret of the Ooze",https://www.imdb.com/title/tt0103060/,Film,6.1,88,1991,"Azione, Avventura, Commedia, Per famiglie, Fantascienza",65219,1991-03-22,"Michael Pressman",,
509,tt0308353,2026-09-03,2026-09-03,,"Cenerentola e gli 007 nani","Happily N'Ever After",https://www.imdb.com/title/tt0308353/,Film,4.5,75,2006,"Animazione, Avventura, Commedia, Per famiglie, Fantastico",11672,2008-03-07,"Paul Bolger, Yvette Kaplan, Dino Athanassiou",,
510,tt2392748,2026-09-03,2026-09-03,,"Scorched Earth: Cacciatrice di taglie","Scorched Earth",https://www.imdb.com/title/tt2392748/,Film,4.5,96,2018,"Azione, Drammatico, Thriller, Western",4480,2018-02-02,"Peter Howitt",,
511,tt0395585,2026-09-03,2026-09-03,,"House of 9","House of 9",https://www.imdb.com/title/tt0395585/,Film,5.3,90,2005,"Drammatico, Horror, Giallo, Thriller",11540,2009-03-18,"Steven R. Monroe",,
512,tt0088323,2026-09-03,2026-09-03,,"La storia infinita","The Neverending Story",https://www.imdb.com/title/tt0088323/,Film,7.3,102,1984,"Avventura, Drammatico, Per famiglie, Fantastico",172576,1984-12-06,"Wolfgang Petersen",,
513,tt4935418,2026-09-03,2026-09-03,,"Baskin: La porta dell'inferno","Baskin",https://www.imdb.com/title/tt4935418/,Film,5.8,97,2015,"Horror, Thriller",14612,2016-01-01,"Can Evrenol",,
514,tt1780762,2026-09-03,2026-09-03,,"Aftershock","Aftershock",https://www.imdb.com/title/tt1780762/,Film,4.8,89,2012,"Azione, Avventura, Drammatico, Horror, Thriller",13020,2014-06-12,"Nicolás López",,
515,tt0144120,2026-09-03,2026-09-03,,"La sposa di Chucky","Bride of Chucky",https://www.imdb.com/title/tt0144120/,Film,5.7,89,1998,"Commedia, Horror, Thriller",71275,2000-08-25,"Ronny Yu",,
516,tt0117571,2026-09-03,2026-09-03,,"Scream","Scream",https://www.imdb.com/title/tt0117571/,Film,7.4,111,1996,"Horror, Giallo",453175,1997-09-11,"Wes Craven",,
517,tt0195714,2026-09-03,2026-09-03,,"Final Destination","Final Destination",https://www.imdb.com/title/tt0195714/,Film,6.7,98,2000,"Horror, Thriller",340868,2000-08-25,"James Wong",,
518,tt0387575,2026-09-03,2026-09-03,,"Il figlio di Chucky","Seed of Chucky",https://www.imdb.com/title/tt0387575/,Film,4.9,87,2004,"Commedia, Horror, Thriller",53936,2004-11-12,"Don Mancini",,
519,tt2230358,2026-09-03,2026-09-03,,"La maledizione di Chucky","Curse of Chucky",https://www.imdb.com/title/tt2230358/,Film,5.6,97,2013,"Horror, Thriller",48378,2013-11-20,"Don Mancini",,
520,tt0094862,2026-09-03,2026-09-03,,"La bambola assassina","Child's Play",https://www.imdb.com/title/tt0094862/,Film,6.7,87,1988,"Horror, Thriller",133931,1989-06-17,"Tom Holland",,
521,tt3811906,2026-09-03,2026-09-03,,"Malignant","Malignant",https://www.imdb.com/title/tt3811906/,Film,6.2,111,2021,"Poliziesco, Horror, Giallo",123124,2021-09-02,"James Wan",,
522,tt10403420,2026-09-03,2026-09-03,,"Terrifier 2","Terrifier 2",https://www.imdb.com/title/tt10403420/,Film,6.0,138,2022,"Horror",84632,2023-07-26,"Damien Leone",,
523,tt27911000,2026-09-03,2026-09-03,,"Terrifier 3","Terrifier 3",https://www.imdb.com/title/tt27911000/,Film,6.2,125,2024,"Horror",65158,2024-11-07,"Damien Leone",,
524,tt4281724,2026-09-03,2026-09-03,,"Terrifier","Terrifier",https://www.imdb.com/title/tt4281724/,Film,5.5,85,2016,"Horror",98066,2018-03-27,"Damien Leone",,
525,tt2900624,2026-09-03,2026-09-03,,"Terrifier - L'inizio","All Hallows' Eve",https://www.imdb.com/title/tt2900624/,Film,5.2,83,2013,"Horror, Thriller",19667,2013-10-29,"Damien Leone",,
526,tt1288558,2026-09-03,2026-09-03,,"La casa","Evil Dead",https://www.imdb.com/title/tt1288558/,Film,6.5,91,2013,"Horror, Thriller",218458,2013-05-09,"Fede Alvarez",,
527,tt2076850,2026-09-03,2026-09-03,,"Dagmar - L'anima dei vichinghi","Flukt",https://www.imdb.com/title/tt2076850/,Film,6.1,78,2012,"Avventura, Drammatico, Storico, Thriller",5042,2012-09-28,"Roar Uthaug",,
528,tt1181791,2026-09-03,2026-09-03,,"Black Death - ...un viaggio all'inferno","Black Death",https://www.imdb.com/title/tt1181791/,Film,6.4,102,2010,"Azione, Drammatico, Storico, Horror, Giallo",55053,2010-06-11,"Christopher Smith",,
529,tt3659388,2026-09-03,2026-09-03,,"Sopravvissuto - The Martian","The Martian",https://www.imdb.com/title/tt3659388/,Film,8.0,144,2015,"Avventura, Drammatico, Fantascienza",1029961,2015-10-01,"Ridley Scott",,
530,tt0141842,2026-09-03,2026-09-03,,"I Soprano","The Sopranos",https://www.imdb.com/title/tt0141842/,Serie TV,9.2,55,1999,"Poliziesco, Drammatico",595750,2001-05-23,,,
531,tt1598642,2026-09-03,2026-09-03,,"Sopravvissuti","Z for Zachariah",https://www.imdb.com/title/tt1598642/,Film,6.0,98,2015,"Drammatico, Sentimentale, Fantascienza, Thriller",34928,2015-08-13,"Craig Zobel",,
532,tt0103956,2026-09-03,2026-09-03,,"La bambola assassina 3","Child's Play 3",https://www.imdb.com/title/tt0103956/,Film,5.2,90,1991,"Horror, Thriller",52190,1991-08-30,"Jack Bender",,
533,tt0099253,2026-09-03,2026-09-03,,"La bambola assassina 2","Child's Play 2",https://www.imdb.com/title/tt0099253/,Film,6.0,84,1990,"Horror, Thriller",65458,1990-11-09,"John Lafia",,
534,tt3280262,2026-09-03,2026-09-03,,"Il culto di Chucky","Cult of Chucky",https://www.imdb.com/title/tt3280262/,Film,5.3,91,2017,"Horror, Thriller",34819,2017-10-03,"Don Mancini",,
535,tt8663516,2026-09-03,2026-09-03,,"La bambola assassina","Child's Play",https://www.imdb.com/title/tt8663516/,Film,5.7,90,2019,"Drammatico, Horror, Fantascienza, Thriller",61094,2019-06-19,"Lars Klevberg",,
536,tt0109838,2026-09-03,2026-09-03,,"Freaked - sgorbi","Freaked",https://www.imdb.com/title/tt0109838/,Film,6.4,86,1993,"Commedia, Fantascienza",9597,1994-03-31,"Tom Stern, Alex Winter",,
537,tt8783146,2026-09-03,2026-09-03,,"Jurassic Galaxy","Jurassic Galaxy",https://www.imdb.com/title/tt8783146/,Film,2.5,74,2018,"Azione, Avventura, Fantascienza, Thriller",976,2018-08-20,"James Kondelik, Jon Kondelik",,
538,tt1409024,2026-09-03,2026-09-03,,"Men in Black 3","Men in Black³",https://www.imdb.com/title/tt1409024/,Film,6.8,106,2012,"Azione, Avventura, Commedia, Fantascienza",415836,2012-05-23,"Barry Sonnenfeld",,
539,tt2283336,2026-09-03,2026-09-03,,"Men in Black: International","Men in Black: International",https://www.imdb.com/title/tt2283336/,Film,5.6,114,2019,"Azione, Avventura, Commedia, Fantascienza",162714,2019-07-25,"F. Gary Gray",,
540,tt5669936,2026-09-03,2026-09-03,,"The Recall - L'invasione","The Recall",https://www.imdb.com/title/tt5669936/,Film,4.2,90,2017,"Azione, Horror, Giallo, Fantascienza, Thriller",9832,2017-06-02,"Mauro Borrelli",,
541,tt6774786,2026-09-03,2026-09-03,,"Occupation","Occupation",https://www.imdb.com/title/tt6774786/,Film,4.5,119,2018,"Azione, Drammatico, Fantascienza",15949,2018-07-12,"Luke Sparke",,
542,tt0775440,2026-09-03,2026-09-03,,"Cell","Cell",https://www.imdb.com/title/tt0775440/,Film,4.5,98,2016,"Azione, Avventura, Horror, Fantascienza, Thriller",33372,2016-07-13,"Tod Williams",,
543,tt1389072,2026-09-03,2026-09-03,,"Downsizing - Vivere alla grande","Downsizing",https://www.imdb.com/title/tt1389072/,Film,5.8,135,2017,"Drammatico, Fantastico, Fantascienza",139035,2018-01-25,"Alexander Payne",,
544,tt0790736,2026-09-03,2026-09-03,,"R.I.P.D. - Poliziotti dall'aldilà","R.I.P.D.",https://www.imdb.com/title/tt0790736/,Film,5.6,96,2013,"Animazione, Azione, Avventura, Commedia, Poliziesco, Fantastico, Fantascienza",152678,2013-09-12,"Robert Schwentke",,
545,tt1659216,2026-09-03,2026-09-03,,"Spiders 3D","Spiders 3D",https://www.imdb.com/title/tt1659216/,Film,3.4,89,2013,"Azione, Avventura, Commedia, Horror, Fantascienza, Thriller",5129,2014-02-13,"Tibor Takács",,
546,tt0092240,2026-09-03,2026-09-03,,"Il replicante","The Wraith",https://www.imdb.com/title/tt0092240/,Film,5.9,93,1986,"Azione, Horror, Sentimentale, Fantascienza, Thriller",22111,1988-03-31,"Mike Marvin",,
547,tt0079501,2026-09-03,2026-09-03,,"Interceptor","Mad Max",https://www.imdb.com/title/tt0079501/,Film,6.8,88,1979,"Azione, Avventura, Fantascienza, Thriller",247059,1980-01-17,"George Miller",,
548,tt0082694,2026-09-03,2026-09-03,,"Interceptor - Il guerriero della strada","Mad Max 2",https://www.imdb.com/title/tt0082694/,Film,7.6,96,1981,"Azione, Avventura, Fantascienza, Thriller",215094,1982-08-18,"George Miller",,
549,tt0089530,2026-09-03,2026-09-03,,"Mad Max - Oltre la sfera del tuono","Mad Max Beyond Thunderdome",https://www.imdb.com/title/tt0089530/,Film,6.2,107,1985,"Azione, Avventura, Fantascienza",163614,1985-10-03,"George Miller, George Ogilvie",,
550,tt3748528,2026-09-03,2026-09-03,,"Rogue One: A Star Wars Story","Rogue One",https://www.imdb.com/title/tt3748528/,Film,7.8,133,2016,"Azione, Avventura, Fantascienza",765743,2016-12-15,"Gareth Edwards",,
551,tt1677720,2026-09-03,2026-09-03,,"Ready Player One","Ready Player One",https://www.imdb.com/title/tt1677720/,Film,7.4,140,2018,"Azione, Avventura, Fantascienza",551182,2018-03-28,"Steven Spielberg",,
552,tt0074156,2026-09-03,2026-09-03,,"Distretto 13: le brigate della morte","Assault on Precinct 13",https://www.imdb.com/title/tt0074156/,Film,7.3,91,1976,"Azione, Poliziesco, Thriller",61760,1979-03-23,"John Carpenter",,
553,tt1136608,2026-09-03,2026-09-03,,"District 9","District 9",https://www.imdb.com/title/tt1136608/,Film,7.9,112,2009,"Azione, Fantascienza, Thriller",757668,2009-09-25,"Neill Blomkamp",,
554,tt8305690,2026-09-03,2026-09-03,,"Alien Expedition","Alien Extinction",https://www.imdb.com/title/tt8305690/,Film,2.7,93,2018,"Fantascienza",728,2020-02-17,"Wallace Brothers",,
555,tt0078748,2026-09-03,2026-09-03,,"Alien","Alien",https://www.imdb.com/title/tt0078748/,Film,8.4,117,1979,"Horror, Fantascienza",1076603,1979-10-25,"Ridley Scott",,
556,tt2316204,2026-09-03,2026-09-03,,"Alien: Covenant","Alien: Covenant",https://www.imdb.com/title/tt2316204/,Film,6.4,122,2017,"Horror, Fantascienza, Thriller",349133,2017-05-11,"Ridley Scott",,
557,tt0103644,2026-09-03,2026-09-03,,"Alien³","Alien³",https://www.imdb.com/title/tt0103644/,Film,6.4,114,1992,"Azione, Horror, Fantascienza",355694,1992-10-02,"David Fincher",,
558,tt0118583,2026-09-03,2026-09-03,,"Alien - La clonazione","Alien: Resurrection",https://www.imdb.com/title/tt0118583/,Film,6.2,109,1997,"Azione, Horror, Fantascienza",294529,1998-02-27,"Jean-Pierre Jeunet",,
559,tt0370263,2026-09-03,2026-09-03,,"Alien vs. Predator","AVP: Alien vs. Predator",https://www.imdb.com/title/tt0370263/,Film,5.7,101,2004,"Azione, Avventura, Horror, Fantascienza, Thriller",235108,2004-11-19,"Paul W.S. Anderson",,
560,tt0093773,2026-09-03,2026-09-03,,"Predator","Predator",https://www.imdb.com/title/tt0093773/,Film,7.8,107,1987,"Azione, Avventura, Horror, Fantascienza",506581,1987-08-22,"John McTiernan",,
561,tt11866324,2026-09-03,2026-09-03,,"Prey","Prey",https://www.imdb.com/title/tt11866324/,Film,7.1,100,2022,"Azione, Avventura, Horror, Fantascienza, Thriller",277467,2022-08-05,"Dan Trachtenberg",,
562,tt31227572,2026-09-03,2026-09-03,,"Predator: Badlands","Predator: Badlands",https://www.imdb.com/title/tt31227572/,Film,7.2,107,2025,"Azione, Avventura, Fantascienza, Thriller",169267,2025-11-07,"Dan Trachtenberg",,
563,tt3829266,2026-09-03,2026-09-03,,"The Predator","The Predator",https://www.imdb.com/title/tt3829266/,Film,5.3,107,2018,"Azione, Avventura, Fantascienza, Thriller",164701,2018-10-11,"Shane Black",,
564,tt1424381,2026-09-03,2026-09-03,,"Predators","Predators",https://www.imdb.com/title/tt1424381/,Film,6.4,107,2010,"Azione, Avventura, Fantascienza, Thriller",264739,2010-07-14,"Nimród Antal",,
565,tt0100403,2026-09-03,2026-09-03,,"Predator 2","Predator 2",https://www.imdb.com/title/tt0100403/,Film,6.3,108,1990,"Azione, Horror, Fantascienza",204353,1991-04-26,"Stephen Hopkins",,
566,tt0267804,2026-09-03,2026-09-03,,"The One","The One",https://www.imdb.com/title/tt0267804/,Film,5.9,87,2001,"Azione, Fantascienza, Thriller",100499,2002-08-23,"James Wong",,
567,tt9735758,2026-09-03,2026-09-03,,"Boyz in the Wood","Boyz in the Wood",https://www.imdb.com/title/tt9735758/,Film,6.2,87,2019,"Commedia, Horror, Musica",9829,2020-08-28,"Ninian Doff",,
568,tt0078474,2026-09-03,2026-09-03,,"I signori della guerra di Atlantide","Warlords of Atlantis",https://www.imdb.com/title/tt0078474/,Film,5.5,96,1978,"Avventura, Horror, Fantascienza",3320,1978-05-05,"Kevin Connor",,
569,tt1971325,2026-09-03,2026-09-03,,"Automata","Autómata",https://www.imdb.com/title/tt1971325/,Film,6.0,109,2014,"Azione, Drammatico, Fantascienza, Thriller",62248,2015-02-26,"Gabe Ibáñez",,
570,tt1928307,2026-09-03,2026-09-03,,"Time Bandits","Time Bandits",https://www.imdb.com/title/tt1928307/,Serie TV,6.1,,2024,"Avventura, Commedia, Fantastico, Fantascienza",7623,2024-07-24,,,
571,tt0081633,2026-09-03,2026-09-03,,"I banditi del tempo","Time Bandits",https://www.imdb.com/title/tt0081633/,Film,6.9,116,1981,"Avventura, Commedia, Fantastico, Fantascienza",74917,1983-01-06,"Terry Gilliam",,
572,tt4255304,2026-09-03,2026-09-03,,"The Void - Il vuoto","The Void",https://www.imdb.com/title/tt4255304/,Film,5.9,90,2016,"Horror, Giallo, Fantascienza, Thriller",48436,2017-12-07,"Jeremy Gillespie, Steven Kostanski",,
573,tt0477051,2026-09-03,2026-09-03,,"Norbit","Norbit",https://www.imdb.com/title/tt0477051/,Film,4.3,103,2007,"Commedia, Sentimentale",90576,2007-03-23,"Brian Robbins",,
574,tt0318627,2026-09-03,2026-09-03,,"Resident Evil: Apocalypse","Resident Evil: Apocalypse",https://www.imdb.com/title/tt0318627/,Film,6.1,94,2004,"Azione, Horror, Fantascienza, Thriller",223750,2004-11-05,"Alexander Witt",,
575,tt0432021,2026-09-03,2026-09-03,,"Resident Evil: Extinction","Resident Evil: Extinction",https://www.imdb.com/title/tt0432021/,Film,6.2,94,2007,"Azione, Horror, Fantascienza",218081,2007-10-12,"Russell Mulcahy",,
576,tt1220634,2026-09-03,2026-09-03,,"Resident Evil: Afterlife","Resident Evil: Afterlife",https://www.imdb.com/title/tt1220634/,Film,5.8,96,2010,"Azione, Horror, Fantascienza",189719,2010-09-10,"Paul W.S. Anderson",,
577,tt1855325,2026-09-03,2026-09-03,,"Resident Evil: Retribution","Resident Evil: Retribution",https://www.imdb.com/title/tt1855325/,Film,5.3,95,2012,"Azione, Horror, Fantascienza, Thriller",160647,2012-09-28,"Paul W.S. Anderson",,
578,tt2592614,2026-09-03,2026-09-03,,"Resident Evil: The Final Chapter","Resident Evil: The Final Chapter",https://www.imdb.com/title/tt2592614/,Film,5.5,107,2016,"Azione, Horror, Fantascienza, Thriller",110149,2017-02-16,"Paul W.S. Anderson",,
579,tt6920084,2026-09-03,2026-09-03,,"Resident Evil: Welcome to Raccoon City","Resident Evil: Welcome to Raccoon City",https://www.imdb.com/title/tt6920084/,Film,5.2,107,2021,"Azione, Horror, Fantascienza, Thriller",73409,2021-11-25,"Johannes Roberts",,
580,tt5700672,2026-09-03,2026-09-03,,"Train to Busan","Busanhaeng",https://www.imdb.com/title/tt5700672/,Film,7.6,118,2016,"Azione, Horror, Thriller",314983,2016-07-20,"Yeon Sang-ho",,
581,tt0363547,2026-09-03,2026-09-03,,"L'alba dei morti viventi","Dawn of the Dead",https://www.imdb.com/title/tt0363547/,Film,7.2,101,2004,"Azione, Horror",290738,2004-04-23,"Zack Snyder",,
582,tt0289043,2026-09-03,2026-09-03,,"28 giorni dopo","28 Days Later",https://www.imdb.com/title/tt0289043/,Film,7.5,113,2002,"Drammatico, Horror, Fantascienza, Thriller",555808,2003-06-13,"Danny Boyle",,
583,tt0407304,2026-09-03,2026-09-03,,"La guerra dei mondi","War of the Worlds",https://www.imdb.com/title/tt0407304/,Film,6.6,117,2005,"Azione, Avventura, Fantascienza",513748,2005-06-29,"Steven Spielberg",,
584,tt1649419,2026-09-03,2026-09-03,,"The Impossible","Lo imposible",https://www.imdb.com/title/tt1649419/,Film,7.5,114,2012,"Drammatico, Storico, Thriller",267528,2013-01-31,"J.A. Bayona",,
585,tt3547682,2026-09-03,2026-09-03,,"Infection","Sorgenfri",https://www.imdb.com/title/tt3547682/,Film,5.5,85,2015,"Horror, Thriller",4620,2016-03-31,"Bo Mikkelsen",,
586,tt1502407,2026-09-03,2026-09-03,,"Halloween","Halloween",https://www.imdb.com/title/tt1502407/,Film,6.5,106,2018,"Poliziesco, Drammatico, Horror, Thriller",188763,2018-10-25,"David Gordon Green",,
587,tt0373883,2026-09-03,2026-09-03,,"Halloween - The Beginning","Halloween",https://www.imdb.com/title/tt0373883/,Film,6.1,109,2007,"Horror",140034,2008-01-04,"Rob Zombie",,
588,tt0082495,2026-09-03,2026-09-03,,"Il signore della morte","Halloween II",https://www.imdb.com/title/tt0082495/,Film,6.5,92,1981,"Horror",113409,1981-10-30,"Rick Rosenthal",,
589,tt0077651,2026-09-03,2026-09-03,,"Halloween - La notte delle streghe","Halloween",https://www.imdb.com/title/tt0077651/,Film,7.7,91,1978,"Horror, Thriller",342973,1979-04-14,"John Carpenter",,
590,tt0120082,2026-09-03,2026-09-03,,"Scream 2","Scream 2",https://www.imdb.com/title/tt0120082/,Film,6.4,120,1997,"Horror, Giallo",240252,1998-09-10,"Wes Craven",,
591,tt1148204,2026-09-03,2026-09-03,,"Orphan","Orphan",https://www.imdb.com/title/tt1148204/,Film,7.0,123,2009,"Horror, Giallo, Thriller",280735,2009-10-16,"Jaume Collet-Serra",,
592,tt0134084,2026-09-03,2026-09-03,,"Scream 3","Scream 3",https://www.imdb.com/title/tt0134084/,Film,5.7,116,2000,"Horror, Giallo",188317,2000-09-01,"Wes Craven",,
593,tt1780798,2026-09-03,2026-09-03,,"Clown","Clown",https://www.imdb.com/title/tt1780798/,Film,5.7,100,2014,"Fantastico, Horror, Thriller",29854,2014-11-13,"Jon Watts",,
594,tt0390521,2026-09-03,2026-09-03,,"Super Size Me","Super Size Me",https://www.imdb.com/title/tt0390521/,Film,7.2,100,2004,"Documentario",115561,2005-04-08,"Morgan Spurlock",,
595,tt7215262,2026-09-03,2026-09-03,,"Super Size Me 2: Holy Chicken!","Super Size Me 2: Holy Chicken!",https://www.imdb.com/title/tt7215262/,Film,7.1,93,2017,"Documentario",6097,2019-09-13,"Morgan Spurlock",,
596,tt1467304,2026-09-03,2026-09-03,,"The Human Centipede","The Human Centipede (First Sequence)",https://www.imdb.com/title/tt1467304/,Film,4.4,92,2009,"Horror",98467,2012-03-27,"Tom Six",,
597,tt1530509,2026-09-03,2026-09-03,,"The Human Centipede II","The Human Centipede II (Full Sequence)",https://www.imdb.com/title/tt1530509/,Film,3.8,91,2011,"Horror",48490,2011-11,"Tom Six",,
598,tt3013258,2026-09-03,2026-09-03,,"Vado a scuola","Sur le chemin de l'école",https://www.imdb.com/title/tt3013258/,Film,7.3,77,2013,"Documentario",1387,2013-09-26,"Pascal Plisson",,
599,tt0088380,2026-09-03,2026-09-03,,"I predatori dell'anno omega","Warrior of the Lost World",https://www.imdb.com/title/tt0088380/,Film,2.7,92,1983,"Azione, Fantascienza, Thriller",3154,1984-04-27,"David Worth",,
600,tt2231461,2026-09-03,2026-09-03,,"Rampage: Furia animale","Rampage",https://www.imdb.com/title/tt2231461/,Film,6.1,107,2018,"Azione, Avventura, Fantascienza",204522,2018-04-12,"Brad Peyton",,
601,tt1337057,2026-09-03,2026-09-03,,"Rampage","Rampage",https://www.imdb.com/title/tt1337057/,Film,6.2,85,2009,"Azione, Poliziesco, Thriller",21516,2010-04-29,"Uwe Boll",,
602,tt2620590,2026-09-03,2026-09-03,,"Leatherface","Leatherface",https://www.imdb.com/title/tt2620590/,Film,5.0,90,2017,"Poliziesco, Drammatico, Horror, Giallo, Thriller",31806,2017-09-14,"Alexandre Bustillo, Julien Maury",,
603,tt0072271,2026-09-03,2026-09-03,,"Non aprite quella porta","The Texas Chain Saw Massacre",https://www.imdb.com/title/tt0072271/,Film,7.4,83,1974,"Horror",215897,1975-06-14,"Tobe Hooper",,
604,tt0324216,2026-09-03,2026-09-03,,"Non aprite quella porta","The Texas Chainsaw Massacre",https://www.imdb.com/title/tt0324216/,Film,6.2,98,2003,"Horror",163971,2003-11-28,"Marcus Nispel",,
605,tt0420294,2026-09-03,2026-09-03,,"Non aprite quella porta: L'inizio","The Texas Chainsaw Massacre: The Beginning",https://www.imdb.com/title/tt0420294/,Film,5.8,91,2006,"Horror",82740,2006-11-17,"Jonathan Liebesman",,
606,tt0092076,2026-09-03,2026-09-03,,"Non aprite quella porta - Parte 2","The Texas Chainsaw Massacre 2",https://www.imdb.com/title/tt0092076/,Film,5.6,101,1986,"Commedia, Horror",44597,1987-02-06,"Tobe Hooper",,
607,tt2290553,2026-09-03,2026-09-03,,"I Vichinghi","Northmen: A Viking Saga",https://www.imdb.com/title/tt2290553/,Film,5.4,97,2014,"Azione, Drammatico, Storico",11319,2014-11-27,"Claudio Fäh",,
608,tt6869538,2026-09-03,2026-09-03,,"Detective Dee e i quattro Re celesti","Di Renjie: Si da tianwang",https://www.imdb.com/title/tt6869538/,Film,6.3,132,2018,"Azione, Avventura, Drammatico, Fantastico",3365,2018,"Hark Tsui",,
609,tt11762434,2026-09-03,2026-09-03,,"Cosmic Sin","Cosmic Sin",https://www.imdb.com/title/tt11762434/,Film,2.5,88,2021,"Azione, Fantascienza",16165,2021-03-12,"Edward Drake",,
610,tt0091415,2026-09-03,2026-09-03,,"Link","Link",https://www.imdb.com/title/tt0091415/,Film,5.9,103,1986,"Horror",4470,1986-03-05,"Richard Franklin",,
611,tt1790809,2026-09-03,2026-09-03,,"Pirati dei Caraibi - La vendetta di Salazar","Pirates of the Caribbean: Dead Men Tell No Tales",https://www.imdb.com/title/tt1790809/,Film,6.5,129,2017,"Azione, Avventura, Fantastico",391640,2017-05-24,"Joachim Rønning, Espen Sandberg",,
612,tt0383574,2026-09-03,2026-09-03,,"Pirati dei Caraibi - La maledizione del forziere fantasma","Pirates of the Caribbean: Dead Man's Chest",https://www.imdb.com/title/tt0383574/,Film,7.4,151,2006,"Azione, Avventura, Fantastico",836843,2006-09-13,"Gore Verbinski",,
613,tt1298650,2026-09-03,2026-09-03,,"Pirati dei Caraibi - Oltre i confini del mare","Pirates of the Caribbean: On Stranger Tides",https://www.imdb.com/title/tt1298650/,Film,6.6,137,2011,"Azione, Avventura, Fantastico",614554,2011-05-18,"Rob Marshall",,
614,tt0449088,2026-09-03,2026-09-03,,"Pirati dei Caraibi - Ai confini del mondo","Pirates of the Caribbean: At World's End",https://www.imdb.com/title/tt0449088/,Film,7.2,169,2007,"Azione, Avventura, Fantastico",753021,2007-05-23,"Gore Verbinski",,
615,tt0091757,2026-09-03,2026-09-03,,"Pirati","Pirates",https://www.imdb.com/title/tt0091757/,Film,6.0,121,1986,"Azione, Avventura, Commedia, Sentimentale",10263,1986-12-23,"Roman Polanski",,
616,tt3102206,2026-09-03,2026-09-03,,"Zodiac: Il segno dell'apocalisse","Zodiac: Signs of the Apocalypse",https://www.imdb.com/title/tt3102206/,Film per la TV,3.3,89,2014,"Azione, Fantascienza",1998,2014-08-16,"W.D. Hogan",,
617,tt2930604,2026-09-03,2026-09-03,,"Star Wars Rebels","Star Wars Rebels",https://www.imdb.com/title/tt2930604/,Serie TV,8.1,22,2014,"Animazione, Azione, Avventura, Per famiglie, Fantastico, Fantascienza",71617,2014-10-03,,,
618,tt2527338,2026-09-03,2026-09-03,,"Star Wars - L'ascesa di Skywalker","Star Wars: Episode IX - The Rise of Skywalker",https://www.imdb.com/title/tt2527338/,Film,6.3,141,2019,"Azione, Avventura, Fantastico, Fantascienza",550902,2019-12-18,"J.J. Abrams",,
619,tt0080684,2026-09-03,2026-09-03,,"L'Impero colpisce ancora","Star Wars: Episode V - The Empire Strikes Back",https://www.imdb.com/title/tt0080684/,Film,8.7,124,1980,"Avventura, Fantastico, Fantascienza",1523230,1980-09-19,"Irvin Kershner",,
620,tt0121766,2026-09-03,2026-09-03,,"Star Wars: Episodio III - La vendetta dei Sith","Star Wars: Episode III - Revenge of the Sith",https://www.imdb.com/title/tt0121766/,Film,7.7,140,2005,"Azione, Avventura, Fantastico, Fantascienza",934032,2005-05-20,"George Lucas",,
621,tt3778644,2026-09-03,2026-09-03,,"Solo: A Star Wars Story","Solo: A Star Wars Story",https://www.imdb.com/title/tt3778644/,Film,6.9,135,2018,"Azione, Avventura, Fantascienza",414822,2018-05-23,"Ron Howard",,
622,tt0086190,2026-09-03,2026-09-03,,"Il ritorno dello Jedi","Star Wars: Episode VI - Return of the Jedi",https://www.imdb.com/title/tt0086190/,Film,8.3,131,1983,"Azione, Avventura, Fantastico, Fantascienza",1223906,1983-10-21,"Richard Marquand",,
623,tt0121765,2026-09-03,2026-09-03,,"Star Wars: Episodio II - L'attacco dei cloni","Star Wars: Episode II - Attack of the Clones",https://www.imdb.com/title/tt0121765/,Film,6.6,142,2002,"Azione, Avventura, Fantastico, Fantascienza",831425,2002-05-16,"George Lucas",,
624,tt12708542,2026-09-03,2026-09-03,,"Star Wars: The Bad Batch","Star Wars: The Bad Batch",https://www.imdb.com/title/tt12708542/,Serie TV,7.8,30,2021,"Animazione, Azione, Avventura, Drammatico, Fantastico, Fantascienza",68701,2021-05-04,,,
625,tt1185834,2026-09-03,2026-09-03,,"Star Wars: The Clone Wars","Star Wars: The Clone Wars",https://www.imdb.com/title/tt1185834/,Film,6.0,98,2008,"Animazione, Azione, Avventura, Per famiglie, Fantastico, Fantascienza",84449,2008-09-19,"Dave Filoni",,
626,tt20723374,2026-09-03,2026-09-03,,"Star Wars: Tales of the Jedi","Star Wars: Tales of the Jedi",https://www.imdb.com/title/tt20723374/,Mini serie TV,8.1,15,2022,"Animazione, Cortometraggio, Azione, Avventura, Drammatico, Fantastico, Fantascienza",46482,2022-10-26,,,
627,tt0361243,2026-09-03,2026-09-03,,"Star Wars: Clone Wars","Star Wars: Clone Wars",https://www.imdb.com/title/tt0361243/,Serie TV,7.9,6,2003,"Animazione, Azione, Avventura, Drammatico, Per famiglie, Fantastico, Fantascienza",33133,2003-11-10,,,
628,tt36414431,2026-09-03,2026-09-03,,"Star Wars: Tales of the Underworld","Star Wars: Tales of the Underworld",https://www.imdb.com/title/tt36414431/,Mini serie TV,7.1,18,2025,"Animazione, Cortometraggio, Azione, Avventura, Drammatico, Per famiglie, Fantastico, Fantascienza",10896,2025-05-04,,,
629,tt32019314,2026-09-03,2026-09-03,,"Star Wars: Tales of the Empire","Star Wars: Tales of the Empire",https://www.imdb.com/title/tt32019314/,Mini serie TV,7.0,18,2024,"Animazione, Cortometraggio, Azione, Avventura, Drammatico, Fantastico, Fantascienza",18548,2024-05-04,,,
630,tt0407362,2026-09-03,2026-09-03,,"Battlestar Galactica","Battlestar Galactica",https://www.imdb.com/title/tt0407362/,Serie TV,8.7,45,2004,"Azione, Avventura, Drammatico, Fantascienza",188473,2006-04-08,,,
631,tt0314979,2026-09-03,2026-09-03,,"Battlestar Galactica","Battlestar Galactica",https://www.imdb.com/title/tt0314979/,Mini serie TV,8.5,90,2003,"Azione, Avventura, Drammatico, Fantascienza",85733,2006-03-25,,,
632,tt0286486,2026-09-03,2026-09-03,,"The Shield","The Shield",https://www.imdb.com/title/tt0286486/,Serie TV,8.7,45,2002,"Poliziesco, Drammatico, Thriller",98559,2004-09-10,,,
633,tt5002866,2026-09-03,2026-09-03,,"Prison School","Kangoku Gakuen: Prison School",https://www.imdb.com/title/tt5002866/,Mini serie TV,7.1,30,2015,"Commedia",670,2015-10-26,,,
634,tt4760622,2026-09-03,2026-09-03,,"Akagi: Yami ni oritatta tensai","Akagi: Yami ni oritatta tensai",https://www.imdb.com/title/tt4760622/,Mini serie TV,7.8,60,2015,"Drammatico",58,2015-07-17,,,
635,tt7555554,2026-09-03,2026-09-03,,"Anime e sangue","Anime e sangue",https://www.imdb.com/title/tt7555554/,Serie TV,7.5,120,2017,"Avventura, Fantastico, Fantascienza",69,2017-10-15,,,
636,tt1190634,2026-09-03,2026-09-03,,"The Boys","The Boys",https://www.imdb.com/title/tt1190634/,Serie TV,8.5,60,2019,"Azione, Commedia, Poliziesco, Drammatico, Fantascienza",1025512,2019-07-26,,,
637,tt13159924,2026-09-03,2026-09-03,,"Gen V","Gen V",https://www.imdb.com/title/tt13159924/,Serie TV,7.6,50,2023,"Azione, Avventura, Commedia, Drammatico, Fantascienza",156732,2023-09-29,,,
638,tt7907922,2026-09-03,2026-09-03,,"Truth Seekers","Truth Seekers",https://www.imdb.com/title/tt7907922/,Serie TV,7.0,,2020,"Commedia, Drammatico, Fantastico, Horror, Giallo, Fantascienza",16442,2020-10-30,,,
639,tt5540054,2026-09-03,2026-09-03,,"The Tick","The Tick",https://www.imdb.com/title/tt5540054/,Serie TV,7.4,29,2016,"Azione, Avventura, Commedia, Fantastico, Fantascienza",21676,2017-08-25,,,
640,tt6130902,2026-09-03,2026-09-03,,"LORE - Antologia dell'orrore","Lore",https://www.imdb.com/title/tt6130902/,Serie TV,6.6,40,2017,"Documentario, Horror, Giallo",6588,2017-10-13,,,
641,tt4975856,2026-09-03,2026-09-03,,"Future Man","Future Man",https://www.imdb.com/title/tt4975856/,Serie TV,7.6,30,2017,"Azione, Avventura, Commedia, Fantastico, Fantascienza",34378,2019-04-24,,,
642,tt6741278,2026-09-03,2026-09-03,,"Invincible","Invincible",https://www.imdb.com/title/tt6741278/,Serie TV,8.7,50,2021,"Animazione, Azione, Avventura, Drammatico, Fantastico, Fantascienza, Thriller",352732,2021-03-26,,,
643,tt9561862,2026-09-03,2026-09-03,,"Love, Death & Robots","Love, Death & Robots",https://www.imdb.com/title/tt9561862/,Serie TV,8.4,15,2019,"Animazione, Cortometraggio, Azione, Avventura, Commedia, Drammatico, Fantastico, Horror, Giallo, Fantascienza, Thriller",232573,2019-03-15,,,
644,tt28452191,2026-09-03,2026-09-03,,"Invincible: Atom Eve","Invincible: Atom Eve",https://www.imdb.com/title/tt28452191/,Film per la TV,7.6,55,2023,"Animazione, Azione, Avventura, Drammatico, Fantastico, Fantascienza, Thriller",24014,2023-07-21,"Haylee Herrick",,
645,tt0078709,2026-09-03,2026-09-03,,"Guerra fra galassie","Uchu kara no messeji: Ginga taisen",https://www.imdb.com/title/tt0078709/,Serie TV,7.3,23,1978,"Azione, Avventura, Fantascienza",258,1978-07-08,,,
646,tt1674417,2026-09-03,2026-09-03,,"Banco dei pugni","Hardcore Pawn",https://www.imdb.com/title/tt1674417/,Serie TV,4.9,22,2009,"Reality",5467,2010-08-16,,,
647,tt2950342,2026-09-03,2026-09-03,,"Mr. Pickles","Mr. Pickles",https://www.imdb.com/title/tt2950342/,Serie TV,7.3,15,2013,"Animazione, Commedia, Horror",11559,2016-09-14,,,
648,tt1520211,2026-09-03,2026-09-03,,"The Walking Dead","The Walking Dead",https://www.imdb.com/title/tt1520211/,Serie TV,8.1,45,2010,"Drammatico, Horror, Thriller",1213451,2010-11-01,,,
649,tt0489974,2026-09-03,2026-09-03,,"Carnival Row","Carnival Row",https://www.imdb.com/title/tt0489974/,Serie TV,7.6,56,2019,"Poliziesco, Drammatico, Fantastico, Giallo, Thriller",89509,2019-08-30,,,
650,tt16350094,2026-09-03,2026-09-03,,"The Boys Presents: Diabolical","The Boys Presents: Diabolical",https://www.imdb.com/title/tt16350094/,Mini serie TV,6.8,14,2022,"Animazione, Cortometraggio, Azione, Avventura, Commedia, Drammatico, Fantascienza",20736,2022-03-04,,,
651,tt0118480,2026-09-03,2026-09-03,,"Stargate SG-1","Stargate SG-1",https://www.imdb.com/title/tt0118480/,Serie TV,8.4,44,1997,"Azione, Avventura, Drammatico, Fantascienza",110723,1999-09-19,,,
652,tt0111282,2026-09-03,2026-09-03,,"Stargate","Stargate",https://www.imdb.com/title/tt0111282/,Film,7.0,121,1994,"Azione, Avventura, Fantascienza",221533,1995-01-20,"Roland Emmerich",,
653,tt0374455,2026-09-03,2026-09-03,,"Stargate Atlantis","Stargate: Atlantis",https://www.imdb.com/title/tt0374455/,Serie TV,8.2,44,2004,"Azione, Avventura, Drammatico, Fantascienza",76526,2005-03-05,,,
654,tt1286039,2026-09-03,2026-09-03,,"SGU Stargate Universe","Stargate Universe",https://www.imdb.com/title/tt1286039/,Serie TV,7.6,43,2009,"Drammatico, Fantascienza",56067,2009-10-02,,,
655,tt0929629,2026-09-03,2026-09-03,,"Stargate: Continuum","Stargate: Continuum",https://www.imdb.com/title/tt0929629/,Video,7.4,98,2008,"Azione, Avventura, Drammatico, Fantastico, Fantascienza",28178,2008-07-29,"Martin Wood",,
656,tt0942903,2026-09-03,2026-09-03,,"Stargate SG-1 - L'arca della verità","Stargate: The Ark of Truth",https://www.imdb.com/title/tt0942903/,Video,7.2,97,2008,"Azione, Avventura, Drammatico, Fantastico, Fantascienza",25600,2008-04-29,"Robert C. Cooper",,
657,tt5016504,2026-09-03,2026-09-03,,"Preacher","Preacher",https://www.imdb.com/title/tt5016504/,Serie TV,7.9,60,2016,"Avventura, Commedia, Fantastico, Giallo",87549,2016-12-14,,,
658,tt11921588,2026-09-03,2026-09-03,,"The Kids in the Hall","The Kids in the Hall",https://www.imdb.com/title/tt11921588/,Serie TV,8.1,25,2022,"Commedia",2487,2022-05-13,,,
659,tt17662096,2026-09-03,2026-09-03,,"The Kids in the Hall: Comedy Punks","The Kids in the Hall: Comedy Punks",https://www.imdb.com/title/tt17662096/,Film,8.1,95,2022,"Documentario",526,2022-05-13,"Reg Harkema",,
660,tt0118421,2026-09-03,2026-09-03,,"Oz","Oz",https://www.imdb.com/title/tt0118421/,Serie TV,8.7,60,1997,"Poliziesco, Drammatico, Thriller",117893,2000-01-20,,,
661,tt0903747,2026-09-03,2026-09-03,,"Breaking Bad - Reazioni collaterali","Breaking Bad",https://www.imdb.com/title/tt0903747/,Serie TV,9.5,48,2008,"Poliziesco, Drammatico, Thriller",2675166,2008-11-15,,,
662,tt11247158,2026-09-03,2026-09-03,,"La leggenda di Vox Machina","The Legend of Vox Machina",https://www.imdb.com/title/tt11247158/,Serie TV,8.4,30,2022,"Animazione, Azione, Avventura, Commedia, Fantastico",56881,2022-01-28,,,
663,tt0121955,2026-09-03,2026-09-03,,"South Park","South Park",https://www.imdb.com/title/tt0121955/,Serie TV,8.7,22,1997,"Animazione, Commedia",448238,2000-01-06,,,
664,tt0158983,2026-09-03,2026-09-03,,"South Park il film - Più grosso, più lungo & tutto intero","South Park: Bigger, Longer & Uncut",https://www.imdb.com/title/tt0158983/,Film,7.7,81,1999,"Animazione, Commedia, Fantastico, Musical",224525,2000-05-12,"Trey Parker",,
665,tt19265084,2026-09-03,2026-09-03,,"Takeshi's Castle","Fûun! Takeshi Jô",https://www.imdb.com/title/tt19265084/,Serie TV,6.7,60,2023,"Azione, Avventura, Commedia, Gioco a premi televisivo, Reality",604,2023-04-21,,,
666,tt14145426,2026-09-03,2026-09-03,,"Beavis & Butt-Head alla conquista dell'universo","Beavis and Butt-Head Do the Universe",https://www.imdb.com/title/tt14145426/,Film,7.0,87,2022,"Animazione, Commedia, Fantascienza",14952,2022-06-23,"Albert Calleros, Geoffrey Johnson, John Rice",,
667,tt0098936,2026-09-04,2026-09-04,,"I segreti di Twin Peaks","Twin Peaks",https://www.imdb.com/title/tt0098936/,Serie TV,8.7,50,1990,"Poliziesco, Drammatico, Giallo, Thriller",250710,1991-01-09,,,
668,tt2297757,2026-09-04,2026-09-04,,"Nathan for You","Nathan for You",https://www.imdb.com/title/tt2297757/,Serie TV,8.9,30,2013,"Documentario, Commedia",50858,2013-02-28,,,
669,tt29232890,2026-09-04,2026-09-04,,"Make Me Scream","Make Me Scream",https://www.imdb.com/title/tt29232890/,Speciale TV,4.7,,2023,"Reality",141,2023-10-03,,,
670,tt7216636,2026-09-04,2026-09-04,,"Hazbin Hotel","Hazbin Hotel",https://www.imdb.com/title/tt7216636/,Serie TV,7.6,32,2019,"Animazione, Commedia, Drammatico, Fantastico, Musical",38266,2019-10-28,,,
671,tt38952209,2026-09-04,2026-09-04,,"Hazbin Hotel: Live on Broadway","Hazbin Hotel: Live on Broadway",https://www.imdb.com/title/tt38952209/,Speciale TV,7.6,45,2025,"Commedia, Musica, Musical",333,2025-11-17,"Joe DeMaio",,
672,tt10691770,2026-09-04,2026-09-04,,"Helluva Boss","Helluva Boss",https://www.imdb.com/title/tt10691770/,Serie TV,7.9,20,2019,"Animazione, Azione, Commedia, Poliziesco, Drammatico, Fantastico, Horror, Musica, Musical, Sentimentale, Fantascienza",18140,2019-11-25,,,
673,tt11302324,2026-09-04,2026-09-04,,"James May - Il nostro agente...","James May: Our Man in...",https://www.imdb.com/title/tt11302324/,Serie TV,8.2,50,2020,"Documentario, Avventura, Commedia",9849,2020-01-03,,,
674,tt10541088,2026-09-04,2026-09-04,,"La fattoria Clarkson","Clarkson's Farm",https://www.imdb.com/title/tt10541088/,Serie TV,9.0,45,2021,"Documentario, Commedia, Reality",90389,2021-06-11,,,
675,tt31037265,2026-09-04,2026-09-04,,"Apartment404","Apartment404",https://www.imdb.com/title/tt31037265/,Serie TV,7.6,,2024,"Commedia",793,2024-02-23,,,
676,tt12637874,2026-09-04,2026-09-04,,"Fallout","Fallout",https://www.imdb.com/title/tt12637874/,Serie TV,8.3,60,2024,"Azione, Avventura, Drammatico, Fantascienza",403301,2024-04-10,,,
677,tt12809988,2026-09-04,2026-09-04,,"Sweet Tooth","Sweet Tooth",https://www.imdb.com/title/tt12809988/,Serie TV,7.7,50,2021,"Azione, Avventura, Drammatico, Fantastico, Fantascienza",79687,2021-06-04,,,
678,tt0411008,2026-09-04,2026-09-04,,"Lost","Lost",https://www.imdb.com/title/tt0411008/,Serie TV,8.3,45,2004,"Avventura, Drammatico, Fantastico, Giallo, Fantascienza, Thriller",681813,2005-03-22,,,
679,tt39020004,2026-09-04,2026-09-04,,"Spartacus: Gli dei dell'arena","Spartacus: Gods of the Arena",https://www.imdb.com/title/tt39020004/,Mini serie TV,8.4,60,2011,"Azione, Avventura, Biografico, Drammatico, Storico, Sentimentale",3812,2011-01-21,,,
680,tt1442449,2026-09-04,2026-09-04,,"Spartacus","Spartacus",https://www.imdb.com/title/tt1442449/,Serie TV,8.4,60,2010,"Azione, Avventura, Biografico, Drammatico, Sentimentale",297967,2011-02-17,,,
681,tt13622776,2026-09-04,2026-09-04,,"Ahsoka","Ahsoka",https://www.imdb.com/title/tt13622776/,Serie TV,7.4,50,2023,"Azione, Avventura, Fantastico, Fantascienza",144893,2023-08-23,,,
682,tt0285403,2026-09-04,2026-09-04,,"Scrubs: Medici ai primi ferri","Scrubs",https://www.imdb.com/title/tt0285403/,Serie TV,8.4,30,2001,"Commedia, Drammatico",287722,2003-03-19,,,
683,tt40197357,2026-09-04,2026-09-04,,"Scrubs","Scrubs",https://www.imdb.com/title/tt40197357/,Serie TV,8.2,21,2026,"Commedia, Drammatico",12234,2026-03-25,,,
684,tt1954347,2026-09-04,2026-09-04,,"Continuum","Continuum",https://www.imdb.com/title/tt1954347/,Serie TV,7.6,45,2012,"Azione, Fantascienza, Thriller",67079,2013-06-12,,,
685,tt2934286,2026-09-04,2026-09-04,,"Halo","Halo",https://www.imdb.com/title/tt2934286/,Serie TV,7.3,60,2022,"Azione, Avventura, Fantascienza, Thriller, Guerra",111491,2022-03-24,,,
686,tt0455275,2026-09-04,2026-09-04,,"Prison Break","Prison Break",https://www.imdb.com/title/tt0455275/,Serie TV,8.3,44,2005,"Azione, Poliziesco, Drammatico, Giallo, Thriller",680208,2006-05-18,,,
687,tt1119644,2026-09-04,2026-09-04,,"Fringe","Fringe",https://www.imdb.com/title/tt1119644/,Serie TV,8.4,46,2008,"Drammatico, Giallo, Fantascienza, Thriller",272588,2010-03-09,,,
688,tt31812476,2026-09-04,2026-09-04,,"Beast Games","Beast Games",https://www.imdb.com/title/tt31812476/,Serie TV,5.9,50,2024,"Gioco a premi televisivo, Reality",23387,2024-12-19,,,
689,tt1199099,2026-09-04,2026-09-04,,"Merlin","Merlin",https://www.imdb.com/title/tt1199099/,Serie TV,7.9,45,2008,"Avventura, Drammatico, Fantastico",94646,2008-12-15,,,
690,tt15599734,2026-09-04,2026-09-04,,"Murder Drones","Murder Drones",https://www.imdb.com/title/tt15599734/,Serie TV,7.5,21,2021,"Animazione, Azione, Avventura, Commedia, Drammatico, Fantastico, Horror, Sentimentale, Fantascienza, Thriller",6259,2021-10-29,,,
691,tt2189221,2026-09-04,2026-09-04,,"Defiance","Defiance",https://www.imdb.com/title/tt2189221/,Serie TV,7.0,43,2013,"Azione, Drammatico, Fantascienza",47044,2014-09-17,,,
692,tt0204993,2026-09-04,2026-09-04,,"Dark Angel","Dark Angel",https://www.imdb.com/title/tt0204993/,Serie TV,7.4,60,2000,"Azione, Drammatico, Giallo, Fantascienza",36524,2003-01-21,,,
693,tt1548850,2026-09-04,2026-09-04,,"Misfits","Misfits",https://www.imdb.com/title/tt1548850/,Serie TV,8.1,60,2009,"Commedia, Drammatico, Fantastico, Sentimentale, Fantascienza",113561,2011-01-10,,,
694,tt26453092,2026-09-04,2026-09-04,,"The Mighty Nein","The Mighty Nein",https://www.imdb.com/title/tt26453092/,Serie TV,8.4,30,2025,"Animazione, Azione, Avventura, Commedia, Fantastico",14547,2025-11-19,,,
695,tt2070791,2026-09-04,2026-09-04,,"Revolution","Revolution",https://www.imdb.com/title/tt2070791/,Serie TV,6.6,43,2012,"Azione, Avventura, Drammatico, Sentimentale, Fantascienza, Thriller",88462,2013-01-15,,,
696,tt1228705,2026-09-04,2026-09-04,,"Iron Man 2","Iron Man 2",https://www.imdb.com/title/tt1228705/,Film,6.9,124,2010,"Azione, Fantascienza",957415,2010-04-30,"Jon Favreau",,
697,tt1300854,2026-09-04,2026-09-04,,"Iron Man 3","Iron Man Three",https://www.imdb.com/title/tt1300854/,Film,7.1,130,2013,"Azione, Avventura, Fantascienza",983939,2013-04-24,"Shane Black",,
698,tt1843866,2026-09-04,2026-09-04,,"Captain America: The Winter Soldier","Captain America: The Winter Soldier",https://www.imdb.com/title/tt1843866/,Film,7.7,136,2014,"Azione, Avventura, Fantascienza, Thriller",989449,2014-03-26,"Anthony Russo, Joe Russo",,
699,tt0458339,2026-09-04,2026-09-04,,"Captain America - Il primo Vendicatore","Captain America: The First Avenger",https://www.imdb.com/title/tt0458339/,Film,6.9,124,2011,"Azione, Avventura, Fantascienza",987167,2011-07-22,"Joe Johnston",,
700,tt6264654,2026-09-04,2026-09-04,,"Free Guy - Eroe per gioco","Free Guy",https://www.imdb.com/title/tt6264654/,Film,7.1,115,2021,"Azione, Avventura, Commedia, Fantastico, Sentimentale, Fantascienza",497515,2021-08-11,"Shawn Levy",,
701,tt0112462,2026-09-04,2026-09-04,,"Batman Forever","Batman Forever",https://www.imdb.com/title/tt0112462/,Film,5.5,121,1995,"Azione, Avventura",284978,1995-10-06,"Joel Schumacher",,
702,tt0348150,2026-09-04,2026-09-04,,"Superman Returns","Superman Returns",https://www.imdb.com/title/tt0348150/,Film,6.1,154,2006,"Azione, Avventura, Fantascienza",304926,2006-09-01,"Bryan Singer",,
703,tt0311429,2026-09-04,2026-09-04,,"La leggenda degli uomini straordinari","The League of Extraordinary Gentlemen",https://www.imdb.com/title/tt0311429/,Film,5.8,110,2003,"Azione, Avventura, Fantastico, Fantascienza",193301,2003-10-10,"Stephen Norrington",,
704,tt0095016,2026-09-04,2026-09-04,,"Trappola di cristallo","Die Hard",https://www.imdb.com/title/tt0095016/,Film,8.2,132,1988,"Azione, Thriller",1039900,1988-09-29,"John McTiernan",,
705,tt0337978,2026-09-04,2026-09-04,,"Die Hard - Vivere o morire","Live Free or Die Hard",https://www.imdb.com/title/tt0337978/,Film,7.1,128,2007,"Azione, Thriller",437826,2007-10-26,"Len Wiseman",,
706,tt0099423,2026-09-04,2026-09-04,,"58 minuti per morire - Die Harder","Die Hard 2",https://www.imdb.com/title/tt0099423/,Film,7.2,124,1990,"Azione, Thriller",409985,1990-10-19,"Renny Harlin",,
707,tt0112864,2026-09-04,2026-09-04,,"Die Hard - Duri a morire","Die Hard with a Vengeance",https://www.imdb.com/title/tt0112864/,Film,7.6,128,1995,"Azione, Avventura, Thriller",433339,1995-10-20,"John McTiernan",,
708,tt1606378,2026-09-04,2026-09-04,,"Die Hard - Un buon giorno per morire","A Good Day to Die Hard",https://www.imdb.com/title/tt1606378/,Film,5.2,98,2013,"Azione, Thriller",224430,2013-02-14,"John Moore",,
709,tt0368891,2026-09-04,2026-09-04,,"Il mistero dei Templari","National Treasure",https://www.imdb.com/title/tt0368891/,Film,6.9,131,2004,"Azione, Avventura, Giallo, Thriller",381534,2004-12-07,"Jon Turteltaub",,
710,tt0465234,2026-09-04,2026-09-04,,"Il mistero delle pagine perdute","National Treasure: Book of Secrets",https://www.imdb.com/title/tt0465234/,Film,6.5,124,2007,"Azione, Avventura, Giallo, Thriller",269522,2007-12-21,"Jon Turteltaub",,
711,tt0477347,2026-09-04,2026-09-04,,"Una notte al museo","Night at the Museum",https://www.imdb.com/title/tt0477347/,Film,6.5,108,2006,"Avventura, Commedia, Per famiglie, Fantastico",416472,2007-02-02,"Shawn Levy",,
712,tt1078912,2026-09-04,2026-09-04,,"Una notte al museo 2 - La fuga","Night at the Museum: Battle of the Smithsonian",https://www.imdb.com/title/tt1078912/,Film,6.0,105,2009,"Avventura, Commedia, Per famiglie, Fantastico",232362,2009-05-22,"Shawn Levy",,
713,tt2692250,2026-09-04,2026-09-04,,"Notte al museo - Il segreto del faraone","Night at the Museum: Secret of the Tomb",https://www.imdb.com/title/tt2692250/,Film,6.2,98,2014,"Avventura, Commedia, Per famiglie, Fantastico",152223,2015-01-28,"Shawn Levy",,
714,tt1270798,2026-09-04,2026-09-04,,"X-Men - L'inizio","X: First Class",https://www.imdb.com/title/tt1270798/,Film,7.7,131,2011,"Azione, Fantascienza",773456,2011-06-08,"Matthew Vaughn",,
715,tt0296572,2026-09-04,2026-09-04,,"The Chronicles of Riddick","The Chronicles of Riddick",https://www.imdb.com/title/tt0296572/,Film,6.6,119,2004,"Azione, Avventura, Fantascienza, Thriller",253553,2004-08-20,"David Twohy",,
716,tt0319262,2026-09-04,2026-09-04,,"The Day After Tomorrow - L'alba del giorno dopo","The Day After Tomorrow",https://www.imdb.com/title/tt0319262/,Film,6.5,124,2004,"Azione, Avventura, Fantascienza, Thriller",517546,2004-05-28,"Roland Emmerich",,
717,tt1853728,2026-09-04,2026-09-04,,"Django Unchained","Django Unchained",https://www.imdb.com/title/tt1853728/,Film,8.5,165,2012,"Drammatico, Western",1913124,2013-01-17,"Quentin Tarantino",,
718,tt0266697,2026-09-04,2026-09-04,,"Kill Bill - Volume 1","Kill Bill: Vol. 1",https://www.imdb.com/title/tt0266697/,Film,8.2,111,2003,"Azione, Poliziesco, Thriller",1324799,2003-10-24,"Quentin Tarantino",,
719,tt0110413,2026-09-04,2026-09-04,,"Léon","Léon",https://www.imdb.com/title/tt0110413/,Film,8.5,110,1994,"Azione, Poliziesco, Drammatico, Thriller",1365401,1995-04-07,"Luc Besson",,
720,tt0103064,2026-09-04,2026-09-04,,"Terminator 2 - Il giorno del giudizio","Terminator 2: Judgment Day",https://www.imdb.com/title/tt0103064/,Film,8.6,137,1991,"Azione, Avventura, Fantascienza",1300582,1991-12-19,"James Cameron",,
721,tt0378194,2026-09-04,2026-09-04,,"Kill Bill - Volume 2","Kill Bill: Vol. 2",https://www.imdb.com/title/tt0378194/,Film,8.0,137,2004,"Azione, Poliziesco, Thriller",880212,2004-04-23,"Quentin Tarantino",,
722,tt0936501,2026-09-04,2026-09-04,,"Io vi troverò","Taken",https://www.imdb.com/title/tt0936501/,Film,7.7,90,2008,"Azione, Poliziesco, Thriller",678389,2008-08-14,"Pierre Morel",,
723,tt0328107,2026-09-04,2026-09-04,,"Man on Fire - Il fuoco della vendetta","Man on Fire",https://www.imdb.com/title/tt0328107/,Film,7.7,146,2004,"Azione, Poliziesco, Drammatico, Thriller",426222,2004-09-10,"Tony Scott",,
724,tt0100802,2026-09-04,2026-09-04,,"Atto di forza","Total Recall",https://www.imdb.com/title/tt0100802/,Film,7.5,113,1990,"Azione, Avventura, Fantascienza",384863,1990-12-13,"Paul Verhoeven",,
725,tt0133152,2026-09-04,2026-09-04,,"Planet of the Apes - Il pianeta delle scimmie","Planet of the Apes",https://www.imdb.com/title/tt0133152/,Film,5.7,120,2001,"Azione, Avventura, Fantascienza, Thriller",243212,2001-09-14,"Tim Burton",,
726,tt0063442,2026-09-04,2026-09-04,,"Il pianeta delle scimmie","Planet of the Apes",https://www.imdb.com/title/tt0063442/,Film,8.0,112,1968,"Avventura, Fantascienza",211245,1968-04-10,"Franklin J. Schaffner",,
727,tt11389872,2026-09-04,2026-09-04,,"Il regno del pianeta delle scimmie","Kingdom of the Planet of the Apes",https://www.imdb.com/title/tt11389872/,Film,6.8,145,2024,"Azione, Avventura, Drammatico, Fantascienza, Thriller",172310,2024-05-08,"Wes Ball",,
728,tt1318514,2026-09-04,2026-09-04,,"L'alba del pianeta delle scimmie","Rise of the Planet of the Apes",https://www.imdb.com/title/tt1318514/,Film,7.6,105,2011,"Azione, Drammatico, Fantascienza, Thriller",610042,2011-09-23,"Rupert Wyatt",,
729,tt2103281,2026-09-04,2026-09-04,,"Apes Revolution - Il pianeta delle scimmie","Dawn of the Planet of the Apes",https://www.imdb.com/title/tt2103281/,Film,7.6,130,2014,"Azione, Avventura, Drammatico, Fantascienza, Thriller",515189,2014-07-30,"Matt Reeves",,
730,tt3450958,2026-09-04,2026-09-04,,"The War - Il pianeta delle scimmie","War for the Planet of the Apes",https://www.imdb.com/title/tt3450958/,Film,7.4,140,2017,"Azione, Avventura, Drammatico, Fantascienza, Thriller",330221,2017-07-13,"Matt Reeves",,
731,tt0067065,2026-09-04,2026-09-04,,"Fuga dal pianeta delle scimmie","Escape from the Planet of the Apes",https://www.imdb.com/title/tt0067065/,Film,6.3,98,1971,"Azione, Fantascienza",45173,1971-11-20,"Don Taylor",,
732,tt0065462,2026-09-04,2026-09-04,,"L'altra faccia del pianeta delle scimmie","Beneath the Planet of the Apes",https://www.imdb.com/title/tt0065462/,Film,6.0,95,1970,"Azione, Avventura, Fantascienza",57026,1970-04-23,"Ted Post",,
733,tt1877832,2026-09-04,2026-09-04,,"X-Men - Giorni di un futuro passato","X-Men: Days of Future Past",https://www.imdb.com/title/tt1877832/,Film,7.9,132,2014,"Azione, Avventura, Fantascienza, Thriller",797517,2014-05-22,"Bryan Singer",,
734,tt4154796,2026-09-04,2026-09-04,,"Avengers: Endgame","Avengers: Endgame",https://www.imdb.com/title/tt4154796/,Film,8.4,181,2019,"Azione, Avventura, Fantascienza",1487064,2019-04-24,"Anthony Russo, Joe Russo",,
735,tt0068408,2026-09-04,2026-09-04,,"1999: Conquista della Terra","Conquest of the Planet of the Apes",https://www.imdb.com/title/tt0068408/,Film,6.1,88,1972,"Azione, Fantascienza",40929,1972-06-30,"J. Lee Thompson",,
736,tt0069768,2026-09-04,2026-09-04,,"Anno 2670 - Ultimo atto","Battle for the Planet of the Apes",https://www.imdb.com/title/tt0069768/,Film,5.4,93,1973,"Azione, Fantascienza",38236,1973-06-15,"J. Lee Thompson",,
737,tt0293662,2026-09-04,2026-09-04,,"The Transporter","The Transporter",https://www.imdb.com/title/tt0293662/,Film,6.8,92,2002,"Azione, Poliziesco, Thriller",340934,2003-07-18,"Corey Yuen",,
738,tt0112442,2026-09-04,2026-09-04,,"Bad Boys","Bad Boys",https://www.imdb.com/title/tt0112442/,Film,6.8,119,1995,"Azione, Commedia, Poliziesco, Thriller",318945,1995-09-01,"Michael Bay",,
739,tt0172156,2026-09-04,2026-09-04,,"Bad Boys II","Bad Boys II",https://www.imdb.com/title/tt0172156/,Film,6.6,147,2003,"Azione, Commedia, Poliziesco, Thriller",290868,2003-10-17,"Michael Bay",,
740,tt6604188,2026-09-04,2026-09-04,,"Tron: Ares","Tron: Ares",https://www.imdb.com/title/tt6604188/,Film,6.1,119,2025,"Azione, Avventura, Fantascienza",86404,2025-10-09,"Joachim Rønning",,
741,tt0084827,2026-09-04,2026-09-04,,"Tron","Tron",https://www.imdb.com/title/tt0084827/,Film,6.7,96,1982,"Azione, Avventura, Fantascienza",147542,1982-12-24,"Steven Lisberger",,
742,tt1104001,2026-09-04,2026-09-04,,"Tron: Legacy","Tron: Legacy",https://www.imdb.com/title/tt1104001/,Film,6.8,125,2010,"Azione, Avventura, Fantascienza",389778,2010-12-29,"Joseph Kosinski",,
743,tt1430132,2026-09-04,2026-09-04,,"Wolverine - L'immortale","The Wolverine",https://www.imdb.com/title/tt1430132/,Film,6.7,126,2013,"Azione, Fantascienza, Thriller",530313,2013-07-25,"James Mangold",,
744,tt0458525,2026-09-04,2026-09-04,,"X-Men: le origini - Wolverine","X-Men Origins: Wolverine",https://www.imdb.com/title/tt0458525/,Film,6.5,107,2009,"Azione, Fantascienza",575549,2009-04-29,"Gavin Hood",,
745,tt0120903,2026-09-04,2026-09-04,,"X-Men","X-Men",https://www.imdb.com/title/tt0120903/,Film,7.3,104,2000,"Azione, Avventura, Fantascienza",704513,2000-10-27,"Bryan Singer",,
746,tt0290334,2026-09-04,2026-09-04,,"X-Men 2","X2",https://www.imdb.com/title/tt0290334/,Film,7.4,134,2003,"Azione, Fantascienza, Thriller",619754,2003-04-30,"Bryan Singer",,
747,tt3385516,2026-09-04,2026-09-04,,"X-Men: Apocalisse","X-Men: Apocalypse",https://www.imdb.com/title/tt3385516/,Film,6.8,144,2016,"Azione, Avventura, Fantascienza",499328,2016-05-18,"Bryan Singer",,
748,tt14513804,2026-09-04,2026-09-04,,"Captain America: Brave New World","Captain America: Brave New World",https://www.imdb.com/title/tt14513804/,Film,5.6,118,2025,"Azione, Avventura, Fantascienza",192748,2025-02-12,"Julius Onah",,
749,tt10676052,2026-09-04,2026-09-04,,"I Fantastici 4 - Gli Inizi","The Fantastic Four: First Steps",https://www.imdb.com/title/tt10676052/,Film,6.8,115,2025,"Azione, Avventura, Fantascienza",290585,2025-07-23,"Matt Shakman",,
750,tt11858890,2026-09-04,2026-09-04,,"The Creator","The Creator",https://www.imdb.com/title/tt11858890/,Film,6.7,133,2023,"Azione, Avventura, Drammatico, Fantascienza, Thriller",205043,2023-09-28,"Gareth Edwards",,
751,tt0268380,2026-09-04,2026-09-04,,"L'era glaciale","Ice Age",https://www.imdb.com/title/tt0268380/,Film,7.5,81,2002,"Animazione, Avventura, Commedia, Per famiglie",572177,2002-04-24,"Chris Wedge, Carlos Saldanha",,
752,tt0438097,2026-09-04,2026-09-04,,"L'era glaciale 2 - Il disgelo","Ice Age: The Meltdown",https://www.imdb.com/title/tt0438097/,Film,6.8,91,2006,"Animazione, Avventura, Commedia, Per famiglie",321911,2006-04-21,"Carlos Saldanha",,
753,tt1080016,2026-09-04,2026-09-04,,"L'era glaciale 3 - L'alba dei dinosauri","Ice Age: Dawn of the Dinosaurs",https://www.imdb.com/title/tt1080016/,Film,6.9,94,2009,"Animazione, Avventura, Commedia, Per famiglie",289530,2009-08-28,"Carlos Saldanha, Michael Thurmeier",,
754,tt1667889,2026-09-04,2026-09-04,,"L'era glaciale 4 - Continenti alla deriva","Ice Age: Continental Drift",https://www.imdb.com/title/tt1667889/,Film,6.5,88,2012,"Animazione, Avventura, Commedia, Per famiglie",246438,2012-09-28,"Steve Martino, Michael Thurmeier",,
755,tt3416828,2026-09-04,2026-09-04,,"L'era glaciale 5 - In rotta di collisione","Ice Age: Collision Course",https://www.imdb.com/title/tt3416828/,Film,5.7,94,2016,"Animazione, Azione, Avventura, Commedia, Per famiglie, Fantascienza",87933,2016-08-22,"Michael Thurmeier, Galen T. Chu",,
756,tt10548174,2026-09-04,2026-09-04,,"28 anni dopo","28 Years Later",https://www.imdb.com/title/tt10548174/,Film,6.6,115,2025,"Horror, Fantascienza, Thriller",227178,2025-06-20,"Danny Boyle",,
757,tt0463854,2026-09-04,2026-09-04,,"28 settimane dopo","28 Weeks Later",https://www.imdb.com/title/tt0463854/,Film,6.8,100,2007,"Horror, Fantascienza",368386,2007-09-28,"Juan Carlos Fresnadillo",,
758,tt0970416,2026-09-04,2026-09-04,,"Ultimatum alla Terra","The Day the Earth Stood Still",https://www.imdb.com/title/tt0970416/,Film,5.5,104,2008,"Avventura, Drammatico, Fantascienza, Thriller",188752,2008-12-12,"Scott Derrickson",,
759,tt0091064,2026-09-04,2026-09-04,,"La mosca","The Fly",https://www.imdb.com/title/tt0091064/,Film,7.6,96,1986,"Drammatico, Horror, Fantascienza",227348,1987-01-08,"David Cronenberg",,
760,tt0286106,2026-09-04,2026-09-04,,"Signs","Signs",https://www.imdb.com/title/tt0286106/,Film,6.8,106,2002,"Drammatico, Giallo, Fantascienza, Thriller",418579,2002-10-17,"M. Night Shyamalan",,
761,tt0120461,2026-09-04,2026-09-04,,"Vulcano - Los Angeles 1997","Volcano",https://www.imdb.com/title/tt0120461/,Film,5.6,104,1997,"Azione, Drammatico, Fantascienza, Thriller",87918,1997-11-28,"Mick Jackson",,
762,tt0443701,2026-09-04,2026-09-04,,"X-Files: Voglio crederci","The X Files: I Want to Believe",https://www.imdb.com/title/tt0443701/,Film,5.9,104,2008,"Avventura, Poliziesco, Drammatico, Horror, Giallo, Fantascienza, Thriller",97637,2008-09-05,"Chris Carter",,
763,tt0382625,2026-09-04,2026-09-04,,"Il codice da Vinci","The Da Vinci Code",https://www.imdb.com/title/tt0382625/,Film,6.7,149,2006,"Giallo, Thriller",490273,2006-05-19,"Ron Howard",,
764,tt0368447,2026-09-04,2026-09-04,,"The Village","The Village",https://www.imdb.com/title/tt0368447/,Film,6.6,108,2004,"Drammatico, Giallo, Thriller",299315,2004-10-29,"M. Night Shyamalan",,
765,tt0298130,2026-09-04,2026-09-04,,"The Ring","The Ring",https://www.imdb.com/title/tt0298130/,Film,7.1,115,2002,"Horror, Giallo",406497,2003-02-21,"Gore Verbinski",,
766,tt0178868,2026-09-04,2026-09-04,,"The Ring","Ringu",https://www.imdb.com/title/tt0178868/,Film,7.2,96,1998,"Horror, Giallo",87220,1998-01-31,"Hideo Nakata",,
767,tt0185937,2026-09-04,2026-09-04,,"The Blair Witch Project - Il mistero della strega di Blair","The Blair Witch Project",https://www.imdb.com/title/tt0185937/,Film,6.5,81,1999,"Horror, Giallo",322510,2000-02-18,"Daniel Myrick, Eduardo Sánchez",,
768,tt0384537,2026-09-04,2026-09-04,,"Silent Hill","Silent Hill",https://www.imdb.com/title/tt0384537/,Film,6.5,125,2006,"Horror, Giallo",263230,2006-07-07,"Christophe Gans",,
769,tt15791034,2026-09-04,2026-09-04,,"Barbarian","Barbarian",https://www.imdb.com/title/tt15791034/,Film,7.0,102,2022,"Horror, Giallo, Thriller",270634,2022-10-26,"Zach Cregger",,
770,tt2321549,2026-09-04,2026-09-04,,"Babadook","The Babadook",https://www.imdb.com/title/tt2321549/,Film,6.8,94,2014,"Drammatico, Horror, Giallo",272859,2015-07-15,"Jennifer Kent",,
771,tt0377109,2026-09-04,2026-09-04,,"The Ring 2","The Ring Two",https://www.imdb.com/title/tt0377109/,Film,5.4,110,2005,"Horror, Giallo",106754,2005-04-08,"Hideo Nakata",,
772,tt0218553,2026-09-04,2026-09-04,,"Ring 2","Ringu 2",https://www.imdb.com/title/tt0218553/,Film,5.8,95,1999,"Horror, Giallo, Fantascienza",16188,1999-01-23,"Hideo Nakata",,
773,tt0235712,2026-09-04,2026-09-04,,"Ring 0: Birthday","Ringu 0: Bâsudei",https://www.imdb.com/title/tt0235712/,Film,5.9,99,2000,"Horror, Giallo, Thriller",10865,2000-01-22,"Norio Tsuruta",,
774,tt0391198,2026-09-04,2026-09-04,,"The Grudge","The Grudge",https://www.imdb.com/title/tt0391198/,Film,5.9,91,2004,"Horror, Giallo, Thriller",159557,2005-01-05,"Takashi Shimizu",,
775,tt0433386,2026-09-04,2026-09-04,,"The Grudge 2","The Grudge 2",https://www.imdb.com/title/tt0433386/,Film,5.1,102,2006,"Horror, Thriller",54036,2006-11-10,"Takashi Shimizu",,
776,tt0364385,2026-09-04,2026-09-04,,"Ju-on: Rancore","Ju-on",https://www.imdb.com/title/tt0364385/,Film,6.7,92,2002,"Horror",52870,2003-01-25,"Takashi Shimizu",,
777,tt0330500,2026-09-04,2026-09-04,,"Ju-on","Ju-on",https://www.imdb.com/title/tt0330500/,Video,6.8,70,2000,"Horror, Giallo",10354,2000-02-11,"Takashi Shimizu",,
778,tt0367913,2026-09-04,2026-09-04,,"Ju-on 2 - La maledizione","Ju-on 2",https://www.imdb.com/title/tt0367913/,Film,6.3,92,2003,"Drammatico, Horror, Giallo, Thriller",12349,2003-09-05,"Takashi Shimizu",,
779,tt0330501,2026-09-04,2026-09-04,,"Ju-on 2","Ju-on 2",https://www.imdb.com/title/tt0330501/,Film,6.0,76,2000,"Horror, Giallo",4807,2004-04-01,"Takashi Shimizu",,
780,tt0448694,2026-09-05,2026-09-05,,"Il gatto con gli stivali","Puss in Boots",https://www.imdb.com/title/tt0448694/,Film,6.6,90,2011,"Animazione, Azione, Avventura, Commedia, Per famiglie, Fantastico",214765,2011-12-16,"Chris Miller",,
781,tt0230600,2026-09-05,2026-09-05,,"The Others","The Others",https://www.imdb.com/title/tt0230600/,Film,7.6,101,2001,"Horror, Giallo, Thriller",432086,2001-09-14,"Alejandro Amenábar",,
782,tt1446192,2026-09-05,2026-09-05,,"Le 5 leggende","Rise of the Guardians",https://www.imdb.com/title/tt1446192/,Film,7.2,97,2012,"Animazione, Azione, Avventura, Commedia, Drammatico, Per famiglie, Fantastico, Fantascienza",211551,2012-11-29,"Peter Ramsey",,
783,tt0232500,2026-09-05,2026-09-05,,"Fast and Furious","The Fast and the Furious",https://www.imdb.com/title/tt0232500/,Film,6.8,106,2001,"Azione, Poliziesco, Thriller",466591,2001-09-21,"Rob Cohen",,
784,tt0234215,2026-09-05,2026-09-05,,"Matrix Reloaded","The Matrix Reloaded",https://www.imdb.com/title/tt0234215/,Film,7.2,138,2003,"Azione, Fantascienza",676714,2003-05-23,"Lana Wachowski, Lilly Wachowski",,
785,tt2428170,2026-09-05,2026-09-05,,"Creep","Creep",https://www.imdb.com/title/tt2428170/,Film,6.3,77,2014,"Horror, Thriller",87367,2015-06-23,"Patrick Brice",,
786,tt3498820,2026-09-05,2026-09-05,,"Captain America: Civil War","Captain America: Civil War",https://www.imdb.com/title/tt3498820/,Film,7.8,147,2016,"Azione, Fantascienza",948846,2016-05-04,"Anthony Russo, Joe Russo",,
787,tt4154664,2026-09-05,2026-09-05,,"Captain Marvel","Captain Marvel",https://www.imdb.com/title/tt4154664/,Film,6.7,123,2019,"Azione, Avventura, Fantascienza",672721,2019-03-06,"Anna Boden, Ryan Fleck",,
788,tt1098327,2026-09-05,2026-09-05,,"Dragonball Evolution","Dragonball: Evolution",https://www.imdb.com/title/tt1098327/,Film,2.5,85,2009,"Azione, Avventura, Fantastico, Fantascienza, Thriller",85501,2009-04-10,"James Wong",,
789,tt0387808,2026-09-05,2026-09-05,,"Idiocracy","Idiocracy",https://www.imdb.com/title/tt0387808/,Film,6.5,84,2006,"Avventura, Commedia, Fantascienza, Thriller",221438,2007-08-03,"Mike Judge",,
790,tt0118998,2026-09-05,2026-09-05,,"Il dottor Dolittle","Doctor Dolittle",https://www.imdb.com/title/tt0118998/,Film,5.5,85,1998,"Commedia, Per famiglie, Fantastico",107621,1998-08-28,"Betty Thomas",,
791,tt0240462,2026-09-05,2026-09-05,,"Il dottor Dolittle 2","Dr. Dolittle 2",https://www.imdb.com/title/tt0240462/,Film,4.8,87,2001,"Commedia, Per famiglie, Fantastico",49088,2001-08-24,"Steve Carr",,
792,tt0256380,2026-09-05,2026-09-05,,"Amore a prima svista","Shallow Hal",https://www.imdb.com/title/tt0256380/,Film,6.0,114,2001,"Commedia, Drammatico, Fantastico, Sentimentale",155728,2002-04-12,"Bobby Farrelly, Peter Farrelly",,
793,tt0980970,2026-09-05,2026-09-05,,"Le cronache di Narnia - Il viaggio del veliero","The Chronicles of Narnia: The Voyage of the Dawn Treader",https://www.imdb.com/title/tt0980970/,Film,6.3,113,2010,"Avventura, Per famiglie, Fantastico",179365,2010-12-10,"Michael Apted",,
794,tt0499448,2026-09-05,2026-09-05,,"Le Cronache Di Narnia - Il Principe Caspian","The Chronicles of Narnia: Prince Caspian",https://www.imdb.com/title/tt0499448/,Film,6.5,150,2008,"Azione, Avventura, Per famiglie, Fantastico",241575,2008-08-14,"Andrew Adamson",,
795,tt2100546,2026-09-05,2026-09-05,,"L'era glaciale presenta: L'era Natale","Ice Age: A Mammoth Christmas",https://www.imdb.com/title/tt2100546/,Film per la TV,6.4,26,2011,"Animazione, Avventura, Commedia, Per famiglie, Fantastico",12220,2011-11-26,"Karen Disher",,
796,tt1825683,2026-09-05,2026-09-05,,"Black Panther","Black Panther",https://www.imdb.com/title/tt1825683/,Film,7.3,134,2018,"Azione, Avventura, Fantascienza",926126,2018-02-14,"Ryan Coogler",,
797,tt9114286,2026-09-05,2026-09-05,,"Black Panther: Wakanda Forever","Black Panther: Wakanda Forever",https://www.imdb.com/title/tt9114286/,Film,6.6,161,2022,"Azione, Avventura, Drammatico, Fantascienza",401593,2022-11-09,"Ryan Coogler",,
798,tt0388482,2026-09-05,2026-09-05,,"Transporter: Extreme","Transporter 2",https://www.imdb.com/title/tt0388482/,Film,6.3,87,2005,"Azione, Thriller",227759,2005-11-25,"Louis Leterrier",,
799,tt0343818,2026-09-05,2026-09-05,,"Io, robot","I, Robot",https://www.imdb.com/title/tt0343818/,Film,7.1,115,2004,"Azione, Giallo, Fantascienza, Thriller",621228,2004-10-22,"Alex Proyas",,
800,tt1384816,2026-09-05,2026-09-05,,"Mater's Tall Tales","Mater's Tall Tales",https://www.imdb.com/title/tt1384816/,Serie TV,6.8,36,2008,"Animazione, Avventura, Commedia, Per famiglie, Sportivo",5306,2008-10-27,,,
801,tt3748256,2026-09-05,2026-09-05,,"Cars Toon: Racconti da Radiator Springs","Tales from Radiator Springs",https://www.imdb.com/title/tt3748256/,Mini serie TV,6.5,5,2013,"Animazione, Cortometraggio, Commedia, Per famiglie, Sportivo",1259,2013-03-22,,,
802,tt4396630,2026-09-05,2026-09-05,,"The Gifted","The Gifted",https://www.imdb.com/title/tt4396630/,Serie TV,7.2,45,2017,"Azione, Fantastico, Fantascienza",41149,2017-10-18,,,
803,tt0467406,2026-09-05,2026-09-05,,"Juno","Juno",https://www.imdb.com/title/tt0467406/,Film,7.4,96,2007,"Commedia, Drammatico",575424,2008-04-04,"Jason Reitman",,
804,tt14957270,2026-09-05,2026-09-05,,"The Good, the Bart, and the Loki","The Good, the Bart, and the Loki",https://www.imdb.com/title/tt14957270/,Corto,6.1,4,2021,"Animazione, Cortometraggio, Azione, Commedia, Per famiglie",4642,2021-07-07,"David Silverman",,
805,tt1706593,2026-09-05,2026-09-05,,"Chronicle","Chronicle",https://www.imdb.com/title/tt1706593/,Film,7.0,89,2012,"Drammatico, Fantascienza, Thriller",280063,2012-05-09,"Josh Trank",,
806,tt0102059,2026-09-05,2026-09-05,,"Hot Shots!","Hot Shots!",https://www.imdb.com/title/tt0102059/,Film,6.7,85,1991,"Azione, Commedia",126177,1991-09,"Jim Abrahams",,
807,tt0133240,2026-09-05,2026-09-05,,"Il pianeta del tesoro","Treasure Planet",https://www.imdb.com/title/tt0133240/,Film,7.2,95,2002,"Animazione, Azione, Avventura, Per famiglie, Fantascienza",150574,2002-12-20,"Ron Clements, John Musker",,
808,tt0429493,2026-09-05,2026-09-05,,"A-Team","The A-Team",https://www.imdb.com/title/tt0429493/,Film,6.7,118,2010,"Azione, Avventura, Poliziesco, Thriller",278529,2010-06-18,"Joe Carnahan",,
809,tt1298649,2026-09-05,2026-09-05,,"Vicini del terzo tipo","The Watch",https://www.imdb.com/title/tt1298649/,Film,5.7,102,2012,"Commedia, Fantascienza",138654,2012-11-08,"Akiva Schaffer",,
810,tt1124373,2026-09-05,2026-09-05,,"Sons of Anarchy","Sons of Anarchy",https://www.imdb.com/title/tt1124373/,Serie TV,8.5,45,2008,"Poliziesco, Drammatico, Thriller",360096,2009-05-07,,,
811,tt1436562,2026-09-05,2026-09-05,,"Rio","Rio",https://www.imdb.com/title/tt1436562/,Film,6.9,96,2011,"Animazione, Avventura, Commedia, Per famiglie, Musica, Sentimentale",277695,2011-04-15,"Carlos Saldanha",,
812,tt2357291,2026-09-05,2026-09-05,,"Rio 2 - Missione Amazzonia","Rio 2",https://www.imdb.com/title/tt2357291/,Film,6.3,101,2014,"Animazione, Avventura, Commedia, Per famiglie, Musica, Musical, Sentimentale",113464,2014-04-17,"Carlos Saldanha",,
813,tt2948372,2026-09-05,2026-09-05,,"Soul","Soul",https://www.imdb.com/title/tt2948372/,Film,8.0,100,2020,"Animazione, Avventura, Commedia, Drammatico, Per famiglie, Fantastico, Musica",457813,2020-12-25,"Pete Docter, Kemp Powers",,
814,tt0848537,2026-09-05,2026-09-05,,"Epic - Il mondo segreto","Epic",https://www.imdb.com/title/tt0848537/,Film,6.6,102,2013,"Animazione, Azione, Avventura, Per famiglie, Fantastico, Thriller",115272,2013-05-23,"Chris Wedge",,
815,tt0344854,2026-09-05,2026-09-05,,"Arthur e il popolo dei Minimei","Arthur et les Minimoys",https://www.imdb.com/title/tt0344854/,Film,6.0,94,2006,"Animazione, Avventura, Commedia, Per famiglie, Fantastico",45082,2007-02-02,"Luc Besson",,
816,tt5774060,2026-09-05,2026-09-05,,"Underwater","Underwater",https://www.imdb.com/title/tt5774060/,Film,5.9,95,2020,"Azione, Avventura, Horror, Fantascienza, Thriller",110284,2020-01-30,"William Eubank",,
817,tt0454841,2026-09-05,2026-09-05,,"Le colline hanno gli occhi","The Hills Have Eyes",https://www.imdb.com/title/tt0454841/,Film,6.4,107,2006,"Horror, Thriller",197529,2006-08-25,"Alexandre Aja",,
818,tt0800069,2026-09-05,2026-09-05,,"Le colline hanno gli occhi 2","The Hills Have Eyes II",https://www.imdb.com/title/tt0800069/,Film,5.1,89,2007,"Horror, Thriller",71905,2007-05-11,"Martin Weisz",,
819,tt7734218,2026-09-05,2026-09-05,,"Stuber - Autista d'assalto","Stuber",https://www.imdb.com/title/tt7734218/,Film,6.2,93,2019,"Azione, Commedia, Poliziesco, Giallo, Thriller",54967,2019-08-29,"Michael Dowse",,
820,tt0120762,2026-09-05,2026-09-05,,"Mulan","Mulan",https://www.imdb.com/title/tt0120762/,Film,7.7,87,1998,"Animazione, Avventura, Commedia, Per famiglie, Fantastico, Musical, Guerra",351035,1998-12-04,"Tony Bancroft, Barry Cook",,
821,tt9362722,2026-09-05,2026-09-05,,"Spider-Man: Across the Spider-Verse","Spider-Man: Across the Spider-Verse",https://www.imdb.com/title/tt9362722/,Film,8.5,140,2023,"Animazione, Azione, Avventura, Per famiglie, Fantastico, Fantascienza",552680,2023-06-01,"Joaquim Dos Santos, Kemp Powers, Justin K. Thompson",,
822,tt0983193,2026-09-05,2026-09-05,,"Le avventure di Tintin - Il segreto dell'Unicorno","The Adventures of Tintin",https://www.imdb.com/title/tt0983193/,Film,7.3,107,2011,"Animazione, Azione, Avventura, Per famiglie, Giallo",257455,2011-10-28,"Steven Spielberg",,
823,tt5109280,2026-09-05,2026-09-05,,"Raya e l'ultimo drago","Raya and the Last Dragon",https://www.imdb.com/title/tt5109280/,Film,7.3,107,2021,"Animazione, Azione, Avventura, Commedia, Drammatico, Per famiglie, Fantastico",190097,2021-03-05,"Don Hall, Carlos López Estrada, Paul Briggs, John Ripa",,
824,tt18302114,2026-09-05,2026-09-05,,"L'era glaciale: I racconti di Scrat","Ice Age: Scrat Tales",https://www.imdb.com/title/tt18302114/,Mini serie TV,7.2,4,2022,"Animazione, Cortometraggio, Commedia, Per famiglie",3345,2022-04-13,,,
825,tt0073629,2026-09-05,2026-09-05,,"The Rocky Horror Picture Show","The Rocky Horror Picture Show",https://www.imdb.com/title/tt0073629/,Film,7.4,100,1975,"Commedia, Horror, Musical",187860,1976-08-19,"Jim Sharman",,
826,tt0116367,2026-09-05,2026-09-05,,"Dal tramonto all'alba","From Dusk Till Dawn",https://www.imdb.com/title/tt0116367/,Film,7.2,108,1996,"Azione, Poliziesco, Horror",374255,1997-01-03,"Robert Rodriguez",,
827,tt0120611,2026-09-05,2026-09-05,,"Blade","Blade",https://www.imdb.com/title/tt0120611/,Film,7.1,120,1998,"Azione, Horror, Fantascienza",335791,2000-01-07,"Stephen Norrington",,
828,tt7798634,2026-09-05,2026-09-05,,"Finché morte non ci separi","Ready or Not",https://www.imdb.com/title/tt7798634/,Film,6.9,95,2019,"Commedia, Horror, Giallo",265597,2019-10-24,"Matt Bettinelli-Olpin, Tyler Gillett",,
829,tt8244784,2026-09-05,2026-09-05,,"The Hunt","The Hunt",https://www.imdb.com/title/tt8244784/,Film,6.6,90,2020,"Azione, Horror, Thriller",158384,2020-03-24,"Craig Zobel",,
830,tt0187738,2026-09-05,2026-09-05,,"Blade II","Blade II",https://www.imdb.com/title/tt0187738/,Film,6.7,117,2002,"Azione, Horror, Fantascienza, Thriller",255398,2002-08-16,"Guillermo del Toro",,
831,tt0359013,2026-09-05,2026-09-05,,"Blade: Trinity","Blade: Trinity",https://www.imdb.com/title/tt0359013/,Film,5.8,113,2004,"Azione, Horror, Fantascienza",203471,2005-03-04,"David S. Goyer",,
832,tt1924435,2026-09-05,2026-09-05,,"Bastardi in divisa","Let's Be Cops",https://www.imdb.com/title/tt1924435/,Film,6.4,104,2014,"Azione, Commedia, Poliziesco",145271,2014-09-25,"Luke Greenfield",,
833,tt0120812,2026-09-05,2026-09-05,,"Rush Hour - Due mine vaganti","Rush Hour",https://www.imdb.com/title/tt0120812/,Film,7.1,98,1998,"Azione, Commedia, Poliziesco, Thriller",335195,2000-02-04,"Brett Ratner",,
834,tt7349662,2026-09-05,2026-09-05,,"BlacKkKlansman","BlacKkKlansman",https://www.imdb.com/title/tt7349662/,Film,7.5,135,2018,"Biografico, Commedia, Poliziesco, Drammatico, Thriller",317504,2018-09-27,"Spike Lee",,
835,tt1245526,2026-09-05,2026-09-05,,"RED","RED",https://www.imdb.com/title/tt1245526/,Film,7.0,111,2010,"Azione, Commedia, Poliziesco, Thriller",341008,2011-05-11,"Robert Schwentke",,
836,tt1156398,2026-09-05,2026-09-05,,"Benvenuti a Zombieland","Zombieland",https://www.imdb.com/title/tt1156398/,Film,7.5,88,2009,"Azione, Commedia, Horror",674241,2012-08-18,"Ruben Fleischer",,
837,tt2015381,2026-09-05,2026-09-05,,"Guardiani della Galassia","Guardians of the Galaxy",https://www.imdb.com/title/tt2015381/,Film,8.0,121,2014,"Azione, Avventura, Commedia, Fantascienza",1384280,2014-10-22,"James Gunn",,
838,tt0091042,2026-09-05,2026-09-05,,"Una pazza giornata di vacanza","Ferris Bueller's Day Off",https://www.imdb.com/title/tt0091042/,Film,7.8,103,1986,"Commedia",420564,1986-12-04,"John Hughes",,
839,tt8097030,2026-09-05,2026-09-05,,"Red","Turning Red",https://www.imdb.com/title/tt8097030/,Film,6.9,100,2022,"Animazione, Azione, Avventura, Commedia, Drammatico, Per famiglie, Fantastico, Musica, Sentimentale",177078,2022-03-11,"Domee Shi",,
840,tt19696852,2026-09-05,2026-09-05,,"Quando Billie ha incontrato Lisa","When Billie Met Lisa",https://www.imdb.com/title/tt19696852/,Corto,5.1,4,2022,"Animazione, Cortometraggio, Commedia, Musica",1481,2022-04-22,"David Silverman",,
841,tt20782916,2026-09-05,2026-09-05,,"A Fan's Guide to Ms. Marvel","A Fan's Guide to Ms. Marvel",https://www.imdb.com/title/tt20782916/,Corto,6.4,4,2022,"Documentario, Cortometraggio",356,2022-06-01,,,
842,tt0437086,2026-09-05,2026-09-05,,"Alita - Angelo della battaglia","Alita: Battle Angel",https://www.imdb.com/title/tt0437086/,Film,7.3,122,2019,"Azione, Avventura, Fantascienza, Thriller",327260,2019-02-14,"Robert Rodriguez",,
843,tt7466442,2026-09-05,2026-09-05,,"Bob's Burgers - Il film","The Bob's Burgers Movie",https://www.imdb.com/title/tt7466442/,Film,7.0,102,2022,"Animazione, Avventura, Commedia, Poliziesco, Drammatico, Musical, Giallo, Thriller",24645,2022-05-25,"Loren Bouchard, Bernard Derriman",,
844,tt0247745,2026-09-05,2026-09-05,,"Super Troopers","Super Troopers",https://www.imdb.com/title/tt0247745/,Film,7.0,100,2001,"Commedia, Poliziesco, Giallo",120538,2003-08-08,"Jay Chandrasekhar",,
845,tt35466672,2026-09-05,2026-09-05,,"Malcolm: Che Vita!","Malcolm in the Middle: Life's Still Unfair",https://www.imdb.com/title/tt35466672/,Mini serie TV,6.8,,2026,"Commedia, Drammatico",18732,2026-04-10,,,
846,tt0212671,2026-09-05,2026-09-05,,"Malcolm","Malcolm in the Middle",https://www.imdb.com/title/tt0212671/,Serie TV,8.2,22,2000,"Commedia, Drammatico, Per famiglie",162877,2004-03-29,,,
847,tt21983602,2026-09-05,2026-09-05,,"Welcome to the Club","Welcome to the Club",https://www.imdb.com/title/tt21983602/,Corto,5.3,4,2022,"Animazione, Cortometraggio, Commedia, Musica",1430,2022-09-08,"David Silverman",,
848,tt26443597,2026-09-05,2026-09-05,,"Zootropolis 2","Zootopia 2",https://www.imdb.com/title/tt26443597/,Film,7.3,108,2025,"Animazione, Avventura, Commedia, Poliziesco, Per famiglie, Giallo",154678,2025-11-26,"Jared Bush, Byron Howard",,
849,tt13622956,2026-09-05,2026-09-05,,"Zootropolis+","Zootopia+",https://www.imdb.com/title/tt13622956/,Serie TV,6.8,8,2022,"Animazione, Cortometraggio, Avventura, Commedia, Poliziesco, Per famiglie, Musical, Sentimentale",7483,2022-11-09,,,
850,tt16366836,2026-09-05,2026-09-05,,"Venom: The Last Dance","Venom: The Last Dance",https://www.imdb.com/title/tt16366836/,Film,6.0,110,2024,"Azione, Fantastico, Horror, Fantascienza, Thriller",164659,2024-10-24,"Kelly Marcel",,
851,tt0259324,2026-09-05,2026-09-05,,"Ghost Rider","Ghost Rider",https://www.imdb.com/title/tt0259324/,Film,5.3,110,2007,"Azione, Fantastico, Thriller",273944,2007-03-16,"Mark Steven Johnson",,
852,tt0103776,2026-09-05,2026-09-05,,"Batman - Il ritorno","Batman Returns",https://www.imdb.com/title/tt0103776/,Film,7.1,126,1992,"Azione, Poliziesco, Fantastico",352974,1992-09-11,"Tim Burton",,
853,tt0327554,2026-09-05,2026-09-05,,"Catwoman","Catwoman",https://www.imdb.com/title/tt0327554/,Film,3.5,104,2004,"Azione, Poliziesco, Fantastico",133591,2004-08-27,"Pitof",,
854,tt1345836,2026-09-05,2026-09-05,,"Il cavaliere oscuro - Il ritorno","The Dark Knight Rises",https://www.imdb.com/title/tt1345836/,Film,8.4,164,2012,"Poliziesco, Thriller",2027137,2012-08-29,"Christopher Nolan",,
855,tt2975590,2026-09-05,2026-09-05,,"Batman v Superman: Dawn of Justice","Batman v Superman: Dawn of Justice",https://www.imdb.com/title/tt2975590/,Film,6.4,151,2016,"Fantascienza",799070,2016-03-23,"Zack Snyder",,
856,tt0110912,2026-09-05,2026-09-05,,"Pulp Fiction","Pulp Fiction",https://www.imdb.com/title/tt0110912/,Film,8.8,154,1994,"Poliziesco, Drammatico",2466826,1994-10-28,"Quentin Tarantino",,
857,tt0117951,2026-09-05,2026-09-05,,"Trainspotting","Trainspotting",https://www.imdb.com/title/tt0117951/,Film,8.1,93,1996,"Poliziesco, Drammatico",774661,1996-10-03,"Danny Boyle",,
858,tt0114746,2026-09-05,2026-09-05,,"L'esercito delle 12 scimmie","Twelve Monkeys",https://www.imdb.com/title/tt0114746/,Film,8.0,129,1995,"Giallo, Fantascienza, Thriller",684346,1996-05-07,"Terry Gilliam",,
859,tt0100502,2026-09-05,2026-09-05,,"RoboCop 2","RoboCop 2",https://www.imdb.com/title/tt0100502/,Film,5.9,117,1990,"Azione, Poliziesco, Fantascienza, Thriller",100983,1990-11-01,"Irvin Kershner",,
860,tt0093870,2026-09-05,2026-09-05,,"RoboCop","RoboCop",https://www.imdb.com/title/tt0093870/,Film,7.6,102,1987,"Azione, Poliziesco, Fantascienza, Thriller",312368,1987-10-30,"Paul Verhoeven",,
861,tt1234721,2026-09-05,2026-09-05,,"RoboCop","RoboCop",https://www.imdb.com/title/tt1234721/,Film,6.1,117,2014,"Azione, Poliziesco, Fantascienza, Thriller",250572,2014-02-06,"José Padilha",,
862,tt3501632,2026-09-05,2026-09-05,,"Thor: Ragnarok","Thor: Ragnarok",https://www.imdb.com/title/tt3501632/,Film,7.9,130,2017,"Azione, Avventura, Commedia, Fantastico, Fantascienza",912831,2017-10-25,"Taika Waititi",,
863,tt10648342,2026-09-05,2026-09-05,,"Thor: Love and Thunder","Thor: Love and Thunder",https://www.imdb.com/title/tt10648342/,Film,6.1,118,2022,"Azione, Avventura, Commedia, Sentimentale, Fantascienza",474215,2022-07-06,"Taika Waititi",,
864,tt0413300,2026-09-05,2026-09-05,,"Spider-Man 3","Spider-Man 3",https://www.imdb.com/title/tt0413300/,Film,6.3,139,2007,"Azione, Avventura, Fantascienza",719546,2007-05-01,"Sam Raimi",,
865,tt1872181,2026-09-05,2026-09-05,,"The Amazing Spider-Man 2 - Il potere di Electro","The Amazing Spider-Man 2",https://www.imdb.com/title/tt1872181/,Film,6.6,142,2014,"Azione, Avventura, Fantascienza",608431,2014-04-23,"Marc Webb",,
866,tt0287978,2026-09-05,2026-09-05,,"Daredevil","Daredevil",https://www.imdb.com/title/tt0287978/,Film,5.3,103,2003,"Azione, Poliziesco, Drammatico, Fantascienza",242248,2003-04-04,"Mark Steven Johnson",,
867,tt0357277,2026-09-05,2026-09-05,,"Elektra","Elektra",https://www.imdb.com/title/tt0357277/,Film,4.7,97,2005,"Azione, Avventura, Poliziesco, Fantastico",106582,2005-02-04,"Rob Bowman",,
868,tt11981568,2026-09-05,2026-09-05,,"Cars on the Road","Cars on the Road",https://www.imdb.com/title/tt11981568/,Mini serie TV,6.9,,2022,"Animazione, Avventura, Commedia, Per famiglie, Sportivo",5392,2022-09-07,,,
869,tt6791350,2026-09-05,2026-09-05,,"Guardiani della Galassia Vol. 3","Guardians of the Galaxy Vol. 3",https://www.imdb.com/title/tt6791350/,Film,7.9,150,2023,"Azione, Avventura, Commedia, Fantastico, Fantascienza",487328,2023-05-03,"James Gunn",,
870,tt13623136,2026-09-05,2026-09-05,,"The Guardians of the Galaxy: Holiday Special","The Guardians of the Galaxy Holiday Special",https://www.imdb.com/title/tt13623136/,Speciale TV,6.9,42,2022,"Azione, Avventura, Commedia, Fantascienza",111404,2022-11-25,"James Gunn",,
871,tt24082346,2026-09-05,2026-09-05,,"Feliz Navidad- I Simpson incontrano i Bocelli","Feliz Navidad",https://www.imdb.com/title/tt24082346/,Corto,5.4,3,2022,"Animazione, Cortometraggio",979,2022-12-15,"David Silverman",,
872,tt0382628,2026-09-05,2026-09-05,,"Dark Water","Dark Water",https://www.imdb.com/title/tt0382628/,Film,5.6,105,2005,"Drammatico, Horror, Giallo",68201,2005-10-07,"Walter Salles",,
873,tt6628394,2026-09-05,2026-09-05,,"7 sconosciuti a El Royale","Bad Times at the El Royale",https://www.imdb.com/title/tt6628394/,Film,7.1,141,2018,"Poliziesco, Drammatico, Giallo, Thriller",180751,2018-10-25,"Drew Goddard",,
874,tt27658815,2026-09-05,2026-09-05,,"Rogue Not Quite One","Rogue Not Quite One",https://www.imdb.com/title/tt27658815/,Speciale TV,5.6,4,2023,"Animazione, Cortometraggio, Azione, Avventura, Commedia, Per famiglie, Fantascienza",1087,2023-05-04,"David Silverman",,
875,tt2175842,2026-09-05,2026-09-05,,"The Longest Daycare","The Longest Daycare",https://www.imdb.com/title/tt2175842/,Corto,7.2,5,2012,"Animazione, Cortometraggio, Commedia, Per famiglie",6430,2012-07-13,"David Silverman",,
876,tt14573402,2026-09-05,2026-09-05,,"Il risveglio della forza dopo il riposino","The Force Awakens from Its Nap",https://www.imdb.com/title/tt14573402/,Corto,6.1,3,2021,"Animazione, Cortometraggio, Commedia, Per famiglie, Fantascienza",2718,2021-05-04,"David Silverman",,
877,tt11898442,2026-09-05,2026-09-05,,"Playdate with Destiny","Playdate with Destiny",https://www.imdb.com/title/tt11898442/,Corto,6.7,5,2020,"Animazione, Cortometraggio, Commedia, Per famiglie, Sentimentale",2284,2020-04-16,"David Silverman",,
878,tt15829632,2026-09-05,2026-09-05,,"I Simpson in Plusaversary","Plusaversary",https://www.imdb.com/title/tt15829632/,Corto,5.1,5,2021,"Animazione, Cortometraggio, Commedia",2026,2021-11-12,"David Silverman",,
879,tt13623148,2026-09-05,2026-09-05,,"I Am Groot","I Am Groot",https://www.imdb.com/title/tt13623148/,Serie TV,6.7,4,2022,"Animazione, Cortometraggio, Azione, Avventura, Commedia, Fantastico, Fantascienza",47907,2022-08-10,,,
880,tt21875418,2026-09-05,2026-09-05,,"La zona: missione sopravvivenza","The Zone: Survival Mission",https://www.imdb.com/title/tt21875418/,Serie TV,6.8,60,2022,"Gioco a premi televisivo, Reality",384,2022-09-08,,,
881,tt6856242,2026-09-05,2026-09-05,,"The King's Man - Le origini","The King's Man",https://www.imdb.com/title/tt6856242/,Film,6.3,131,2021,"Azione, Avventura, Thriller, Guerra",198728,2022-01-05,"Matthew Vaughn",,
882,tt0381061,2026-09-05,2026-09-05,,"Casino Royale","Casino Royale",https://www.imdb.com/title/tt0381061/,Film,8.0,144,2006,"Azione, Avventura, Thriller",754273,2007-01-05,"Martin Campbell",,
883,tt1905041,2026-09-05,2026-09-05,,"Fast & Furious 6","Furious 6",https://www.imdb.com/title/tt1905041/,Film,7.0,130,2013,"Azione, Avventura, Poliziesco, Thriller",444595,2013-05-21,"Justin Lin",,
884,tt4649466,2026-09-05,2026-09-05,,"Kingsman: Il cerchio d'oro","Kingsman: The Golden Circle",https://www.imdb.com/title/tt4649466/,Film,6.7,141,2017,"Azione, Avventura, Commedia, Poliziesco, Thriller",406002,2017-09-21,"Matthew Vaughn",,
885,tt0104692,2026-09-05,2026-09-05,,"Il tagliaerbe","The Lawnmower Man",https://www.imdb.com/title/tt0104692/,Film,5.5,108,1992,"Horror, Fantascienza",42684,1992-06-05,"Brett Leonard",,
886,tt2802144,2026-09-05,2026-09-05,,"Kingsman: Secret Service","Kingsman: The Secret Service",https://www.imdb.com/title/tt2802144/,Film,7.7,129,2014,"Azione, Avventura, Commedia, Thriller",784465,2015-02-25,"Matthew Vaughn",,
887,tt15789038,2026-09-05,2026-09-05,,"Elemental","Elemental",https://www.imdb.com/title/tt15789038/,Film,7.0,101,2023,"Animazione, Avventura, Commedia, Per famiglie, Fantastico, Sentimentale",169379,2023-06-21,"Peter Sohn",,
888,tt15318872,2026-09-05,2026-09-05,,"Licantropus","Werewolf by Night",https://www.imdb.com/title/tt15318872/,Film per la TV,7.1,52,2022,"Azione, Drammatico, Fantastico, Horror, Giallo, Thriller",81482,2022-10-07,"Michael Giacchino",,
889,tt0429589,2026-09-05,2026-09-05,,"Ant Bully - Una vita da formica","The Ant Bully",https://www.imdb.com/title/tt0429589/,Film,5.8,88,2006,"Animazione, Avventura, Commedia, Per famiglie, Fantastico",44791,2006-09-22,"John A. Davis",,
890,tt26736061,2026-09-05,2026-09-05,,"L'appuntamento di Carl","Carl's Date",https://www.imdb.com/title/tt26736061/,Corto,6.4,8,2023,"Animazione, Cortometraggio, Commedia, Per famiglie",4185,2023-06-21,"Bob Peterson",,
891,tt0478970,2026-09-05,2026-09-05,,"Ant-Man","Ant-Man",https://www.imdb.com/title/tt0478970/,Film,7.2,117,2015,"Azione, Commedia, Fantascienza",794527,2015-08-12,"Peyton Reed",,
892,tt5095030,2026-09-05,2026-09-05,,"Ant-Man and the Wasp","Ant-Man and the Wasp",https://www.imdb.com/title/tt5095030/,Film,7.0,118,2018,"Azione, Avventura, Commedia, Fantascienza",506349,2018-08-14,"Peyton Reed",,
893,tt10954600,2026-09-05,2026-09-05,,"Ant-Man and the Wasp: Quantumania","Ant-Man and the Wasp: Quantumania",https://www.imdb.com/title/tt10954600/,Film,6.0,124,2023,"Azione, Avventura, Commedia, Fantascienza",278804,2023-02-15,"Peyton Reed",,
894,tt12578922,2026-09-05,2026-09-05,,"SparkShorts","SparkShorts",https://www.imdb.com/title/tt12578922/,Mini serie TV,7.6,8,2018,"Animazione, Cortometraggio, Commedia, Drammatico, Per famiglie, Fantastico, Fantascienza",1390,2019-02-04,,,
895,tt31433814,2026-09-05,2026-09-05,,"Doctor Who","Doctor Who",https://www.imdb.com/title/tt31433814/,Serie TV,6.1,45,2023,"Avventura, Drammatico, Fantascienza",26644,2023-12-25,,,
896,tt0349683,2026-09-05,2026-09-05,,"King Arthur","King Arthur",https://www.imdb.com/title/tt0349683/,Film,6.3,126,2004,"Azione, Avventura, Drammatico, Guerra",183972,2004-10-01,"Antoine Fuqua",,
897,tt10234724,2026-09-05,2026-09-05,,"Moon Knight","Moon Knight",https://www.imdb.com/title/tt10234724/,Mini serie TV,7.3,50,2022,"Azione, Avventura, Fantastico",319508,2022-03-30,,,
898,tt7908628,2026-09-05,2026-09-05,,"What We Do in the Shadows","What We Do in the Shadows",https://www.imdb.com/title/tt7908628/,Serie TV,8.5,30,2019,"Commedia, Fantastico, Horror",129173,2019-10-31,,,
899,tt3416742,2026-09-05,2026-09-05,,"Vita da vampiro - What We Do in the Shadows","What We Do in the Shadows",https://www.imdb.com/title/tt3416742/,Film,7.6,86,2014,"Commedia, Horror, Thriller",215750,2014-06-19,"Jemaine Clement, Taika Waititi",,
900,tt10676048,2026-09-05,2026-09-05,,"The Marvels","The Marvels",https://www.imdb.com/title/tt10676048/,Film,5.4,105,2023,"Azione, Avventura, Fantascienza",170863,2023-11-08,"Nia DaCosta",,
901,tt1695843,2026-09-05,2026-09-05,,"La casa dei fantasmi","Haunted Mansion",https://www.imdb.com/title/tt1695843/,Film,6.0,123,2023,"Commedia, Drammatico, Per famiglie, Fantastico, Horror, Giallo",50864,2023-08-23,"Justin Simien",,
902,tt0450385,2026-09-05,2026-09-05,,"1408","1408",https://www.imdb.com/title/tt0450385/,Film,6.8,104,2007,"Fantastico, Horror, Giallo",317295,2007-11-23,"Mikael Håfström",,
903,tt0109506,2026-09-05,2026-09-05,,"Il corvo - The Crow","The Crow",https://www.imdb.com/title/tt0109506/,Film,7.5,102,1994,"Azione, Poliziesco, Drammatico, Fantastico, Horror, Thriller",233531,1994-09-22,"Alex Proyas",,
904,tt0103874,2026-09-05,2026-09-05,,"Dracula di Bram Stoker","Bram Stoker's Dracula",https://www.imdb.com/title/tt0103874/,Film,7.4,128,1992,"Fantastico, Horror, Sentimentale",270881,1993-01-21,"Francis Ford Coppola",,
905,tt1139797,2026-09-05,2026-09-05,,"Lasciami entrare","Låt den rätte komma in",https://www.imdb.com/title/tt1139797/,Film,7.8,114,2008,"Drammatico, Fantastico, Horror, Sentimentale",241635,2009-01-09,"Tomas Alfredson",,
906,tt0338094,2026-09-05,2026-09-05,,"La casa dei fantasmi","The Haunted Mansion",https://www.imdb.com/title/tt0338094/,Film,5.3,99,2003,"Commedia, Per famiglie, Fantastico, Horror, Giallo",60623,2004-03-26,"Rob Minkoff",,
907,tt14509110,2026-09-05,2026-09-05,,"Nessuno ti salverà","No One Will Save You",https://www.imdb.com/title/tt14509110/,Film,6.2,93,2023,"Horror, Giallo, Fantascienza, Thriller",81449,2023-09-22,"Brian Duffield",,
908,tt14502758,2026-09-05,2026-09-05,,"Nell: Rinnegata","Renegade Nell",https://www.imdb.com/title/tt14502758/,Serie TV,7.4,45,2024,"Azione, Avventura, Commedia, Poliziesco, Drammatico, Fantastico, Storico",11054,2024-03-29,,,
909,tt13623580,2026-09-05,2026-09-05,,"Reservation Dogs","Reservation Dogs",https://www.imdb.com/title/tt13623580/,Serie TV,8.3,30,2021,"Commedia, Poliziesco",28758,2021-10-13,,,
910,tt14465474,2026-09-05,2026-09-05,,"Launchpad","Launchpad",https://www.imdb.com/title/tt14465474/,Serie TV,6.5,21,2021,"Cortometraggio, Drammatico",295,2021-05-28,,,
911,tt2788316,2026-09-05,2026-09-05,,"Shōgun","Shogun",https://www.imdb.com/title/tt2788316/,Serie TV,8.6,60,2024,"Azione, Avventura, Drammatico, Storico, Guerra",252355,2024-02-27,,,
912,tt29297987,2026-09-05,2026-09-05,,"Good Boy","Good Boy",https://www.imdb.com/title/tt29297987/,Corto,5.7,9,2022,"Cortometraggio, Horror",239,2022-08-06,"Eros V",,
913,tt12306692,2026-09-05,2026-09-05,,"American Horror Stories","American Horror Stories",https://www.imdb.com/title/tt12306692/,Serie TV,6.3,45,2021,"Drammatico, Horror, Giallo, Thriller",30275,2021-09-08,,,
914,tt33797186,2026-09-05,2026-09-05,,"The Most Wonderful Time of the Year","The Most Wonderful Time of the Year",https://www.imdb.com/title/tt33797186/,Corto,5.4,3,2024,"Animazione, Cortometraggio, Commedia, Musical",532,2024-10-11,"David Silverman",,
915,tt32268303,2026-09-05,2026-09-05,,"May the 12th Be with You","May the 12th Be with You",https://www.imdb.com/title/tt32268303/,Corto,4.7,5,2024,"Animazione, Cortometraggio, Commedia, Fantastico, Fantascienza",878,2024-05-10,"David Silverman",,
916,tt1329665,2026-09-05,2026-09-05,,"I Griffin: Something, Something, Something, Dark Side","Family Guy: Something, Something, Something, Dark Side",https://www.imdb.com/title/tt1329665/,Episodio TV,7.7,44,2009,"Animazione, Commedia",7361,2010-05-23,"Dominic Polcino, James Purdum, Peter Shin",,
917,tt1701991,2026-09-05,2026-09-05,,"I Griffin: It's a Trap!","Family Guy: It's a Trap!",https://www.imdb.com/title/tt1701991/,Episodio TV,7.3,56,2011,"Animazione, Commedia",10575,2011-05-22,"Peter Shin, James Purdum",,
918,tt0888817,2026-09-05,2026-09-05,,"I Griffin: Blue Harvest","Family Guy: Blue Harvest",https://www.imdb.com/title/tt0888817/,Episodio TV,8.2,48,2007,"Animazione, Commedia",8826,2008-01-07,"Dominic Polcino, James Purdum, Peter Shin",,
919,tt2096673,2026-09-05,2026-09-05,,"Inside Out","Inside Out",https://www.imdb.com/title/tt2096673/,Film,8.1,95,2015,"Animazione, Avventura, Commedia, Drammatico, Per famiglie, Fantastico",932692,2015-09-16,"Pete Docter, Ronnie Del Carmen",,
920,tt22022452,2026-09-05,2026-09-05,,"Inside Out 2","Inside Out 2",https://www.imdb.com/title/tt22022452/,Film,7.5,96,2024,"Animazione, Avventura, Commedia, Drammatico, Per famiglie, Fantastico, Sportivo",260419,2024-06-19,"Kelsey Mann",,
921,tt8075496,2026-09-05,2026-09-05,,"Bảo","Bao",https://www.imdb.com/title/tt8075496/,Corto,7.5,8,2018,"Animazione, Cortometraggio, Drammatico, Per famiglie, Fantastico",36036,2018-06-15,"Domee Shi",,
922,tt13492408,2026-09-05,2026-09-05,,"Something Doesn't Feel Right","Something Doesn't Feel Right",https://www.imdb.com/title/tt13492408/,Corto,6.3,9,2019,"Cortometraggio, Commedia, Horror",229,2019-07-12,"Fergal Costello",,
923,tt33395815,2026-09-05,2026-09-05,,"An Almost Christmas Story","An Almost Christmas Story",https://www.imdb.com/title/tt33395815/,Corto,7.0,25,2024,"Animazione, Cortometraggio, Avventura, Per famiglie, Fantastico",2673,2024-11-15,"David Lowery",,
924,tt13622970,2026-09-05,2026-09-05,,"Oceania 2","Moana 2",https://www.imdb.com/title/tt13622970/,Film,6.3,100,2024,"Animazione, Avventura, Commedia, Per famiglie, Fantastico, Musical",130059,2024-11-27,"David G. Derrick Jr., Jason Hand, Dana Ledoux Miller",,
925,tt33088401,2026-09-05,2026-09-05,,"Dream Productions","Dream Productions",https://www.imdb.com/title/tt33088401/,Mini serie TV,7.5,27,2024,"Animazione, Avventura, Commedia, Drammatico, Per famiglie, Fantastico",5201,2024-12-11,,,
926,tt13624052,2026-09-05,2026-09-05,,"Win or Lose","Win or Lose",https://www.imdb.com/title/tt13624052/,Mini serie TV,8.0,20,2025,"Animazione, Commedia, Per famiglie, Fantastico, Sportivo",5989,2025-02-19,,,
927,tt13876134,2026-09-05,2026-09-05,,"Det sista äktenskapet","Det sista äktenskapet",https://www.imdb.com/title/tt13876134/,Corto,6.3,16,2021,"Cortometraggio, Commedia, Horror",184,2021-04-01,"Gustav Egerstedt, Johan Tappert",,
928,tt10298810,2026-09-05,2026-09-05,,"Lightyear - La vera storia di Buzz","Lightyear",https://www.imdb.com/title/tt10298810/,Film,6.1,106,2022,"Animazione, Azione, Avventura, Commedia, Per famiglie, Fantascienza",138750,2022-06-15,"Angus MacLane",,
929,tt0111301,2026-09-05,2026-09-05,,"Street Fighter - Sfida finale","Street Fighter",https://www.imdb.com/title/tt0111301/,Film,4.2,102,1994,"Azione, Avventura, Commedia, Thriller",80187,1995-04-13,"Steven E. de Souza",,
930,tt1453405,2026-09-05,2026-09-05,,"Monsters University","Monsters University",https://www.imdb.com/title/tt1453405/,Film,7.2,104,2013,"Animazione, Avventura, Commedia, Per famiglie, Fantastico",431060,2013-08-21,"Dan Scanlon",,
931,tt2222042,2026-09-05,2026-09-05,,"Love and Monsters","Love and Monsters",https://www.imdb.com/title/tt2222042/,Film,6.9,109,2020,"Azione, Avventura, Commedia, Fantastico, Fantascienza",162098,2021-04-14,"Michael Matthews",,
932,tt23148226,2026-09-05,2026-09-05,,"One Minute","One Minute",https://www.imdb.com/title/tt23148226/,Corto,6.0,9,2022,"Cortometraggio, Drammatico, Horror, Giallo",226,2022-10-28,"Matilde Sköld, Marcus Svanberg",,
933,tt13186482,2026-09-05,2026-09-05,,"Mufasa: Il re leone","Mufasa: The Lion King",https://www.imdb.com/title/tt13186482/,Film,6.6,118,2024,"Animazione, Avventura, Drammatico, Per famiglie, Musical",84745,2024-12-19,"Barry Jenkins",,
934,tt36463894,2026-09-05,2026-09-05,,"Predator: Killer of Killers","Predator: Killer of Killers",https://www.imdb.com/title/tt36463894/,Film,7.4,85,2025,"Animazione, Azione, Avventura, Fantascienza, Thriller",63211,2025-06-06,"Dan Trachtenberg, Joshua Wassung",,
935,tt10168312,2026-09-05,2026-09-05,,"What If...?","What If...?",https://www.imdb.com/title/tt10168312/,Serie TV,7.3,32,2021,"Animazione, Azione, Avventura, Fantascienza",163095,2021-08-11,,,
936,tt13031912,2026-09-05,2026-09-05,,"Fantaghirò","Fantaghirò",https://www.imdb.com/title/tt13031912/,Mini serie TV,7.5,,1991,"Avventura, Fantastico",790,1991-12-22,,,
937,tt0266543,2026-09-05,2026-09-05,,"Alla ricerca di Nemo","Finding Nemo",https://www.imdb.com/title/tt0266543/,Film,8.2,100,2003,"Animazione, Avventura, Commedia, Per famiglie",1225046,2003-12-03,"Andrew Stanton, Lee Unkrich",,
938,tt0382932,2026-09-05,2026-09-05,,"Ratatouille","Ratatouille",https://www.imdb.com/title/tt0382932/,Film,8.1,111,2007,"Animazione, Avventura, Commedia, Per famiglie, Fantastico",965621,2007-10-17,"Brad Bird, Jan Pinkava",,
939,tt2277860,2026-09-05,2026-09-05,,"Alla ricerca di Dory","Finding Dory",https://www.imdb.com/title/tt2277860/,Film,7.2,97,2016,"Animazione, Avventura, Commedia, Per famiglie, Fantastico, Giallo",339995,2016-09-15,"Andrew Stanton, Angus MacLane",,
940,tt0120623,2026-09-05,2026-09-05,,"A Bug's Life - Megaminimondo","A Bug's Life",https://www.imdb.com/title/tt0120623/,Film,7.2,95,1998,"Animazione, Avventura, Commedia, Per famiglie",341461,1999-02-12,"John Lasseter, Andrew Stanton",,
941,tt0432283,2026-09-05,2026-09-05,,"Fantastic Mr. Fox","Fantastic Mr. Fox",https://www.imdb.com/title/tt0432283/,Film,7.9,87,2009,"Animazione, Avventura, Commedia, Poliziesco, Drammatico, Per famiglie",310511,2010-04-02,"Wes Anderson",,
942,tt0121164,2026-09-05,2026-09-05,,"La sposa cadavere","Corpse Bride",https://www.imdb.com/title/tt0121164/,Film,7.4,77,2005,"Animazione, Commedia, Drammatico, Per famiglie, Fantastico, Musical, Sentimentale",332218,2005-10-28,"Tim Burton, Mike Johnson",,
943,tt2245084,2026-09-05,2026-09-05,,"Big Hero 6","Big Hero 6",https://www.imdb.com/title/tt2245084/,Film,7.8,102,2014,"Animazione, Azione, Avventura, Commedia, Poliziesco, Drammatico, Per famiglie, Fantascienza",561802,2014-12-18,"Don Hall, Chris Williams",,
944,tt0385880,2026-09-05,2026-09-05,,"Monster House","Monster House",https://www.imdb.com/title/tt0385880/,Film,6.7,91,2006,"Animazione, Commedia, Per famiglie, Fantastico, Giallo",158165,2006-10-13,"Gil Kenan",,
945,tt11655566,2026-09-05,2026-09-05,,"Lilo & Stitch","Lilo & Stitch",https://www.imdb.com/title/tt11655566/,Film,6.7,108,2025,"Azione, Avventura, Commedia, Drammatico, Per famiglie, Fantastico, Fantascienza",98551,2025-05-21,"Dean Fleischer Camp",,
946,tt0068646,2026-09-05,2026-09-05,,"Il padrino","The Godfather",https://www.imdb.com/title/tt0068646/,Film,9.2,175,1972,"Poliziesco, Drammatico",2255460,1972-09-21,"Francis Ford Coppola",,
947,tt0433035,2026-09-05,2026-09-05,,"Real Steel","Real Steel",https://www.imdb.com/title/tt0433035/,Film,7.1,127,2011,"Azione, Drammatico, Fantascienza, Sportivo",384592,2011-11-25,"Shawn Levy",,
948,tt0110357,2026-09-05,2026-09-05,,"Il re leone","The Lion King",https://www.imdb.com/title/tt0110357/,Film,8.5,88,1994,"Animazione, Avventura, Drammatico, Per famiglie, Musical",1277378,1994-11-25,"Roger Allers, Rob Minkoff",,
949,tt1179933,2026-09-05,2026-09-05,,"10 Cloverfield Lane","10 Cloverfield Lane",https://www.imdb.com/title/tt1179933/,Film,7.2,103,2016,"Drammatico, Horror, Fantascienza, Thriller",389400,2016-04-28,"Dan Trachtenberg",,
950,tt6644200,2026-09-05,2026-09-05,,"A Quiet Place - Un posto tranquillo","A Quiet Place",https://www.imdb.com/title/tt6644200/,Film,7.5,90,2018,"Drammatico, Horror, Fantascienza",669277,2018-04-05,"John Krasinski",,
951,tt7984734,2026-09-05,2026-09-05,,"The Lighthouse","The Lighthouse",https://www.imdb.com/title/tt7984734/,Film,7.3,109,2019,"Drammatico, Fantastico, Horror, Giallo, Thriller",309532,2023-03-19,"Robert Eggers",,
952,tt2548396,2026-09-05,2026-09-05,,"The Cloverfield Paradox","The Cloverfield Paradox",https://www.imdb.com/title/tt2548396/,Film,5.5,102,2018,"Horror, Fantascienza, Thriller",122603,2018-02-05,"Julius Onah",,
953,tt1060277,2026-09-05,2026-09-05,,"Cloverfield","Cloverfield",https://www.imdb.com/title/tt1060277/,Film,7.0,85,2008,"Azione, Horror, Fantascienza, Thriller",447706,2008-02-01,"Matt Reeves",,
954,tt4468740,2026-09-05,2026-09-05,,"Paddington 2","Paddington 2",https://www.imdb.com/title/tt4468740/,Film,7.8,103,2017,"Avventura, Commedia, Per famiglie",116313,2017-11-09,"Paul King",,
955,tt5822536,2026-09-05,2026-09-05,,"Paddington in Perù","Paddington in Peru",https://www.imdb.com/title/tt5822536/,Film,6.6,106,2024,"Avventura, Commedia, Per famiglie, Giallo",36918,2025-02-20,"Dougal Wilson",,
956,tt1109624,2026-09-05,2026-09-05,,"Paddington","Paddington",https://www.imdb.com/title/tt1109624/,Film,7.3,95,2014,"Avventura, Commedia, Per famiglie, Fantastico",158937,2014-12-25,"Paul King",,
957,tt4900148,2026-09-05,2026-09-05,,"Elio","Elio",https://www.imdb.com/title/tt4900148/,Film,6.6,98,2025,"Animazione, Avventura, Commedia, Drammatico, Per famiglie, Fantastico, Fantascienza",48386,2025-06-18,"Adrian Molina, Madeline Sharafian, Domee Shi",,
958,tt12801262,2026-09-05,2026-09-05,,"Luca","Luca",https://www.imdb.com/title/tt12801262/,Film,7.4,95,2021,"Animazione, Avventura, Commedia, Drammatico, Per famiglie, Fantastico",227958,2021-06-18,"Enrico Casarosa",,
959,tt16027014,2026-09-05,2026-09-05,,"Marvel Zombies","Marvel Zombies",https://www.imdb.com/title/tt16027014/,Mini serie TV,7.0,32,2025,"Animazione, Azione, Avventura, Drammatico, Fantastico, Horror, Fantascienza",26016,2025-09-24,,,
960,tt12579042,2026-09-05,2026-09-05,,"Short Circuit","Short Circuit",https://www.imdb.com/title/tt12579042/,Serie TV,7.5,7,2018,"Animazione, Cortometraggio, Commedia, Per famiglie",831,2020-01-24,,,
961,tt37976405,2026-09-05,2026-09-05,,"Versa","Versa",https://www.imdb.com/title/tt37976405/,Corto,7.5,7,2025,"Animazione, Cortometraggio, Drammatico",710,2026-03-27,"Malcon Pierce",,
962,tt26443616,2026-09-05,2026-09-05,,"Jumpers - Un salto tra gli animali","Hoppers",https://www.imdb.com/title/tt26443616/,Film,7.2,104,2026,"Animazione, Avventura, Commedia, Per famiglie, Fantascienza",85133,2026-03-05,"Daniel Chong",,
963,tt5052448,2026-09-05,2026-09-05,,"Scappa - Get Out","Get Out",https://www.imdb.com/title/tt5052448/,Film,7.8,104,2017,"Horror, Giallo, Thriller",837234,2017-05-18,"Jordan Peele",,
964,tt4972582,2026-09-05,2026-09-05,,"Split","Split",https://www.imdb.com/title/tt4972582/,Film,7.3,117,2016,"Horror, Thriller",630961,2017-01-26,"M. Night Shyamalan",,
965,tt15516280,2026-09-05,2026-09-05,,"Star Wars Galaxy of Sounds","Star Wars Galaxy of Sounds",https://www.imdb.com/title/tt15516280/,Serie TV,6.8,,2021,"Fantascienza",537,2021-09-29,,,
966,tt13668894,2026-09-05,2026-09-05,,"The Book of Boba Fett","The Book of Boba Fett",https://www.imdb.com/title/tt13668894/,Mini serie TV,7.1,50,2021,"Azione, Avventura, Fantascienza",213262,2021-12-29,,,
967,tt14578626,2026-09-05,2026-09-05,,"Star Wars - Astronavi e veicoli","Star Wars Vehicle Flythroughs",https://www.imdb.com/title/tt14578626/,Serie TV,6.2,4,2021,"Cortometraggio, Fantascienza",603,2021-05-04,,,
968,tt9140560,2026-09-05,2026-09-05,,"WandaVision","WandaVision",https://www.imdb.com/title/tt9140560/,Mini serie TV,7.9,40,2021,"Azione, Commedia, Drammatico, Fantastico, Giallo, Sentimentale, Fantascienza",424660,2021-01-15,,,
969,tt1641349,2026-09-05,2026-09-05,,"Terra Nova","Terra Nova",https://www.imdb.com/title/tt1641349/,Serie TV,6.7,46,2011,"Avventura, Drammatico, Giallo, Fantascienza",89135,2011-10-04,,,
970,tt9208876,2026-09-05,2026-09-05,,"The Falcon and the Winter Soldier","The Falcon and the Winter Soldier",https://www.imdb.com/title/tt9208876/,Mini serie TV,7.1,50,2021,"Azione, Avventura, Drammatico, Fantascienza",286339,2021-03-19,,,
971,tt3475734,2026-09-05,2026-09-05,,"Agent Carter","Agent Carter",https://www.imdb.com/title/tt3475734/,Serie TV,7.8,45,2015,"Azione, Avventura, Poliziesco, Drammatico, Giallo, Fantascienza",96533,2016-02-02,,,
972,tt0149460,2026-09-05,2026-09-05,,"Futurama","Futurama",https://www.imdb.com/title/tt0149460/,Serie TV,8.5,22,1999,"Animazione, Avventura, Commedia, Fantascienza",280469,2000-01-06,,,
973,tt13412252,2026-09-05,2026-09-05,,"Kingdom: Ashin-jeon","Kingdom: Ashin-jeon",https://www.imdb.com/title/tt13412252/,Film per la TV,6.9,92,2021,"Azione, Drammatico, Fantastico, Horror, Thriller",16071,2021-07-23,"Kim Seong-hun",,
974,tt14602326,2026-09-05,2026-09-05,,"Muppets Haunted Mansion - La casa stregata","Muppets Haunted Mansion",https://www.imdb.com/title/tt14602326/,Speciale TV,6.3,50,2021,"Avventura, Commedia, Per famiglie, Fantastico, Musical",9374,2021-10-08,"Kirk R. Thatcher",,
975,tt0427340,2026-09-05,2026-09-05,,"Masters of the Universe","Masters of the Universe",https://www.imdb.com/title/tt0427340/,Film,6.4,140,2026,"Azione, Avventura, Fantastico, Fantascienza",120801,2026-06-05,"Travis Knight",,
976,tt0119707,2026-09-05,2026-09-05,,"Mortal Kombat - Distruzione totale","Mortal Kombat: Annihilation",https://www.imdb.com/title/tt0119707/,Film,3.6,95,1997,"Azione, Avventura, Fantastico, Fantascienza, Thriller",62713,1998-11-20,"John R. Leonetti",,
977,tt0113855,2026-09-05,2026-09-05,,"Mortal Kombat","Mortal Kombat",https://www.imdb.com/title/tt0113855/,Film,5.9,101,1995,"Azione, Avventura, Fantastico, Fantascienza, Thriller",136441,1995-11-10,"Paul W.S. Anderson",,
978,tt0475293,2026-09-05,2026-09-05,,"High School Musical","High School Musical",https://www.imdb.com/title/tt0475293/,Film per la TV,5.7,98,2006,"Commedia, Drammatico, Per famiglie, Musica, Musical, Sentimentale",106951,2006-09-30,"Kenny Ortega",,
979,tt0810900,2026-09-05,2026-09-05,,"High School Musical 2","High School Musical 2",https://www.imdb.com/title/tt0810900/,Film per la TV,5.3,104,2007,"Commedia, Drammatico, Per famiglie, Musica, Musical, Sentimentale",73121,2007-08-17,"Kenny Ortega",,
980,tt0962726,2026-09-05,2026-09-05,,"High School Musical 3: Senior Year","High School Musical 3: Senior Year",https://www.imdb.com/title/tt0962726/,Film,5.1,112,2008,"Commedia, Drammatico, Per famiglie, Musica, Musical, Sentimentale",73511,2008-10-31,"Kenny Ortega",,
981,tt11199558,2026-09-05,2026-09-05,,"Pixar tra la gente","Pixar in Real Life",https://www.imdb.com/title/tt11199558/,Serie TV,6.4,4,2019,"Commedia, Per famiglie, Reality",1030,2019-11-12,,,
982,tt12198014,2026-09-05,2026-09-05,,"Little Demon","Little Demon",https://www.imdb.com/title/tt12198014/,Serie TV,7.0,26,2022,"Animazione, Commedia, Horror",5736,2023-01-18,,,
983,tt15475608,2026-09-05,2026-09-05,,"I racconti di Olaf","Olaf Presents",https://www.imdb.com/title/tt15475608/,Mini serie TV,7.3,4,2021,"Animazione, Cortometraggio, Commedia, Per famiglie, Fantastico, Musical",4274,2021-11-12,,,
984,tt13624054,2026-09-05,2026-09-05,,"Una vita da Dug","Dug Days",https://www.imdb.com/title/tt13624054/,Mini serie TV,8.0,10,2021,"Animazione, Cortometraggio, Avventura, Commedia, Per famiglie",6415,2021-09-01,,,
985,tt12372034,2026-09-05,2026-09-05,,"Zenimation","Zenimation",https://www.imdb.com/title/tt12372034/,Serie TV,7.4,8,2020,"Animazione, Cortometraggio, Per famiglie",572,2020-05-22,,,
986,tt10854760,2026-09-05,2026-09-05,,"Un Giorno in Disney","One Day at Disney",https://www.imdb.com/title/tt10854760/,Serie TV,7.3,5,2019,"Documentario",664,2019-12-03,,,
987,tt20600980,2026-09-05,2026-09-05,,"Skeleton Crew","Skeleton Crew",https://www.imdb.com/title/tt20600980/,Serie TV,7.0,40,2024,"Azione, Avventura, Fantascienza",46357,2024-12-03,,,
988,tt10160804,2026-09-05,2026-09-05,,"Hawkeye","Hawkeye",https://www.imdb.com/title/tt10160804/,Mini serie TV,7.4,60,2021,"Azione, Avventura, Poliziesco, Drammatico, Giallo, Fantascienza",248702,2021-11-24,,,
989,tt1013752,2026-09-05,2026-09-05,,"Fast & Furious - Solo parti originali","Fast & Furious",https://www.imdb.com/title/tt1013752/,Film,6.5,107,2009,"Azione, Thriller",340554,2009-04-17,"Justin Lin",,
990,tt1596343,2026-09-05,2026-09-05,,"Fast & Furious 5","Fast Five",https://www.imdb.com/title/tt1596343/,Film,7.3,130,2011,"Azione, Poliziesco, Thriller",438482,2011-05-04,"Justin Lin",,
991,tt2820852,2026-09-05,2026-09-05,,"Fast & Furious 7","Fast & Furious 7",https://www.imdb.com/title/tt2820852/,Film,7.1,137,2015,"Azione, Avventura, Thriller",444893,2015-04-02,"James Wan",,
992,tt0463985,2026-09-05,2026-09-05,,"The Fast and the Furious: Tokyo Drift","The Fast and the Furious: Tokyo Drift",https://www.imdb.com/title/tt0463985/,Film,6.1,104,2006,"Azione, Poliziesco, Thriller",338608,2006-07-14,"Justin Lin",,
993,tt2011118,2026-09-05,2026-09-05,,"Marvel One-Shot: The Consultant","Marvel One-Shot: The Consultant",https://www.imdb.com/title/tt2011118/,Video,6.3,4,2011,"Cortometraggio, Commedia, Drammatico, Fantascienza",12600,2011-09-13,"Leythum",,
994,tt2247732,2026-09-05,2026-09-05,,"Marvel One-Shot: Item 47","Marvel One-Shot: Item 47",https://www.imdb.com/title/tt2247732/,Video,6.6,12,2012,"Cortometraggio, Azione, Avventura, Poliziesco, Drammatico, Fantascienza",14555,2012-09-25,"Louis D'Esposito",,
995,tt3438640,2026-09-05,2026-09-05,,"Marvel One-Shot: All Hail the King","Marvel One-Shot: All Hail the King",https://www.imdb.com/title/tt3438640/,Video,7.2,14,2014,"Cortometraggio, Commedia, Drammatico, Thriller",15505,2014-02-04,"Drew Pearce",,
996,tt3067038,2026-09-05,2026-09-05,,"Marvel One-Shot: Agent Carter","Marvel One-Shot: Agent Carter",https://www.imdb.com/title/tt3067038/,Video,7.4,15,2013,"Cortometraggio, Azione, Avventura, Commedia, Drammatico, Fantascienza, Thriller",17326,2013-09-24,"Louis D'Esposito",,
997,tt0465494,2026-09-05,2026-09-05,,"Hitman - L'assassino","Hitman",https://www.imdb.com/title/tt0465494/,Film,6.2,89,2007,"Azione, Poliziesco, Thriller",187913,2007-12-07,"Xavier Gens",,
998,tt0120657,2026-09-05,2026-09-05,,"Il 13º guerriero","The 13th Warrior",https://www.imdb.com/title/tt0120657/,Film,6.6,102,1999,"Azione, Avventura, Storico",140460,1999-10-08,"John McTiernan",,
999,tt0115857,2026-09-05,2026-09-05,,"Reazione a catena","Chain Reaction",https://www.imdb.com/title/tt0115857/,Film,5.7,107,1996,"Azione, Drammatico, Fantascienza, Thriller",59142,1996-11-15,"Andrew Davis",,
1000,tt0453467,2026-09-05,2026-09-05,,"Déjà vu - Corsa contro il tempo","Deja Vu",https://www.imdb.com/title/tt0453467/,Film,7.1,126,2006,"Azione, Poliziesco, Fantascienza, Thriller",348236,2006-12-15,"Tony Scott",,
1001,tt0111257,2026-09-05,2026-09-05,,"Speed","Speed",https://www.imdb.com/title/tt0111257/,Film,7.3,116,1994,"Azione, Avventura, Thriller",427636,1994-09-30,"Jan de Bont",,
1002,tt1075417,2026-09-05,2026-09-05,,"Corsa a Witch Mountain","Race to Witch Mountain",https://www.imdb.com/title/tt1075417/,Film,5.7,98,2009,"Azione, Avventura, Per famiglie, Fantastico, Fantascienza, Thriller",66850,2009-05-29,"Andy Fickman",,
1003,tt10838180,2026-09-05,2026-09-05,,"Matrix Resurrections","The Matrix Resurrections",https://www.imdb.com/title/tt10838180/,Film,5.6,148,2021,"Azione, Fantascienza",306786,2022-01-01,"Lana Wachowski",,
1004,tt0242653,2026-09-05,2026-09-05,,"Matrix Revolutions","The Matrix Revolutions",https://www.imdb.com/title/tt0242653/,Film,6.8,129,2003,"Azione, Fantascienza",580191,2003-11-05,"Lana Wachowski, Lilly Wachowski",,
1005,tt0308506,2026-09-05,2026-09-05,,"Il sogno di Calvin","Like Mike",https://www.imdb.com/title/tt0308506/,Film,5.5,99,2002,"Commedia, Per famiglie, Fantastico, Sportivo",24796,2003-08-15,"John Schultz",,
1006,tt0117008,2026-09-05,2026-09-05,,"Matilda 6 mitica","Matilda",https://www.imdb.com/title/tt0117008/,Film,7.0,98,1996,"Commedia, Per famiglie, Fantastico",198964,1997-03-27,"Danny DeVito",,
1007,tt0396752,2026-09-05,2026-09-05,,"Nanny McPhee - Tata Matilda","Nanny McPhee",https://www.imdb.com/title/tt0396752/,Film,6.6,97,2005,"Commedia, Per famiglie, Fantastico",92793,2006-04-07,"Kirk Jones",,
1008,tt1415283,2026-09-05,2026-09-05,,"Tata Matilda e il grande botto","Nanny McPhee and the Big Bang",https://www.imdb.com/title/tt1415283/,Film,6.1,109,2010,"Commedia, Per famiglie, Fantastico, Guerra",40558,2010-06-04,"Susanna White",,
1009,tt0327597,2026-09-05,2026-09-05,,"Coraline e la porta magica","Coraline",https://www.imdb.com/title/tt0327597/,Film,7.8,100,2009,"Animazione, Drammatico, Per famiglie, Fantastico",305890,2009-06-19,"Henry Selick",,
1010,tt5104604,2026-09-05,2026-09-05,,"L'isola dei cani","Isle of Dogs",https://www.imdb.com/title/tt5104604/,Film,7.8,101,2018,"Animazione, Avventura, Commedia, Drammatico, Fantastico, Fantascienza",214556,2018-05-01,"Wes Anderson",,
1011,tt0436992,2026-09-05,2026-09-05,,"Doctor Who","Doctor Who",https://www.imdb.com/title/tt0436992/,Serie TV,8.5,45,2005,"Avventura, Drammatico, Fantascienza",264065,2005-11-11,,,
1012,tt14205554,2026-09-05,2026-09-05,,"KPop Demon Hunters","K-Pop Demon Hunters",https://www.imdb.com/title/tt14205554/,Film,7.4,95,2025,"Animazione, Azione, Avventura, Commedia, Per famiglie, Fantastico, Musica, Musical",143020,2025-06-20,"Chris Appelhans, Maggie Kang",,
1013,tt7752126,2026-09-05,2026-09-05,,"L'angelo del male - Brightburn","Brightburn",https://www.imdb.com/title/tt7752126/,Film,6.1,90,2019,"Drammatico, Fantastico, Horror, Giallo, Fantascienza",122796,2019-05-23,"David Yarovesky",,
1014,tt0129167,2026-09-05,2026-09-05,,"Il gigante di ferro","The Iron Giant",https://www.imdb.com/title/tt0129167/,Film,8.1,86,1999,"Animazione, Azione, Avventura, Per famiglie, Fantascienza",265495,1999-12-23,"Brad Bird",,
1015,tt0317705,2026-09-05,2026-09-05,,"Gli Incredibili - Una 'normale' famiglia di supereroi","The Incredibles",https://www.imdb.com/title/tt0317705/,Film,8.0,115,2004,"Animazione, Azione, Avventura, Per famiglie",916937,2004-11-26,"Brad Bird",,
1016,tt3606756,2026-09-05,2026-09-05,,"Gli Incredibili 2","Incredibles 2",https://www.imdb.com/title/tt3606756/,Film,7.5,118,2018,"Animazione, Azione, Avventura, Commedia, Per famiglie, Fantascienza, Thriller",377696,2018-09-19,"Brad Bird",,
1017,tt0134847,2026-09-05,2026-09-05,,"Pitch Black","Pitch Black",https://www.imdb.com/title/tt0134847/,Film,7.0,109,2000,"Horror, Fantascienza, Thriller",266134,2000-11-24,"David Twohy",,
1018,tt0286716,2026-09-05,2026-09-05,,"Hulk","Hulk",https://www.imdb.com/title/tt0286716/,Film,5.7,138,2003,"Azione, Fantascienza",295599,2003-08-29,"Ang Lee",,
1019,tt0800080,2026-09-05,2026-09-05,,"L'incredibile Hulk","The Incredible Hulk",https://www.imdb.com/title/tt0800080/,Film,6.6,112,2008,"Azione, Fantascienza",577408,2008-06-18,"Louis Leterrier",,
1020,tt3381008,2026-09-05,2026-09-05,,"Grimsby - Attenti a quell'altro","Grimsby",https://www.imdb.com/title/tt3381008/,Film,6.2,83,2016,"Azione, Avventura, Commedia, Poliziesco",121425,2016-04-07,"Louis Leterrier",,
1021,tt2567026,2026-09-05,2026-09-05,,"Alice attraverso lo specchio","Alice Through the Looking Glass",https://www.imdb.com/title/tt2567026/,Film,6.2,113,2016,"Avventura, Per famiglie, Fantastico, Giallo",137081,2016-05-25,"James Bobin",,
1022,tt0889583,2026-09-05,2026-09-05,,"Brüno","Brüno",https://www.imdb.com/title/tt0889583/,Film,5.9,81,2009,"Commedia",159616,2009-10-23,"Larry Charles",,
1023,tt1014759,2026-09-05,2026-09-05,,"Alice in Wonderland","Alice in Wonderland",https://www.imdb.com/title/tt1014759/,Film,6.4,108,2010,"Avventura, Per famiglie, Fantastico, Giallo",472543,2010-03-03,"Tim Burton",,
1024,tt1645170,2026-09-05,2026-09-05,,"Il dittatore","The Dictator",https://www.imdb.com/title/tt1645170/,Film,6.5,83,2012,"Commedia",372832,2012-06-15,"Larry Charles",,
1025,tt0097523,2026-09-05,2026-09-05,,"Tesoro, mi si sono ristretti i ragazzi","Honey, I Shrunk the Kids",https://www.imdb.com/title/tt0097523/,Film,6.5,93,1989,"Avventura, Commedia, Per famiglie, Fantascienza",179070,1989-06-23,"Joe Johnston",,
1026,tt0122718,2026-09-05,2026-09-05,,"Small Soldiers","Small Soldiers",https://www.imdb.com/title/tt0122718/,Film,6.3,108,1998,"Azione, Avventura, Commedia, Per famiglie, Fantascienza",111438,1998-10-16,"Joe Dante",,
1027,tt0401729,2026-09-05,2026-09-05,,"John Carter","John Carter",https://www.imdb.com/title/tt0401729/,Film,6.6,132,2012,"Azione, Avventura, Fantascienza",301260,2012-03-07,"Andrew Stanton",,
1028,tt0275847,2026-09-05,2026-09-05,,"Lilo & Stitch","Lilo & Stitch",https://www.imdb.com/title/tt0275847/,Film,7.4,85,2002,"Animazione, Avventura, Commedia, Drammatico, Per famiglie, Fantascienza",247179,2002-06-21,"Dean DeBlois, Chris Sanders",,
1029,tt1334585,2026-09-05,2026-09-05,,"Burn·E","Burn·E",https://www.imdb.com/title/tt1334585/,Video,7.5,8,2008,"Animazione, Cortometraggio, Avventura, Commedia, Per famiglie, Fantascienza",13859,2008-11-18,"Angus MacLane",,
1030,tt0945571,2026-09-05,2026-09-05,,"Stu: Anche un alieno può sbagliare","Lifted",https://www.imdb.com/title/tt0945571/,Corto,7.7,5,2006,"Animazione, Cortometraggio, Commedia, Per famiglie, Fantascienza",22097,2007-06-29,"Gary Rydstrom",,
1031,tt10167284,2026-09-05,2026-09-05,,"I perché di Forky","Forky Asks a Question",https://www.imdb.com/title/tt10167284/,Serie TV,6.5,3,2019,"Animazione, Cortometraggio, Commedia, Per famiglie, Fantastico",3336,2019-11-12,,,
1032,tt1957945,2026-09-05,2026-09-05,,"La Luna","La Luna",https://www.imdb.com/title/tt1957945/,Corto,7.8,7,2011,"Animazione, Cortometraggio, Drammatico, Per famiglie, Fantastico",18160,2012-06-22,"Enrico Casarosa",,
1033,tt0248808,2026-09-05,2026-09-05,,"Pennuti spennati","For the Birds",https://www.imdb.com/title/tt0248808/,Corto,7.9,3,2000,"Animazione, Cortometraggio, Commedia, Per famiglie",36156,2001-11-02,"Ralph Eggleston",,
1034,tt5613056,2026-09-05,2026-09-05,,"Piper","Piper",https://www.imdb.com/title/tt5613056/,Corto,8.3,6,2016,"Animazione, Cortometraggio, Per famiglie",34211,2016-06-17,"Alan Barillaro",,
1035,tt1537759,2026-09-05,2026-09-05,,"La missione speciale di Dug","Dug's Special Mission",https://www.imdb.com/title/tt1537759/,Video,6.9,5,2009,"Animazione, Cortometraggio, Commedia, Per famiglie",8233,2009-11-10,"Ronnie Del Carmen",,
1036,tt0455565,2026-09-05,2026-09-05,,"L'attacco di Jack-Jack","Jack-Jack Attack",https://www.imdb.com/title/tt0455565/,Video,7.5,5,2005,"Animazione, Cortometraggio, Avventura, Commedia, Per famiglie",19860,2008-01-11,"Brad Bird",,
1037,tt3824386,2026-09-05,2026-09-05,,"Lava","Lava",https://www.imdb.com/title/tt3824386/,Corto,7.2,7,2014,"Animazione, Cortometraggio, Per famiglie, Fantastico, Musica, Musical, Sentimentale",20915,2015-06-19,"James Ford Murphy",,
1038,tt0093832,2026-09-05,2026-09-05,,"Il sogno di Red","Red's Dream",https://www.imdb.com/title/tt0093832/,Corto,6.3,4,1987,"Animazione, Cortometraggio, Per famiglie, Fantastico",8502,1994-11-25,"John Lasseter",,
1039,tt4941804,2026-09-05,2026-09-05,,"Il primo appuntamento di Riley","Riley's First Date?",https://www.imdb.com/title/tt4941804/,Video,7.4,5,2015,"Animazione, Cortometraggio, Commedia, Per famiglie, Fantastico, Sentimentale",12159,2015-10-13,"Josh Cooley",,
1040,tt6267732,2026-09-05,2026-09-05,,"Lou","Lou",https://www.imdb.com/title/tt6267732/,Corto,7.7,7,2017,"Animazione, Cortometraggio, Commedia, Per famiglie, Fantastico",9240,2017-06-16,"Dave Mullins",,
1041,tt1425244,2026-09-05,2026-09-05,,"Parzialmente nuvoloso","Partly Cloudy",https://www.imdb.com/title/tt1425244/,Corto,8.0,6,2009,"Animazione, Cortometraggio, Commedia, Per famiglie, Fantastico",24974,2009-05-29,"Peter Sohn",,
1042,tt4661600,2026-09-05,2026-09-05,,"Il super Team di Sanjay","Sanjay's Super Team",https://www.imdb.com/title/tt4661600/,Corto,6.8,7,2015,"Animazione, Cortometraggio, Azione, Per famiglie, Fantastico, Thriller",5916,2015-11-25,"Sanjay Patel",,
1043,tt3116154,2026-09-05,2026-09-05,,"Centro feste","Party Central",https://www.imdb.com/title/tt3116154/,Corto,7.0,5,2013,"Animazione, Cortometraggio, Avventura, Commedia, Per famiglie, Fantastico",4477,2014-02-20,"Kelsey Mann",,
1044,tt0086855,2026-09-05,2026-09-05,,"The Adventures of André & Wally B.","The Adventures of André & Wally B.",https://www.imdb.com/title/tt0086855/,Corto,5.3,2,1984,"Animazione, Cortometraggio, Commedia, Per famiglie",6794,1992-12-04,"Alvy Ray Smith",,
1045,tt1134859,2026-09-05,2026-09-05,,"Il tuo amico topo","Your Friend the Rat",https://www.imdb.com/title/tt1134859/,Video,7.0,11,2007,"Animazione, Cortometraggio, Commedia, Per famiglie",7736,2007-11-06,"Jim Capobianco",,
1046,tt2565938,2026-09-05,2026-09-05,,"La leggenda di Mor'du","The Legend of Mor'du",https://www.imdb.com/title/tt2565938/,Video,6.1,7,2012,"Animazione, Cortometraggio, Per famiglie, Fantastico",2886,2012-11-13,"Brian Larsen",,
1047,tt6467266,2026-09-05,2026-09-05,,"Sing 2 - Sempre più forte","Sing 2",https://www.imdb.com/title/tt6467266/,Film,7.3,110,2021,"Animazione, Avventura, Commedia, Per famiglie, Musical",103595,2021-12-23,"Garth Jennings, Christophe Lourdelet",,
1048,tt5580390,2026-09-05,2026-09-05,,"La forma dell'acqua - The Shape of Water","The Shape of Water",https://www.imdb.com/title/tt5580390/,Film,7.3,123,2017,"Drammatico, Fantastico, Sentimentale, Fantascienza",480294,2018-02-14,"Guillermo del Toro",,
1049,tt0105236,2026-09-05,2026-09-05,,"Le lene - Cani da rapina","Reservoir Dogs",https://www.imdb.com/title/tt0105236/,Film,8.2,99,1992,"Poliziesco, Thriller",1181710,1992-10-09,"Quentin Tarantino",,
1050,tt3470600,2026-09-05,2026-09-05,,"Sing","Sing",https://www.imdb.com/title/tt3470600/,Film,7.1,108,2016,"Animazione, Commedia, Per famiglie, Musica",216839,2017-01-04,"Garth Jennings, Christophe Lourdelet",,
1051,tt14062858,2026-09-05,2026-09-05,,"Us Again","Us Again",https://www.imdb.com/title/tt14062858/,Corto,7.8,7,2021,"Animazione, Cortometraggio, Drammatico, Per famiglie, Musical",7912,2021-03-05,"Zach Parrish",,
1052,tt5807512,2026-09-05,2026-09-05,,"Testa o cuore","Inner Workings",https://www.imdb.com/title/tt5807512/,Corto,7.7,6,2016,"Animazione, Cortometraggio, Avventura, Commedia, Per famiglie, Fantastico",6011,2016-11-23,"Leo Matsuda",,
1053,tt1142977,2026-09-05,2026-09-05,,"Frankenweenie","Frankenweenie",https://www.imdb.com/title/tt1142977/,Film,6.9,87,2012,"Animazione, Commedia, Drammatico, Per famiglie, Fantastico, Horror, Fantascienza, Thriller",127645,2013-01-17,"Tim Burton",,
1054,tt0087291,2026-09-05,2026-09-05,,"Frankenweenie","Frankenweenie",https://www.imdb.com/title/tt0087291/,Corto,7.2,29,1984,"Cortometraggio, Commedia, Horror, Fantascienza",14610,1984-12-21,"Tim Burton",,
1055,tt0107120,2026-09-05,2026-09-05,,"Hocus Pocus","Hocus Pocus",https://www.imdb.com/title/tt0107120/,Film,6.9,96,1993,"Commedia, Per famiglie, Fantastico",174062,1994-01-14,"Kenny Ortega",,
1056,tt0043067,2026-09-05,2026-09-05,,"L'isola del tesoro","Treasure Island",https://www.imdb.com/title/tt0043067/,Film,6.9,96,1950,"Avventura, Drammatico, Per famiglie",10970,1951-03-08,"Byron Haskin",,
1057,tt0054357,2026-09-05,2026-09-05,,"Robinson nell'isola dei corsari","Swiss Family Robinson",https://www.imdb.com/title/tt0054357/,Film,7.1,126,1960,"Avventura, Per famiglie",20232,1961-09-06,"Ken Annakin",,
1058,tt0047977,2026-09-05,2026-09-05,,"Davy Crockett","Davy Crockett: King of the Wild Frontier",https://www.imdb.com/title/tt0047977/,Film,6.8,93,1955,"Avventura, Drammatico, Per famiglie, Western",5664,1956-02-07,"Norman Foster",,
1059,tt0049125,2026-09-05,2026-09-05,,"Davy Crockett e i pirati del fiume","Davy Crockett and the River Pirates",https://www.imdb.com/title/tt0049125/,Film,6.6,81,1956,"Avventura, Commedia, Drammatico, Per famiglie, Western",2787,1957-05-03,"Norman Foster",,
1060,tt0318974,2026-09-05,2026-09-05,,"Alamo - Gli ultimi eroi","The Alamo",https://www.imdb.com/title/tt0318974/,Film,6.1,137,2004,"Drammatico, Storico, Guerra, Western",23839,2004-06-25,"John Lee Hancock",,
1061,tt0045197,2026-09-05,2026-09-05,,"Robin Hood e i compagni della foresta","The Story of Robin Hood and His Merrie Men",https://www.imdb.com/title/tt0045197/,Film,6.5,84,1952,"Azione, Avventura, Per famiglie",2900,1952-10-16,"Ken Annakin",,
1062,tt0072951,2026-09-05,2026-09-05,,"Incredibile viaggio verso l'ignoto","Escape to Witch Mountain",https://www.imdb.com/title/tt0072951/,Film,6.3,97,1975,"Avventura, Per famiglie, Fantastico, Giallo, Fantascienza",12535,1976-02-06,"John Hough",,
1063,tt0106223,2026-09-05,2026-09-05,,"Le avventure di Huck Finn","The Adventures of Huck Finn",https://www.imdb.com/title/tt0106223/,Film,6.2,108,1993,"Avventura, Commedia, Drammatico, Per famiglie",9967,1993-04-02,"Stephen Sommers",,
1064,tt1403981,2026-09-05,2026-09-05,,"Remember Me","Remember Me",https://www.imdb.com/title/tt1403981/,Film,7.1,113,2010,"Drammatico, Sentimentale",166147,2010-03-26,"Allen Coulter",,
1065,tt0046672,2026-09-05,2026-09-05,,"20.000 leghe sotto i mari","20,000 Leagues Under the Sea",https://www.imdb.com/title/tt0046672/,Film,7.2,127,1954,"Avventura, Drammatico, Per famiglie, Fantastico, Fantascienza",39788,1955-09-12,"Richard Fleischer",,
1066,tt1014775,2026-09-05,2026-09-05,,"Beverly Hills Chihuahua (Ci uauh a)","Beverly Hills Chihuahua",https://www.imdb.com/title/tt1014775/,Film,4.0,91,2008,"Avventura, Commedia, Drammatico, Per famiglie, Sentimentale",27770,2009-01-16,"Raja Gosnell",,
1067,tt8096832,2026-09-05,2026-09-05,,"Lilli e il vagabondo","Lady and the Tramp",https://www.imdb.com/title/tt8096832/,Film,6.2,111,2019,"Avventura, Commedia, Per famiglie, Musical, Sentimentale",26897,2020-03-24,"Charlie Bean",,
1068,tt0048280,2026-09-05,2026-09-05,,"Lilli e il vagabondo","Lady and the Tramp",https://www.imdb.com/title/tt0048280/,Film,7.3,76,1955,"Animazione, Avventura, Commedia, Per famiglie, Musical, Sentimentale",163909,1955-12-15,"Clyde Geronimi, Wilfred Jackson, Hamilton Luske, Jack Cutting",,
1069,tt7504726,2026-09-05,2026-09-05,,"Il richiamo della foresta","The Call of the Wild",https://www.imdb.com/title/tt7504726/,Film,6.7,100,2020,"Avventura, Drammatico, Per famiglie",65094,2020-02-20,"Chris Sanders",,
1070,tt0055254,2026-09-05,2026-09-05,,"La carica dei cento e uno","One Hundred and One Dalmatians",https://www.imdb.com/title/tt0055254/,Film,7.3,79,1961,"Animazione, Avventura, Commedia, Per famiglie",198849,1961-11-30,"Clyde Geronimi, Hamilton Luske, Wolfgang Reitherman",,
1071,tt0099487,2026-09-05,2026-09-05,,"Edward mani di forbice","Edward Scissorhands",https://www.imdb.com/title/tt0099487/,Film,7.8,105,1990,"Drammatico, Fantastico, Sentimentale",570429,1991-04-25,"Tim Burton",,
1072,tt3861390,2026-09-05,2026-09-05,,"Dumbo","Dumbo",https://www.imdb.com/title/tt3861390/,Film,6.2,112,2019,"Avventura, Per famiglie, Fantastico",89295,2019-03-28,"Tim Burton",,
1073,tt0033563,2026-09-05,2026-09-05,,"Dumbo: L'elefante volante","Dumbo",https://www.imdb.com/title/tt0033563/,Film,7.2,64,1941,"Animazione, Avventura, Drammatico, Per famiglie, Fantastico, Musical",151794,1948-11-24,"Samuel Armstrong, Norman Ferguson, Wilfred Jackson, Jack Kinney, Bill Roberts, Ben Sharpsteen",,
1074,tt0115433,2026-09-05,2026-09-05,,"La carica dei 101 - Questa volta la magia è vera","101 Dalmatians",https://www.imdb.com/title/tt0115433/,Film,5.8,103,1996,"Avventura, Commedia, Poliziesco, Per famiglie",124598,1997-03-14,"Stephen Herek",,
1075,tt0107688,2026-09-05,2026-09-05,,"Nightmare Before Christmas","Tim Burton's the Nightmare Before Christmas",https://www.imdb.com/title/tt0107688/,Film,7.9,76,1993,"Animazione, Avventura, Per famiglie, Fantastico, Musical",415473,1994-12-05,"Henry Selick",,
1076,tt0837562,2026-09-05,2026-09-05,,"Hotel Transylvania","Hotel Transylvania",https://www.imdb.com/title/tt0837562/,Film,7.1,91,2012,"Animazione, Commedia, Per famiglie, Fantastico",319608,2012-11-08,"Genndy Tartakovsky",,
1077,tt2510894,2026-09-05,2026-09-05,,"Hotel Transylvania 2","Hotel Transylvania 2",https://www.imdb.com/title/tt2510894/,Film,6.6,89,2015,"Animazione, Avventura, Commedia, Per famiglie, Fantastico",165761,2015-10-08,"Genndy Tartakovsky",,
1078,tt5220122,2026-09-05,2026-09-05,,"Hotel Transylvania 3 - Una vacanza mostruosa","Hotel Transylvania 3: Summer Vacation",https://www.imdb.com/title/tt5220122/,Film,6.3,97,2018,"Animazione, Avventura, Commedia, Per famiglie, Fantastico, Sentimentale",102382,2018-08-22,"Genndy Tartakovsky",,
1079,tt0338348,2026-09-05,2026-09-05,,"Polar Express","The Polar Express",https://www.imdb.com/title/tt0338348/,Film,6.6,100,2004,"Animazione, Avventura, Per famiglie, Fantastico, Musical",274016,2004-12-03,"Robert Zemeckis",,
1080,tt9848626,2026-09-05,2026-09-05,,"Hotel Transylvania - Uno scambio mostruoso","Hotel Transylvania: Transformania",https://www.imdb.com/title/tt9848626/,Film,6.0,87,2022,"Animazione, Avventura, Commedia, Per famiglie, Fantastico",49081,2022-01-14,"Derek Drymon, Jennifer Kluska",,
1081,tt1850374,2026-09-05,2026-09-05,,"Vacanze hawaiiane","Hawaiian Vacation",https://www.imdb.com/title/tt1850374/,Corto,7.2,6,2011,"Animazione, Cortometraggio, Commedia, Per famiglie, Fantastico",11756,2011-06-24,"Gary Rydstrom",,
1082,tt2446040,2026-09-05,2026-09-05,,"Toy Story of Terror!","Toy Story of Terror!",https://www.imdb.com/title/tt2446040/,Film per la TV,7.4,22,2013,"Animazione, Avventura, Commedia, Per famiglie, Fantastico, Horror",20471,2013-10-16,"Angus MacLane",,
1083,tt0091455,2026-09-05,2026-09-05,,"Luxo Jr.","Luxo Jr.",https://www.imdb.com/title/tt0091455/,Corto,7.2,2,1986,"Animazione, Cortometraggio, Commedia, Per famiglie",16605,1987-07-10,"John Lasseter",,
1084,tt2616880,2026-09-05,2026-09-05,,"L'ombrello blu","The Blue Umbrella",https://www.imdb.com/title/tt2616880/,Corto,7.5,7,2013,"Animazione, Cortometraggio, Drammatico, Per famiglie, Fantastico, Sentimentale",12020,2013-08-21,"Saschka Unseld",,
1085,tt0395479,2026-09-05,2026-09-05,,"L'agnello rimbalzello","Boundin'",https://www.imdb.com/title/tt0395479/,Corto,6.8,5,2003,"Animazione, Cortometraggio, Commedia, Per famiglie, Musical",15622,2004-11-05,"Bud Luckey, Roger Gould",,
1086,tt2340678,2026-09-05,2026-09-05,,"Non c'è festa senza Rex","Partysaurus Rex",https://www.imdb.com/title/tt2340678/,Corto,7.4,7,2012,"Animazione, Cortometraggio, Avventura, Commedia, Per famiglie, Fantastico",9891,2012-09-14,"Mark A. Walsh, Dylan Brown",,
1087,tt0096273,2026-09-05,2026-09-05,,"Tin Toy","Tin Toy",https://www.imdb.com/title/tt0096273/,Corto,6.4,5,1988,"Animazione, Cortometraggio, Commedia, Per famiglie, Fantastico",12618,1996-05-16,"John Lasseter",,
1088,tt8952294,2026-09-05,2026-09-05,,"Zietta Edna","Auntie Edna",https://www.imdb.com/title/tt8952294/,Corto,7.1,5,2018,"Animazione, Cortometraggio, Azione, Avventura, Commedia, Per famiglie, Fantascienza",5066,2018-11-06,"Ted Mathot",,
1089,tt0097674,2026-09-05,2026-09-05,,"Knick Knack","Knick Knack",https://www.imdb.com/title/tt0097674/,Corto,7.4,4,1989,"Animazione, Cortometraggio, Commedia, Per famiglie",16251,1992-11-25,"John Lasseter",,
1090,tt1245104,2026-09-05,2026-09-05,,"Presto","Presto",https://www.imdb.com/title/tt1245104/,Corto,8.3,5,2008,"Animazione, Cortometraggio, Commedia, Per famiglie, Fantastico",26982,2008-06-27,"Doug Sweetland",,
1091,tt1552624,2026-09-05,2026-09-05,,"George and A.J.","George and A.J.",https://www.imdb.com/title/tt1552624/,Video,5.9,4,2009,"Animazione, Cortometraggio, Commedia, Per famiglie",3046,2009-11-12,"Josh Cooley",,
1092,tt0131409,2026-09-05,2026-09-05,,"Il gioco di Geri","Geri's Game",https://www.imdb.com/title/tt0131409/,Corto,7.8,5,1997,"Animazione, Cortometraggio, Commedia, Per famiglie",28729,1997-11-25,"Jan Pinkava",,
1093,tt3473654,2026-09-05,2026-09-05,,"Toy Story - Tutto un altro mondo","Toy Story That Time Forgot",https://www.imdb.com/title/tt3473654/,Film per la TV,7.1,22,2014,"Animazione, Avventura, Commedia, Per famiglie, Fantastico",15302,2014-12-02,"Steve Purcell",,
1094,tt10167262,2026-09-05,2026-09-05,,"Vita da lampada","Lamp Life",https://www.imdb.com/title/tt10167262/,Corto,6.7,7,2020,"Animazione, Cortometraggio, Avventura, Commedia, Per famiglie, Fantastico",5287,2020-03-24,"Valerie LaPointe",,
1095,tt0479113,2026-09-05,2026-09-05,,"One Man Band","One Man Band",https://www.imdb.com/title/tt0479113/,Corto,7.6,4,2005,"Animazione, Cortometraggio, Commedia, Per famiglie, Musica",18026,2006-06-06,"Mark Andrews, Andrew Jimenez",,
1096,tt1620446,2026-09-05,2026-09-05,,"Quando il giorno incontra la notte","Day & Night",https://www.imdb.com/title/tt1620446/,Corto,8.0,6,2010,"Animazione, Cortometraggio, Commedia, Per famiglie, Fantastico",21461,2010-06-18,"Teddy Newton",,
1097,tt3411444,2026-09-05,2026-09-05,,"Ferdinand","Ferdinand",https://www.imdb.com/title/tt3411444/,Film,6.7,108,2017,"Animazione, Avventura, Commedia, Drammatico, Per famiglie",72249,2017-12-21,"Carlos Saldanha",,
1098,tt1529235,2026-09-05,2026-09-05,,"Benvenuti al sud","Benvenuti al sud",https://www.imdb.com/title/tt1529235/,Film,6.6,102,2010,"Commedia",11534,2010-10-01,"Luca Miniero",,
1099,tt5452780,2026-09-05,2026-09-05,,"Frozen - Le avventure di Olaf","Olaf's Frozen Adventure",https://www.imdb.com/title/tt5452780/,Corto,5.8,22,2017,"Animazione, Cortometraggio, Avventura, Commedia, Per famiglie, Fantastico, Musical",15334,2017-12-28,"Kevin Deters, Stevie Wermers",,
1100,tt13061790,2026-09-05,2026-09-05,,"La storia di Olaf","Once Upon a Snowman",https://www.imdb.com/title/tt13061790/,Corto,6.9,8,2020,"Animazione, Cortometraggio, Avventura, Commedia, Per famiglie, Fantastico",4170,2020-10-23,"Dan Abraham, Trent Correy",,
1101,tt1368151,2026-09-05,2026-09-05,,"Super Rhino","Super Rhino",https://www.imdb.com/title/tt1368151/,Video,6.2,4,2009,"Animazione, Cortometraggio, Avventura, Commedia, Per famiglie",1503,2009-03-22,"Nathan Greno",,
1102,tt0816562,2026-09-05,2026-09-05,,"La piccola fiammiferaia","The Little Matchgirl",https://www.imdb.com/title/tt0816562/,Corto,7.8,7,2006,"Animazione, Cortometraggio, Drammatico, Per famiglie, Fantastico",5715,2006-09-07,"Roger Allers",,
1103,tt0377770,2026-09-05,2026-09-05,,"Destino","Destino",https://www.imdb.com/title/tt0377770/,Corto,7.5,7,2003,"Animazione, Cortometraggio",6963,2003-08,"Dominique Monfery",,
1104,tt0032455,2026-09-05,2026-09-05,,"Fantasia","Fantasia",https://www.imdb.com/title/tt0032455/,Film,7.7,124,1940,"Animazione, Per famiglie, Fantastico, Musica, Musical",112355,1946-10-19,"James Algar, Samuel Armstrong, Ford Beebe Jr., Norman Ferguson, David Hand, Jim Handley, T. Hee, Wilfred Jackson, Hamilton Luske, Bill Roberts, Paul Satterfield, Ben Sharpsteen",,
1105,tt6016776,2026-09-05,2026-09-05,,"Team Thor","Team Thor",https://www.imdb.com/title/tt6016776/,Video,7.7,4,2016,"Cortometraggio, Commedia, Fantastico, Fantascienza",12106,2016-07-23,"Taika Waititi",,
1106,tt6599818,2026-09-05,2026-09-05,,"Team Thor: Part 2","Team Thor: Part 2",https://www.imdb.com/title/tt6599818/,Video,7.2,5,2017,"Cortometraggio, Commedia, Fantascienza",7743,2017-02-28,"Taika Waititi",,
1107,tt1736313,2026-09-05,2026-09-05,,"Tick Tock Tale","Tick Tock Tale",https://www.imdb.com/title/tt1736313/,Corto,7.3,6,2015,"Animazione, Cortometraggio, Avventura, Per famiglie, Fantastico",2200,2015-08-18,"Dean Wellins",,
1108,tt2112281,2026-09-05,2026-09-05,,"Rapunzel - Le incredibili nozze","Tangled Ever After",https://www.imdb.com/title/tt2112281/,Corto,7.5,6,2012,"Animazione, Cortometraggio, Avventura, Commedia, Per famiglie",20726,2012-01-13,"Nathan Greno, Byron Howard",,
1109,tt3689498,2026-09-05,2026-09-05,,"Winston","Feast",https://www.imdb.com/title/tt3689498/,Corto,8.1,6,2014,"Animazione, Cortometraggio, Commedia, Drammatico, Per famiglie, Sentimentale",25120,2014-12-18,"Patrick Osborne",,
1110,tt2388725,2026-09-05,2026-09-05,,"Paperman","Paperman",https://www.imdb.com/title/tt2388725/,Corto,8.2,7,2012,"Animazione, Cortometraggio, Commedia, Per famiglie, Fantastico, Sentimentale",37213,2012-12-20,"John Kahrs",,
1111,tt1474311,2026-09-05,2026-09-05,,"Larry & Wayne - Missione Natale","Prep & Landing",https://www.imdb.com/title/tt1474311/,Cortometraggio per la TV,7.6,22,2009,"Animazione, Cortometraggio, Avventura, Commedia, Per famiglie, Fantastico",4732,2009-12-18,"Kevin Deters, Stevie Wermers",,
1112,tt2069885,2026-09-05,2026-09-05,,"Lanny & Wayne - Buoni vs. Cattivi","Prep & Landing: Naughty vs. Nice",https://www.imdb.com/title/tt2069885/,Cortometraggio per la TV,7.3,22,2011,"Animazione, Cortometraggio, Avventura, Commedia, Per famiglie, Fantastico",2754,2011-12-05,"Kevin Deters, Stevie Wermers",,
1113,tt1754374,2026-09-05,2026-09-05,,"Larry & Wayne: Regali sotto l'albero - Operazione: Babbo Natale","Prep & Landing: Operation Secret Santa",https://www.imdb.com/title/tt1754374/,Cortometraggio per la TV,6.8,7,2010,"Animazione, Cortometraggio, Commedia, Per famiglie, Fantastico",2618,2010-12-07,"Kevin Deters, Stevie Wermers",,
1114,tt0238414,2026-09-05,2026-09-05,,"Topolino e la magia del Natale","Mickey's Once Upon a Christmas",https://www.imdb.com/title/tt0238414/,Video,7.1,66,1999,"Animazione, Commedia, Per famiglie, Fantastico",12444,1999-11-09,"Jun Falkenstein, Alex Mann, Bradley Raymond, Toby Shelton, Bill Speers",,
1115,tt14499632,2026-09-05,2026-09-05,,"22 contro la Terra","22 vs. Earth",https://www.imdb.com/title/tt14499632/,Corto,6.4,6,2021,"Animazione, Cortometraggio, Avventura, Commedia, Per famiglie, Fantastico",6148,2021-04-30,"Kevin Nolting",,
1116,tt15476620,2026-09-05,2026-09-05,,"Ciao Alberto","Ciao Alberto",https://www.imdb.com/title/tt15476620/,Corto,6.9,8,2021,"Animazione, Cortometraggio, Commedia, Per famiglie",9409,2021-11-12,"McKenna Harris",,
1117,tt14927356,2026-09-05,2026-09-05,,"Far from the Tree","Far from the Tree",https://www.imdb.com/title/tt14927356/,Corto,7.5,7,2021,"Animazione, Cortometraggio, Avventura, Commedia, Per famiglie",5944,2021-11-24,"Natalie Nourigat",,
1118,tt8023090,2026-09-05,2026-09-05,,"Team Darryl","Team Darryl",https://www.imdb.com/title/tt8023090/,Corto,6.5,6,2018,"Cortometraggio, Commedia, Fantascienza",5092,2018-02-20,"Taika Waititi",,
1119,tt3225926,2026-09-05,2026-09-05,,"Ghost Train","Ghost Train",https://www.imdb.com/title/tt3225926/,Corto,6.3,17,2013,"Cortometraggio, Drammatico, Fantastico, Horror",770,2013-07-13,"Lee Cronin",,
1120,tt0457419,2026-09-05,2026-09-05,,"Mr. Magorium e la bottega delle meraviglie","Mr. Magorium's Wonder Emporium",https://www.imdb.com/title/tt0457419/,Film,6.2,93,2007,"Commedia, Per famiglie, Fantastico",49538,2008-01-25,"Zach Helm",,
1121,tt1587310,2026-09-05,2026-09-05,,"Maleficent","Maleficent",https://www.imdb.com/title/tt1587310/,Film,6.9,97,2014,"Avventura, Drammatico, Per famiglie, Fantastico, Sentimentale",428074,2014-05-28,"Robert Stromberg",,
1122,tt1735898,2026-09-05,2026-09-05,,"Biancaneve e il cacciatore","Snow White and the Huntsman",https://www.imdb.com/title/tt1735898/,Film,6.1,127,2012,"Azione, Avventura, Drammatico, Fantastico",316946,2012-07-11,"Rupert Sanders",,
1123,tt1623205,2026-09-05,2026-09-05,,"Il grande e potente Oz","Oz the Great and Powerful",https://www.imdb.com/title/tt1623205/,Film,6.3,130,2013,"Avventura, Per famiglie, Fantastico",222271,2013-03-07,"Sam Raimi",,
1124,tt4777008,2026-09-05,2026-09-05,,"Maleficent 2 - Signora del male","Maleficent: Mistress of Evil",https://www.imdb.com/title/tt4777008/,Film,6.6,119,2019,"Avventura, Drammatico, Per famiglie, Fantastico, Sentimentale",134251,2019-10-17,"Joachim Rønning",,
1125,tt2906216,2026-09-05,2026-09-05,,"Dungeons & Dragons - L'onore dei ladri","Dungeons & Dragons: Honor Among Thieves",https://www.imdb.com/title/tt2906216/,Film,7.2,134,2023,"Azione, Avventura, Commedia, Fantastico",278225,2023-03-29,"John Francis Daley, Jonathan Goldstein",,
1126,tt3183660,2026-09-05,2026-09-05,,"Animali fantastici e dove trovarli","Fantastic Beasts and Where to Find Them",https://www.imdb.com/title/tt3183660/,Film,7.2,132,2016,"Avventura, Per famiglie, Fantastico",545478,2016-11-17,"David Yates",,
1127,tt2034800,2026-09-05,2026-09-05,,"The Great Wall","The Great Wall",https://www.imdb.com/title/tt2034800/,Film,5.9,103,2016,"Azione, Avventura, Fantastico, Thriller",161409,2017-02-23,"Yimou Zhang",,
1128,tt1646987,2026-09-05,2026-09-05,,"La furia dei titani","Wrath of the Titans",https://www.imdb.com/title/tt1646987/,Film,5.7,99,2012,"Azione, Avventura, Fantastico",205038,2012-03-30,"Jonathan Liebesman",,
1129,tt0449010,2026-09-05,2026-09-05,,"Eragon","Eragon",https://www.imdb.com/title/tt0449010/,Film,5.1,104,2006,"Azione, Avventura, Per famiglie, Fantastico",135339,2006-12-22,"Stefen Fangmeier",,
1130,tt0096446,2026-09-05,2026-09-05,,"Willow","Willow",https://www.imdb.com/title/tt0096446/,Film,7.2,126,1988,"Azione, Avventura, Drammatico, Fantastico, Sentimentale",139382,1988-12-23,"Ron Howard",,
1131,tt2381991,2026-09-05,2026-09-05,,"Il cacciatore e la regina di ghiaccio","The Huntsman: Winter's War",https://www.imdb.com/title/tt2381991/,Film,6.1,114,2016,"Azione, Avventura, Drammatico, Fantastico, Sentimentale, Guerra",127958,2016-04-07,"Cedric Nicolas-Troyan",,
1132,tt0355295,2026-09-05,2026-09-05,,"I fratelli Grimm e l'incantevole strega","The Brothers Grimm",https://www.imdb.com/title/tt0355295/,Film,5.9,118,2005,"Azione, Avventura, Commedia, Fantastico, Horror, Giallo, Thriller",132997,2005-11-11,"Terry Gilliam",,
1133,tt13452446,2026-09-05,2026-09-05,,"Damsel","Damsel",https://www.imdb.com/title/tt13452446/,Film,6.1,110,2024,"Azione, Avventura, Fantastico",122386,2024-03-08,"Juan Carlos Fresnadillo",,
1134,tt4123432,2026-09-05,2026-09-05,,"Animali fantastici - I segreti di Silente","Fantastic Beasts: The Secrets of Dumbledore",https://www.imdb.com/title/tt4123432/,Film,6.2,142,2022,"Avventura, Fantastico",195495,2022-04-14,"David Yates",,
1135,tt4123430,2026-09-05,2026-09-05,,"Animali fantastici: I crimini di Grindelwald","Fantastic Beasts: The Crimes of Grindelwald",https://www.imdb.com/title/tt4123430/,Film,6.5,134,2018,"Avventura, Per famiglie, Fantastico",335029,2018-11-15,"David Yates",,
1136,tt2345759,2026-09-05,2026-09-05,,"La mummia","The Mummy",https://www.imdb.com/title/tt2345759/,Film,5.4,111,2017,"Azione, Avventura, Fantastico, Horror, Thriller",224955,2017-06-08,"Alex Kurtzman",,
1137,tt0209163,2026-09-05,2026-09-05,,"La mummia - Il ritorno","The Mummy Returns",https://www.imdb.com/title/tt0209163/,Film,6.4,130,2001,"Azione, Avventura, Fantastico, Thriller",371157,2001-05-11,"Stephen Sommers",,
1138,tt0859163,2026-09-05,2026-09-05,,"La mummia - La tomba dell'Imperatore Dragone","The Mummy: Tomb of the Dragon Emperor",https://www.imdb.com/title/tt0859163/,Film,5.3,112,2008,"Azione, Avventura, Fantastico",182157,2008-09-26,"Rob Cohen",,
1139,tt0241527,2026-09-05,2026-09-05,,"Harry Potter e la pietra filosofale","Harry Potter and the Sorcerer's Stone",https://www.imdb.com/title/tt0241527/,Film,7.7,152,2001,"Avventura, Per famiglie, Fantastico",966538,2001-12-06,"Chris Columbus",,
1140,tt0330373,2026-09-05,2026-09-05,,"Harry Potter e il calice di fuoco","Harry Potter and the Goblet of Fire",https://www.imdb.com/title/tt0330373/,Film,7.7,157,2005,"Avventura, Per famiglie, Fantastico, Giallo",764703,2005-11-25,"Mike Newell",,
1141,tt0295297,2026-09-05,2026-09-05,,"Harry Potter e la camera dei segreti","Harry Potter and the Chamber of Secrets",https://www.imdb.com/title/tt0295297/,Film,7.5,161,2002,"Avventura, Per famiglie, Fantastico, Giallo",777553,2002-12-06,"Chris Columbus",,
1142,tt0373889,2026-09-05,2026-09-05,,"Harry Potter e l'Ordine della Fenice","Harry Potter and the Order of the Phoenix",https://www.imdb.com/title/tt0373889/,Film,7.5,138,2007,"Avventura, Per famiglie, Fantastico, Giallo",711283,2007-07-11,"David Yates",,
1143,tt0417741,2026-09-05,2026-09-05,,"Harry Potter e il principe mezzosangue","Harry Potter and the Half-Blood Prince",https://www.imdb.com/title/tt0417741/,Film,7.6,153,2009,"Avventura, Per famiglie, Fantastico, Giallo",670509,2009-07-15,"David Yates",,
1144,tt1170358,2026-09-05,2026-09-05,,"Lo Hobbit - La desolazione di Smaug","The Hobbit: The Desolation of Smaug",https://www.imdb.com/title/tt1170358/,Film,7.8,161,2013,"Avventura, Fantastico",761506,2013-12-12,"Peter Jackson",,
1145,tt2310332,2026-09-05,2026-09-05,,"Lo Hobbit - La battaglia delle cinque armate","The Hobbit: The Battle of the Five Armies",https://www.imdb.com/title/tt2310332/,Film,7.4,144,2014,"Avventura, Fantastico",625451,2014-12-17,"Peter Jackson",,
1146,tt3480822,2026-09-05,2026-09-05,,"Black Widow","Black Widow",https://www.imdb.com/title/tt3480822/,Film,6.6,134,2021,"Azione, Avventura, Fantascienza",489319,2021-07-07,"Cate Shortland",,
1147,tt1253863,2026-09-05,2026-09-05,,"300 - L'alba di un impero","300: Rise of an Empire",https://www.imdb.com/title/tt1253863/,Film,6.2,102,2014,"Azione, Avventura, Drammatico, Fantastico, Storico, Guerra",331670,2014-03-06,"Noam Murro",,
1148,tt0451279,2026-09-05,2026-09-05,,"Wonder Woman","Wonder Woman",https://www.imdb.com/title/tt0451279/,Film,7.3,141,2017,"Azione, Avventura, Fantastico, Fantascienza, Guerra",741624,2017-06-01,"Patty Jenkins",,
1149,tt3228774,2026-09-05,2026-09-05,,"Crudelia","Cruella",https://www.imdb.com/title/tt3228774/,Film,7.3,134,2021,"Avventura, Commedia, Poliziesco, Drammatico",301444,2021-05-26,"Craig Gillespie",,
1150,tt0162222,2026-09-05,2026-09-05,,"Cast Away","Cast Away",https://www.imdb.com/title/tt0162222/,Film,7.8,143,2000,"Avventura, Drammatico, Sentimentale",696549,2001-01-12,"Robert Zemeckis",,
1151,tt0071562,2026-09-05,2026-09-05,,"Il padrino - Parte II","The Godfather Part II",https://www.imdb.com/title/tt0071562/,Film,9.0,202,1974,"Poliziesco, Drammatico",1512725,1975-09-25,"Francis Ford Coppola",,
1152,tt2463208,2026-09-05,2026-09-05,,"The Adam Project","The Adam Project",https://www.imdb.com/title/tt2463208/,Film,6.7,106,2022,"Azione, Avventura, Commedia, Fantascienza",262360,2022-03-11,"Shawn Levy",,
1153,tt0436339,2026-09-05,2026-09-05,,"G-Force - Superspie in missione","G-Force",https://www.imdb.com/title/tt0436339/,Film,5.1,88,2009,"Animazione, Azione, Avventura, Commedia, Per famiglie, Fantastico, Fantascienza",54050,2009-09-24,"Hoyt Yeatman",,
1154,tt0239395,2026-09-05,2026-09-05,,"Come cani & gatti","Cats & Dogs",https://www.imdb.com/title/tt0239395/,Film,5.2,87,2001,"Azione, Avventura, Commedia, Per famiglie, Fantastico",66245,2001-10-31,"Lawrence Guterman",,
1155,tt0107362,2026-09-05,2026-09-05,,"Last Action Hero - L'ultimo grande eroe","Last Action Hero",https://www.imdb.com/title/tt0107362/,Film,6.5,130,1993,"Azione, Avventura, Commedia, Fantastico",175079,1993-10-07,"John McTiernan",,
1156,tt0090728,2026-09-05,2026-09-05,,"Grosso guaio a Chinatown","Big Trouble in Little China",https://www.imdb.com/title/tt0090728/,Film,7.2,99,1986,"Azione, Avventura, Commedia, Fantastico",169442,1986-09-05,"John Carpenter",,
1157,tt3566834,2026-09-05,2026-09-05,,"Un film Minecraft","A Minecraft Movie",https://www.imdb.com/title/tt3566834/,Film,5.6,101,2025,"Azione, Avventura, Commedia, Per famiglie, Fantastico",167390,2025-04-03,"Jared Hess",,
1158,tt0396555,2026-09-05,2026-09-05,,"I Robinson - Una famiglia spaziale","Meet the Robinsons",https://www.imdb.com/title/tt0396555/,Film,6.8,95,2007,"Animazione, Avventura, Commedia, Per famiglie, Fantascienza",123539,2007-06-08,"Stephen J. Anderson",,
1159,tt0345950,2026-09-05,2026-09-05,,"SpongeBob - Il film","The SpongeBob SquarePants Movie",https://www.imdb.com/title/tt0345950/,Film,7.2,87,2004,"Animazione, Avventura, Commedia, Per famiglie, Fantastico",113001,2005-09-23,"Stephen Hillenburg",,
1160,tt0061852,2026-09-05,2026-09-05,,"Il libro della giungla","The Jungle Book",https://www.imdb.com/title/tt0061852/,Film,7.6,78,1967,"Animazione, Avventura, Commedia, Per famiglie, Musical",215595,1968-12-20,"Wolfgang Reitherman",,
1161,tt0328880,2026-09-05,2026-09-05,,"Koda, fratello orso","Brother Bear",https://www.imdb.com/title/tt0328880/,Film,6.9,85,2003,"Animazione, Avventura, Commedia, Drammatico, Per famiglie, Fantastico, Musical",138393,2004-03-05,"Aaron Blaise, Robert Walker",,
1162,tt1679335,2026-09-05,2026-09-05,,"Trolls","Trolls",https://www.imdb.com/title/tt1679335/,Film,6.4,92,2016,"Animazione, Avventura, Commedia, Per famiglie, Fantastico, Musica, Musical",102347,2016-10-27,"Mike Mitchell, Walt Dohrn",,
1163,tt0910970,2026-09-05,2026-09-05,,"WALL·E","WALL·E",https://www.imdb.com/title/tt0910970/,Film,8.4,98,2008,"Animazione, Avventura, Per famiglie, Fantascienza",1341426,2008-10-17,"Andrew Stanton",,
1164,tt0119137,2026-09-05,2026-09-05,,"Flubber - Un professore tra le nuvole","Flubber",https://www.imdb.com/title/tt0119137/,Film,5.3,93,1997,"Commedia, Per famiglie, Fantascienza",101264,1998-03-13,"Les Mayfield",,
1165,tt0130623,2026-09-05,2026-09-05,,"Dinosauri","Dinosaur",https://www.imdb.com/title/tt0130623/,Film,6.4,82,2000,"Animazione, Avventura, Drammatico, Per famiglie, Fantastico",73717,2000-12-01,"Eric Leighton, Ralph Zondag",,
1166,tt0114148,2026-09-05,2026-09-05,,"Pocahontas","Pocahontas",https://www.imdb.com/title/tt0114148/,Film,6.7,81,1995,"Animazione, Avventura, Drammatico, Per famiglie, Musical, Sentimentale",220081,1995-11-24,"Mike Gabriel, Eric Goldberg",,
1167,tt0371606,2026-09-05,2026-09-05,,"Chicken Little - Amici per le penne","Chicken Little",https://www.imdb.com/title/tt0371606/,Film,5.7,81,2005,"Animazione, Avventura, Commedia, Per famiglie, Fantastico, Fantascienza",110850,2005-12-02,"Mark Dindal",,
1168,tt0299172,2026-09-05,2026-09-05,,"Mucche alla riscossa","Home on the Range",https://www.imdb.com/title/tt0299172/,Film,5.4,76,2004,"Animazione, Avventura, Commedia, Per famiglie, Musical, Western",30167,2004-09-03,"Will Finn, John Sanford",,
1169,tt0405469,2026-09-05,2026-09-05,,"Uno zoo in fuga","The Wild",https://www.imdb.com/title/tt0405469/,Film,5.2,95,2006,"Animazione, Avventura, Commedia, Per famiglie",29957,2006-04-13,"Steve 'Spaz' Williams",,
1170,tt0120667,2026-09-05,2026-09-05,,"I Fantastici 4","Fantastic Four",https://www.imdb.com/title/tt0120667/,Film,5.7,106,2005,"Azione, Avventura, Fantastico, Fantascienza",379041,2005-09-16,"Tim Story",,
1171,tt0486576,2026-09-05,2026-09-05,,"I Fantastici 4 e Silver Surfer","4: Rise of the Silver Surfer",https://www.imdb.com/title/tt0486576/,Film,5.6,92,2007,"Azione, Avventura, Fantastico, Fantascienza",303012,2007-06-15,"Tim Story",,
1172,tt6565702,2026-09-05,2026-09-05,,"X-Men: Dark Phoenix","X-Men: Dark Phoenix",https://www.imdb.com/title/tt6565702/,Film,5.7,113,2019,"Azione, Avventura, Fantascienza",233406,2019-06-06,"Simon Kinberg",,
1173,tt0376994,2026-09-05,2026-09-05,,"X-Men: Conflitto finale","X-Men: The Last Stand",https://www.imdb.com/title/tt0376994/,Film,6.6,104,2006,"Azione, Avventura, Fantascienza",580000,2006-05-26,"Brett Ratner",,
1174,tt1446714,2026-09-05,2026-09-05,,"Prometheus","Prometheus",https://www.imdb.com/title/tt1446714/,Film,7.0,124,2012,"Avventura, Fantascienza",707234,2012-09-14,"Ridley Scott",,
1175,tt0120201,2026-09-05,2026-09-05,,"Starship Troopers - Fanteria dello spazio","Starship Troopers",https://www.imdb.com/title/tt0120201/,Film,7.3,129,1997,"Azione, Avventura, Fantascienza, Thriller",349982,1998-02-27,"Paul Verhoeven",,
1176,tt0367093,2026-09-05,2026-09-05,,"Starship Troopers 2 - Eroi della Federazione","Starship Troopers 2: Hero of the Federation",https://www.imdb.com/title/tt0367093/,Video,3.6,88,2004,"Azione, Avventura, Horror, Fantascienza",26208,2004-05-04,"Phil Tippett",,
1177,tt15164924,2026-09-05,2026-09-05,,"Lego Star Wars Racconti Spaventosi","Lego Star Wars Terrifying Tales",https://www.imdb.com/title/tt15164924/,Cortometraggio per la TV,6.1,44,2021,"Animazione, Cortometraggio, Azione, Avventura, Commedia, Per famiglie, Fantastico, Horror, Fantascienza",3259,2021-10-01,"Ken Cunningham",,
1178,tt7504818,2026-09-05,2026-09-05,,"Ron - Un amico fuori programma","Ron's Gone Wrong",https://www.imdb.com/title/tt7504818/,Film,7.1,107,2021,"Animazione, Avventura, Commedia, Per famiglie, Fantascienza",46549,2021-10-21,"Sarah Smith, Jean-Philippe Vine, Octavio E. Rodriguez",,
1179,tt9032400,2026-09-05,2026-09-05,,"Eternals","Eternals",https://www.imdb.com/title/tt9032400/,Film,6.2,156,2021,"Azione, Avventura, Fantastico, Fantascienza",436672,2021-11-03,"Chloé Zhao",,
1180,tt1727824,2026-09-05,2026-09-05,,"Bohemian Rhapsody","Bohemian Rhapsody",https://www.imdb.com/title/tt1727824/,Film,7.9,134,2018,"Biografico, Drammatico, Musica",654442,2018-11-29,"Bryan Singer",,
1181,tt0034492,2026-09-05,2026-09-05,,"Bambi","Bambi",https://www.imdb.com/title/tt0034492/,Film,7.3,69,1942,"Animazione, Avventura, Drammatico, Per famiglie",166973,1948-02-11,"James Algar, Samuel Armstrong, David Hand, Graham Heid, Bill Roberts, Paul Satterfield, Norman Wright, Arthur Davis, Clyde Geronimi",,
1182,tt0317219,2026-09-05,2026-09-05,,"Cars - Motori ruggenti","Cars",https://www.imdb.com/title/tt0317219/,Film,7.3,116,2006,"Animazione, Avventura, Commedia, Per famiglie, Sportivo",549028,2006-08-23,"John Lasseter, Joe Ranft",,
1183,tt1216475,2026-09-05,2026-09-05,,"Cars 2","Cars 2",https://www.imdb.com/title/tt1216475/,Film,6.2,106,2011,"Animazione, Avventura, Commedia, Poliziesco, Per famiglie, Fantascienza, Sportivo",263998,2011-06-22,"John Lasseter, Bradford Lewis",,
1184,tt3606752,2026-09-05,2026-09-05,,"Cars 3","Cars 3",https://www.imdb.com/title/tt3606752/,Film,6.7,102,2017,"Animazione, Avventura, Commedia, Per famiglie, Sportivo",157438,2017-09-14,"Brian Fee",,
1185,tt0101414,2026-09-05,2026-09-05,,"La bella e la bestia","Beauty and the Beast",https://www.imdb.com/title/tt0101414/,Film,8.0,84,1991,"Animazione, Per famiglie, Fantastico, Musical, Sentimentale",509626,1992-12-04,"Gary Trousdale, Kirk Wise",,
1186,tt2771200,2026-09-05,2026-09-05,,"La bella e la bestia","Beauty and the Beast",https://www.imdb.com/title/tt2771200/,Film,7.1,129,2017,"Avventura, Per famiglie, Fantastico, Musical, Sentimentale",362785,2017-03-16,"Bill Condon",,
1187,tt4575576,2026-09-05,2026-09-05,,"Ritorno al Bosco dei 100 Acri","Christopher Robin",https://www.imdb.com/title/tt4575576/,Film,7.2,104,2018,"Avventura, Commedia, Drammatico, Per famiglie, Fantastico, Musical",91738,2018-08-30,"Marc Forster",,
1188,tt0042332,2026-09-05,2026-09-05,,"Cenerentola","Cinderella",https://www.imdb.com/title/tt0042332/,Film,7.3,74,1950,"Animazione, Per famiglie, Fantastico, Musical, Sentimentale",189391,1950-12-09,"Clyde Geronimi, Wilfred Jackson, Hamilton Luske",,
1189,tt0029583,2026-09-05,2026-09-05,,"Biancaneve e i sette nani","Snow White and the Seven Dwarfs",https://www.imdb.com/title/tt0029583/,Film,7.6,83,1937,"Animazione, Avventura, Per famiglie, Fantastico, Musical, Sentimentale",240359,1938-12-23,"William Cottrell, David Hand, Wilfred Jackson, Larry Morey, Perce Pearce, Ben Sharpsteen",,
1190,tt0397892,2026-09-05,2026-09-05,,"Bolt - Un eroe a quattro zampe","Bolt",https://www.imdb.com/title/tt0397892/,Film,6.8,96,2008,"Animazione, Avventura, Commedia, Poliziesco, Drammatico, Per famiglie, Fantascienza",251243,2008-11-28,"Byron Howard, Chris Williams",,
1191,tt0053285,2026-09-05,2026-09-05,,"La bella addormentata nel bosco","Sleeping Beauty",https://www.imdb.com/title/tt0053285/,Film,7.2,75,1959,"Animazione, Avventura, Per famiglie, Fantastico, Musical, Sentimentale",172781,1959-12-21,"Les Clark, Clyde Geronimi, Eric Larson, Wolfgang Reitherman, Hamilton Luske",,
1192,tt1055366,2026-09-05,2026-09-05,,"Camp Rock","Camp Rock",https://www.imdb.com/title/tt1055366/,Film per la TV,5.3,94,2008,"Commedia, Per famiglie, Musica, Musical, Sentimentale",42348,2008-09-27,"Matthew Diamond",,
1193,tt0357507,2026-09-05,2026-09-05,,"Boogeyman - L'uomo nero","Boogeyman",https://www.imdb.com/title/tt0357507/,Film,4.2,89,2005,"Drammatico, Horror, Giallo, Thriller",34086,2005-07-08,"Stephen Kay",,
1194,tt0088944,2026-09-05,2026-09-05,,"Commando","Commando",https://www.imdb.com/title/tt0088944/,Film,6.7,90,1985,"Azione, Avventura, Thriller",189684,1986-01-31,"Mark L. Lester",,
1195,tt0082198,2026-09-05,2026-09-05,,"Conan il barbaro","Conan the Barbarian",https://www.imdb.com/title/tt0082198/,Film,6.9,129,1982,"Avventura, Fantastico",175669,1982-03-31,"John Milius",,
1196,tt0087078,2026-09-05,2026-09-05,,"Conan il distruttore","Conan the Destroyer",https://www.imdb.com/title/tt0087078/,Film,5.9,103,1984,"Azione, Avventura, Fantastico",91369,1984-06-29,"Richard Fleischer",,
1197,tt0816462,2026-09-05,2026-09-05,,"Conan the Barbarian","Conan the Barbarian",https://www.imdb.com/title/tt0816462/,Film,5.2,113,2011,"Azione, Avventura, Fantastico",106517,2011-08-18,"Marcus Nispel",,
1198,tt0446013,2026-09-05,2026-09-05,,"Pathfinder - La leggenda del guerriero vichingo","Pathfinder",https://www.imdb.com/title/tt0446013/,Film,5.4,99,2007,"Azione, Avventura, Drammatico, Guerra",47940,2007-08-24,"Marcus Nispel",,
1199,tt1411250,2026-09-05,2026-09-05,,"Riddick","Riddick",https://www.imdb.com/title/tt1411250/,Film,6.4,119,2013,"Azione, Avventura, Fantascienza, Thriller",188005,2013-09-05,"David Twohy",,
1200,tt0361748,2026-09-05,2026-09-05,,"Bastardi senza gloria","Inglourious Basterds",https://www.imdb.com/title/tt0361748/,Film,8.4,153,2009,"Drammatico, Guerra",1817697,2009-10-02,"Quentin Tarantino",,
1201,tt0099674,2026-09-05,2026-09-05,,"Il padrino - Parte III","The Godfather Part III",https://www.imdb.com/title/tt0099674/,Film,7.5,162,1990,"Poliziesco, Drammatico",460598,1991-03-08,"Francis Ford Coppola",,
1202,tt1477834,2026-09-05,2026-09-05,,"Aquaman","Aquaman",https://www.imdb.com/title/tt1477834/,Film,6.8,143,2018,"Azione, Avventura, Fantastico, Fantascienza",559912,2019-01-01,"James Wan",,
1203,tt0119081,2026-09-05,2026-09-05,,"Punto di non ritorno","Event Horizon",https://www.imdb.com/title/tt0119081/,Film,6.6,96,1997,"Horror, Fantascienza, Thriller",217593,1998-01-23,"Paul W.S. Anderson",,
1204,tt0102797,2026-09-05,2026-09-05,,"Robin Hood - La leggenda","Robin Hood",https://www.imdb.com/title/tt0102797/,Film,5.7,104,1991,"Azione, Avventura, Drammatico, Sentimentale",6485,1991-05-17,"John Irvin",,
1205,tt0482571,2026-09-05,2026-09-05,,"The Prestige","The Prestige",https://www.imdb.com/title/tt0482571/,Film,8.5,130,2006,"Drammatico, Giallo, Fantascienza, Thriller",1625494,2006-12-22,"Christopher Nolan",,
1206,tt8579674,2026-09-05,2026-09-05,,"1917","1917",https://www.imdb.com/title/tt8579674/,Film,8.2,119,2019,"Drammatico, Guerra",785940,2020-01-23,"Sam Mendes",,
1207,tt0473075,2026-09-05,2026-09-05,,"Prince of Persia - Le sabbie del tempo","Prince of Persia: The Sands of Time",https://www.imdb.com/title/tt0473075/,Film,6.5,116,2010,"Azione, Avventura, Fantastico",319789,2010-05-19,"Mike Newell",,
1208,tt0963966,2026-09-05,2026-09-05,,"L'apprendista stregone","The Sorcerer's Apprentice",https://www.imdb.com/title/tt0963966/,Film,6.1,109,2010,"Azione, Avventura, Per famiglie, Fantastico",177905,2010-08-18,"Jon Turteltaub",,
1209,tt6673612,2026-09-05,2026-09-05,,"Dolittle","Dolittle",https://www.imdb.com/title/tt6673612/,Film,5.6,101,2020,"Avventura, Commedia, Per famiglie, Fantastico",80434,2020-01-30,"Stephen Gaghan",,
1210,tt0112431,2026-09-05,2026-09-05,,"Babe, maialino coraggioso","Babe",https://www.imdb.com/title/tt0112431/,Film,6.9,91,1995,"Commedia, Drammatico, Per famiglie",143905,1996-01-10,"Chris Noonan",,
1211,tt1320261,2026-09-05,2026-09-05,,"I fantastici viaggi di Gulliver","Gulliver's Travels",https://www.imdb.com/title/tt1320261/,Film,4.9,85,2010,"Avventura, Commedia, Per famiglie, Fantastico",78656,2011-02-04,"Rob Letterman",,
1212,tt6811018,2026-09-05,2026-09-05,,"Il ragazzo che diventerà re","The Kid Who Would Be King",https://www.imdb.com/title/tt6811018/,Film,6.1,120,2019,"Azione, Avventura, Per famiglie, Fantastico",20809,2019-04-18,"Joe Cornish",,
1213,tt0960731,2026-09-05,2026-09-05,,"Racconti incantati","Bedtime Stories",https://www.imdb.com/title/tt0960731/,Film,6.1,99,2008,"Avventura, Commedia, Per famiglie, Fantastico, Sentimentale, Fantascienza",107185,2009-03-27,"Adam Shankman",,
1214,tt1528100,2026-09-05,2026-09-05,,"Exodus - Dei e re","Exodus: Gods and Kings",https://www.imdb.com/title/tt1528100/,Film,6.0,150,2014,"Azione, Avventura, Drammatico, Fantastico",188256,2015-01-15,"Ridley Scott",,
1215,tt5523010,2026-09-05,2026-09-05,,"Lo schiaccianoci e i quattro regni","The Nutcracker and the Four Realms",https://www.imdb.com/title/tt5523010/,Film,5.6,99,2018,"Avventura, Per famiglie, Fantastico",40905,2018-10-31,"Lasse Hallström, Joe Johnston",,
1216,tt1210819,2026-09-05,2026-09-05,,"The Lone Ranger","The Lone Ranger",https://www.imdb.com/title/tt1210819/,Film,6.4,150,2013,"Azione, Avventura, Drammatico, Western",254639,2013-07-03,"Gore Verbinski",,
1217,tt0870154,2026-09-05,2026-09-05,,"Jungle Cruise","Jungle Cruise",https://www.imdb.com/title/tt0870154/,Film,6.5,127,2021,"Azione, Avventura, Commedia, Fantastico",229798,2021-07-28,"Jaume Collet-Serra",,
1218,tt1397514,2026-09-05,2026-09-05,,"Viaggio nell'isola misteriosa","Journey 2: The Mysterious Island",https://www.imdb.com/title/tt1397514/,Film,5.7,94,2012,"Azione, Avventura, Commedia, Per famiglie, Fantastico, Fantascienza",122599,2012-02-24,"Brad Peyton",,
1219,tt14948432,2026-09-05,2026-09-05,,"Uno Rosso","Red One",https://www.imdb.com/title/tt14948432/,Film,6.2,123,2024,"Azione, Avventura, Commedia, Fantastico, Giallo",161870,2024-11-07,"Jake Kasdan",,
1220,tt0277296,2026-09-05,2026-09-05,,"Il re scorpione","The Scorpion King",https://www.imdb.com/title/tt0277296/,Film,5.5,92,2002,"Azione, Avventura, Fantastico",152799,2002-04-24,"Chuck Russell",,
1221,tt2126355,2026-09-05,2026-09-05,,"San Andreas","San Andreas",https://www.imdb.com/title/tt2126355/,Film,6.1,114,2015,"Azione, Avventura, Fantascienza, Thriller",278853,2015-05-28,"Brad Peyton",,
1222,tt1267297,2026-09-05,2026-09-05,,"Hercules: Il guerriero","Hercules",https://www.imdb.com/title/tt1267297/,Film,6.0,98,2014,"Azione, Avventura, Fantastico",173964,2014-08-13,"Brett Ratner",,
1223,tt1583421,2026-09-05,2026-09-05,,"G.I. Joe - La vendetta","G.I. Joe: Retaliation",https://www.imdb.com/title/tt1583421/,Film,5.7,110,2013,"Azione, Avventura, Fantascienza, Thriller",194113,2013-03-28,"Jon M. Chu",,
1224,tt1046173,2026-09-05,2026-09-05,,"G.I. Joe - La nascita dei Cobra","G.I. Joe: The Rise of Cobra",https://www.imdb.com/title/tt1046173/,Film,5.7,118,2009,"Azione, Avventura, Fantascienza, Thriller",222660,2009-09-11,"Stephen Sommers",,
1225,tt0492956,2026-09-05,2026-09-05,,"Cambio di gioco","The Game Plan",https://www.imdb.com/title/tt0492956/,Film,6.2,110,2007,"Commedia, Per famiglie, Sportivo",104716,2008-07-04,"Andy Fickman",,
1226,tt0419706,2026-09-05,2026-09-05,,"Doom","Doom",https://www.imdb.com/title/tt0419706/,Film,5.2,102,2005,"Azione, Horror, Fantascienza",125025,2006-03-17,"Andrzej Bartkowiak",,
1227,tt18083578,2026-09-05,2026-09-05,,"57 secondi","57 Seconds",https://www.imdb.com/title/tt18083578/,Film,5.4,99,2023,"Avventura, Fantascienza, Thriller",14569,2023-09-29,"Rusty Cundieff",,
1228,tt0406375,2026-09-05,2026-09-05,,"Zathura - Un'avventura spaziale","Zathura: A Space Adventure",https://www.imdb.com/title/tt0406375/,Film,6.3,101,2005,"Azione, Avventura, Commedia, Per famiglie, Fantastico, Fantascienza",128168,2006-04-07,"Jon Favreau",,
1229,tt3040964,2026-09-05,2026-09-05,,"Il libro della giungla","The Jungle Book",https://www.imdb.com/title/tt3040964/,Film,7.3,106,2016,"Animazione, Azione, Avventura, Drammatico, Per famiglie, Fantastico, Musical",308034,2016-04-14,"Jon Favreau",,
1230,tt0120855,2026-09-05,2026-09-05,,"Tarzan","Tarzan",https://www.imdb.com/title/tt0120855/,Film,7.3,88,1999,"Animazione, Avventura, Commedia, Drammatico, Per famiglie",272169,1999-12-03,"Chris Buck, Kevin Lima",,
1231,tt0918940,2026-09-05,2026-09-05,,"The Legend of Tarzan","The Legend of Tarzan",https://www.imdb.com/title/tt0918940/,Film,6.2,110,2016,"Azione, Avventura, Drammatico, Fantastico, Sentimentale",199503,2016-07-14,"David Yates",,
1232,tt2025690,2026-09-05,2026-09-05,,"L'ultima tempesta","The Finest Hours",https://www.imdb.com/title/tt2025690/,Film,6.7,117,2016,"Azione, Drammatico, Storico, Thriller",75262,2016-03-31,"Craig Gillespie",,
1233,tt1663662,2026-09-05,2026-09-05,,"Pacific Rim","Pacific Rim",https://www.imdb.com/title/tt1663662/,Film,6.9,131,2013,"Azione, Avventura, Fantascienza",564166,2013-07-11,"Guillermo del Toro",,
1234,tt2557478,2026-09-05,2026-09-05,,"Pacific Rim: La rivolta","Pacific Rim: Uprising",https://www.imdb.com/title/tt2557478/,Film,5.6,111,2018,"Azione, Avventura, Fantascienza",139122,2018-03-22,"Steven S. DeKnight",,
1235,tt0078916,2026-09-05,2026-09-05,,"Buio Omega","Buio Omega",https://www.imdb.com/title/tt0078916/,Film,6.2,94,1979,"Poliziesco, Horror, Thriller",6300,1979-11-15,"Joe D'Amato",,
1236,tt0073582,2026-09-05,2026-09-05,,"Profondo Rosso","Profondo rosso",https://www.imdb.com/title/tt0073582/,Film,7.5,127,1975,"Horror, Giallo, Thriller",46778,1975-03-07,"Dario Argento",,
1237,tt15474916,2026-09-05,2026-09-05,,"Smile","Smile",https://www.imdb.com/title/tt15474916/,Film,6.5,115,2022,"Horror, Giallo, Thriller",248803,2022-09-29,"Parker Finn",,
1238,tt0106308,2026-09-05,2026-09-05,,"L'armata delle tenebre","Army of Darkness",https://www.imdb.com/title/tt0106308/,Film,7.4,81,1992,"Commedia, Horror",212519,1993-03-11,"Sam Raimi",,
1239,tt0089218,2026-09-05,2026-09-05,,"I Goonies","The Goonies",https://www.imdb.com/title/tt0089218/,Film,7.7,114,1985,"Avventura, Commedia, Per famiglie",330439,1985-12-20,"Richard Donner",,
1240,tt0162661,2026-09-05,2026-09-05,,"Il mistero di Sleepy Hollow","Sleepy Hollow",https://www.imdb.com/title/tt0162661/,Film,7.3,105,1999,"Fantastico, Horror, Giallo",416190,2000-01-28,"Tim Burton",,
1241,tt0092991,2026-09-05,2026-09-05,,"La casa 2","Evil Dead II",https://www.imdb.com/title/tt0092991/,Film,7.6,84,1987,"Commedia, Horror",200301,1987-09-25,"Sam Raimi",,
1242,tt0322330,2026-09-05,2026-09-05,,"Quel pazzo venerdì","Freaky Friday",https://www.imdb.com/title/tt0322330/,Film,6.4,97,2003,"Commedia, Per famiglie, Fantastico, Musica, Sentimentale",179763,2003-11-28,"Mark Waters",,
1243,tt2788732,2026-09-05,2026-09-05,,"Il drago invisibile","Pete's Dragon",https://www.imdb.com/title/tt2788732/,Film,6.7,102,2016,"Azione, Avventura, Commedia, Drammatico, Per famiglie, Fantastico",64876,2016-08-10,"David Lowery",,
1244,tt1196141,2026-09-05,2026-09-05,,"Diario di una schiappa","Diary of a Wimpy Kid",https://www.imdb.com/title/tt1196141/,Film,6.3,94,2010,"Commedia, Drammatico, Per famiglie",68728,2011-07-27,"Thor Freudenthal",,
1245,tt1650043,2026-09-05,2026-09-05,,"Diario di una schiappa 2","Diary of a Wimpy Kid: Rodrick Rules",https://www.imdb.com/title/tt1650043/,Film,6.7,100,2011,"Commedia, Per famiglie",44430,2011-03-25,"David Bowers",,
1246,tt2023453,2026-09-05,2026-09-05,,"Diario di una schiappa: Vita da cani","Diary of a Wimpy Kid: Dog Days",https://www.imdb.com/title/tt2023453/,Film,6.3,94,2012,"Commedia, Per famiglie",35423,2012-08-03,"David Bowers",,
1247,tt0119303,2026-09-05,2026-09-05,,"Mamma, ho preso il morbillo","Home Alone 3",https://www.imdb.com/title/tt0119303/,Film,4.6,102,1997,"Azione, Commedia, Poliziesco, Per famiglie",139598,1998-01-30,"Raja Gosnell",,
1248,tt0120595,2026-09-05,2026-09-05,,"Babe va in città","Babe: Pig in the City",https://www.imdb.com/title/tt0120595/,Film,5.9,97,1998,"Avventura, Commedia, Drammatico, Per famiglie, Fantastico",37885,1999-03-05,"George Miller",,
1249,tt2239822,2026-09-05,2026-09-05,,"Valerian e la città dei mille pianeti","Valerian and the City of a Thousand Planets",https://www.imdb.com/title/tt2239822/,Film,6.4,136,2017,"Azione, Avventura, Fantastico, Fantascienza",211499,2017-09-21,"Luc Besson",,
1250,tt0914798,2026-09-05,2026-09-05,,"Il bambino con il pigiama a righe","The Boy in the Striped Pajamas",https://www.imdb.com/title/tt0914798/,Film,7.7,94,2008,"Drammatico, Guerra",278198,2008-12-19,"Mark Herman",,
1251,tt1571234,2026-09-05,2026-09-05,,"Macchine mortali","Mortal Engines",https://www.imdb.com/title/tt1571234/,Film,6.1,128,2018,"Azione, Avventura, Fantastico, Fantascienza, Thriller",154884,2018-12-13,"Christian Rivers",,
1252,tt0454876,2026-09-05,2026-09-05,,"Vita di Pi","Life of Pi",https://www.imdb.com/title/tt0454876/,Film,7.9,127,2012,"Avventura, Drammatico, Fantastico",705896,2012-12-20,"Ang Lee",,
1253,tt0120746,2026-09-05,2026-09-05,,"La maschera di Zorro","The Mask of Zorro",https://www.imdb.com/title/tt0120746/,Film,6.8,136,1998,"Azione, Avventura, Commedia, Drammatico, Sentimentale, Thriller, Western",212160,1998-12-18,"Martin Campbell",,
1254,tt0095956,2026-09-05,2026-09-05,,"Rambo III","Rambo III",https://www.imdb.com/title/tt0095956/,Film,5.8,102,1988,"Azione, Avventura, Thriller",151261,1988-12-15,"Peter MacDonald",,
1255,tt0462499,2026-09-05,2026-09-05,,"John Rambo","Rambo",https://www.imdb.com/title/tt0462499/,Film,7.0,92,2008,"Azione, Thriller",258501,2008-02-22,"Sylvester Stallone",,
1256,tt0089880,2026-09-05,2026-09-05,,"Rambo 2 - La vendetta","Rambo: First Blood Part II",https://www.imdb.com/title/tt0089880/,Film,6.5,96,1985,"Azione, Avventura, Thriller",198293,1985-12-20,"George P. Cosmatos",,
1257,tt0462465,2026-09-05,2026-09-05,,"Outlander - L'ultimo vichingo","Outlander",https://www.imdb.com/title/tt0462465/,Film,6.2,115,2008,"Azione, Avventura, Fantascienza",82286,2009-07-03,"Howard McCain",,
1258,tt0120744,2026-09-05,2026-09-05,,"La maschera di ferro","The Man in the Iron Mask",https://www.imdb.com/title/tt0120744/,Film,6.5,132,1998,"Azione, Avventura, Drammatico",192418,1998-03-27,"Randall Wallace",,
1259,tt1259014,2026-09-05,2026-09-05,,"Nemico pubblico n. 1 - L'istinto di morte","L'instinct de mort",https://www.imdb.com/title/tt1259014/,Film,7.5,113,2008,"Azione, Biografico, Poliziesco, Drammatico, Thriller",36882,2009-03-13,"Jean-François Richet",,
1260,tt0411272,2026-09-05,2026-09-05,,"Nemico pubblico n. 1 - L'ora della fuga","L'ennemi public n°1",https://www.imdb.com/title/tt0411272/,Film,7.4,133,2008,"Azione, Biografico, Poliziesco, Drammatico, Thriller",32635,2009-04-17,"Jean-François Richet",,
1261,tt0463872,2026-09-05,2026-09-05,,"Asterix alle Olimpiadi","Astérix aux Jeux Olympiques",https://www.imdb.com/title/tt0463872/,Film,5.3,116,2008,"Avventura, Commedia, Per famiglie, Fantastico",35447,2008-02-08,"Frédéric Forestier, Thomas Langmann",,
1262,tt0097165,2026-09-05,2026-09-05,,"L'attimo fuggente","Dead Poets Society",https://www.imdb.com/title/tt0097165/,Film,8.1,128,1989,"Commedia, Drammatico",668829,1989-09-29,"Peter Weir",,
1263,tt0107614,2026-09-05,2026-09-05,,"Mrs. Doubtfire - Mammo per sempre","Mrs. Doubtfire",https://www.imdb.com/title/tt0107614/,Film,7.1,125,1993,"Commedia, Drammatico, Per famiglie",320098,1994-02-11,"Chris Columbus",,
1264,tt0307453,2026-09-05,2026-09-05,,"Shark Tale","Shark Tale",https://www.imdb.com/title/tt0307453/,Film,6.0,90,2004,"Animazione, Avventura, Commedia, Per famiglie, Thriller",216194,2005-02-25,"Bibo Bergeron, Vicky Jenson, Rob Letterman",,
1265,tt5290524,2026-09-05,2026-09-05,,"Quo vado?","Quo vado?",https://www.imdb.com/title/tt5290524/,Film,6.7,86,2016,"Commedia",14686,2016-01-01,"Gennaro Nunziante",,
1266,tt0392494,2026-09-05,2026-09-05,,"Natale in India","Natale in India",https://www.imdb.com/title/tt0392494/,Film,3.7,96,2003,"Avventura, Commedia",1925,2003-12-19,"Neri Parenti",,
1267,tt0874306,2026-09-05,2026-09-05,,"Natale a New York","Natale a New York",https://www.imdb.com/title/tt0874306/,Film,4.3,111,2006,"Commedia",1794,2006-12-15,"Neri Parenti",,
1268,tt0480922,2026-09-05,2026-09-05,,"Natale a Miami","Natale a Miami",https://www.imdb.com/title/tt0480922/,Film,4.2,100,2005,"Commedia",2011,2005-12-16,"Neri Parenti",,
1269,tt0337689,2026-09-05,2026-09-05,,"Natale sul Nilo","Natale sul Nilo",https://www.imdb.com/title/tt0337689/,Film,4.2,110,2002,"Commedia",2067,2002-12-20,"Neri Parenti",,
1270,tt0103991,2026-09-05,2026-09-05,,"Le comiche 2","Le comiche 2",https://www.imdb.com/title/tt0103991/,Film,5.4,91,1991,"Commedia",1230,1991-12-20,"Neri Parenti",,
1271,tt0099293,2026-09-05,2026-09-05,,"Le comiche","Le comiche",https://www.imdb.com/title/tt0099293/,Film,5.8,90,1990,"Commedia",1756,1990-10-28,"Neri Parenti",,
1272,tt1457767,2026-09-05,2026-09-05,,"L'evocazione - The Conjuring","The Conjuring",https://www.imdb.com/title/tt1457767/,Film,7.5,112,2013,"Horror, Giallo, Thriller",632744,2013-08-21,"James Wan",,
1273,tt0325710,2026-09-05,2026-09-05,,"L'ultimo samurai","The Last Samurai",https://www.imdb.com/title/tt0325710/,Film,7.8,154,2003,"Azione, Drammatico",510014,2004-01-09,"Edward Zwick",,
1274,tt8115900,2026-09-05,2026-09-05,,"Troppo cattivi","The Bad Guys",https://www.imdb.com/title/tt8115900/,Film,6.9,100,2022,"Animazione, Avventura, Commedia, Poliziesco, Per famiglie",82600,2022-03-31,"Pierre Perifel",,
1275,tt3322940,2026-09-05,2026-09-05,,"Annabelle","Annabelle",https://www.imdb.com/title/tt3322940/,Film,5.5,99,2014,"Horror, Giallo, Thriller",199157,2014-10-02,"John R. Leonetti",,
1276,tt0448011,2026-09-05,2026-09-05,,"Segnali dal futuro","Knowing",https://www.imdb.com/title/tt0448011/,Film,6.2,121,2009,"Giallo, Fantascienza, Thriller",264062,2009-09-04,"Alex Proyas",,
1277,tt0435705,2026-09-05,2026-09-05,,"Next","Next",https://www.imdb.com/title/tt0435705/,Film,6.2,96,2007,"Azione, Fantascienza, Thriller",176238,2008-04-04,"Lee Tamahori",,
1278,tt0109190,2026-09-05,2026-09-05,,"Baby Birba - Un giorno in libertà","Baby's Day Out",https://www.imdb.com/title/tt0109190/,Film,6.3,99,1994,"Avventura, Commedia, Poliziesco, Drammatico, Per famiglie",61386,1994-07-01,"Patrick Read Johnson",,
1279,tt0107144,2026-09-05,2026-09-05,,"Hot Shots! 2","Hot Shots! Part Deux",https://www.imdb.com/title/tt0107144/,Film,6.6,86,1993,"Azione, Commedia",104720,1993-05-21,"Jim Abrahams",,
1280,tt0108333,2026-09-05,2026-09-05,,"I tre moschettieri","The Three Musketeers",https://www.imdb.com/title/tt0108333/,Film,6.4,105,1993,"Azione, Avventura, Sentimentale",65089,1994-02-25,"Stephen Herek",,
1281,tt0115571,2026-09-05,2026-09-05,,"The Arrival","The Arrival",https://www.imdb.com/title/tt0115571/,Film,6.2,115,1996,"Giallo, Fantascienza, Thriller",42398,1996-05-31,"David Twohy",,
1282,tt0091763,2026-09-05,2026-09-05,,"Platoon","Platoon",https://www.imdb.com/title/tt0091763/,Film,8.0,120,1986,"Drammatico, Guerra",477037,1987-03-13,"Oliver Stone",,
1283,tt0078788,2026-09-05,2026-09-05,,"Apocalypse Now","Apocalypse Now",https://www.imdb.com/title/tt0078788/,Film,8.4,147,1979,"Drammatico, Giallo, Guerra",777953,1979-12-18,"Francis Ford Coppola",,
1284,tt0116705,2026-09-05,2026-09-05,,"Una promessa è una promessa","Jingle All the Way",https://www.imdb.com/title/tt0116705/,Film,5.8,89,1996,"Avventura, Commedia, Per famiglie",131134,1996-12-13,"Brian Levant",,
1285,tt0216216,2026-09-05,2026-09-05,,"Il 6° giorno","The 6th Day",https://www.imdb.com/title/tt0216216/,Film,6.0,123,2000,"Azione, Giallo, Fantascienza, Thriller",134931,2001-01-26,"Roger Spottiswoode",,
1286,tt33204697,2026-09-05,2026-09-05,,"Secret Level","Secret Level",https://www.imdb.com/title/tt33204697/,Serie TV,7.3,15,2024,"Animazione, Cortometraggio, Azione, Avventura, Fantastico, Fantascienza",32596,2024-12-10,,,
1287,tt0327437,2026-09-05,2026-09-05,,"Il giro del mondo in 80 giorni","Around the World in 80 Days",https://www.imdb.com/title/tt0327437/,Film,5.9,120,2004,"Azione, Avventura, Commedia, Per famiglie, Western",100229,2005-01-28,"Frank Coraci",,
1288,tt0327850,2026-09-05,2026-09-05,,"Il tesoro dell'Amazzonia","The Rundown",https://www.imdb.com/title/tt0327850/,Film,6.6,104,2003,"Azione, Avventura, Commedia, Thriller",149060,2004-03-05,"Peter Berg",,
1289,tt0118688,2026-09-05,2026-09-05,,"Batman & Robin","Batman & Robin",https://www.imdb.com/title/tt0118688/,Film,3.8,125,1997,"Azione, Fantascienza",285007,1997-08-29,"Joel Schumacher",,
1290,tt0099938,2026-09-05,2026-09-05,,"Un poliziotto alle elementari","Kindergarten Cop",https://www.imdb.com/title/tt0099938/,Film,6.3,111,1990,"Azione, Commedia, Poliziesco",177730,1991-03-08,"Ivan Reitman",,
1291,tt0106364,2026-09-06,2026-09-06,,"Batman - La maschera del fantasma","Batman: Mask of the Phantasm",https://www.imdb.com/title/tt0106364/,Film,7.8,76,1993,"Animazione, Azione, Avventura, Poliziesco, Per famiglie, Giallo, Fantascienza",64930,1993-12-25,"Kevin Altieri, Boyd Kirkland, Frank Paur, Dan Riba, Eric Radomski, Bruce Timm",,
1292,tt0096895,2026-09-06,2026-09-06,,"Batman","Batman",https://www.imdb.com/title/tt0096895/,Film,7.5,126,1989,"Poliziesco",436003,1989-10-20,"Tim Burton",,
1293,tt11116912,2026-09-06,2026-09-06,,"Troll","Troll",https://www.imdb.com/title/tt11116912/,Film,5.8,101,2022,"Azione, Avventura, Drammatico, Fantastico, Thriller",59875,2022-12-01,"Roar Uthaug",,
1294,tt0105643,2026-09-06,2026-09-06,,"Troll 2","Troll 2",https://www.imdb.com/title/tt0105643/,Film,3.0,95,1990,"Commedia, Fantastico, Horror",36677,1990,"Claudio Fragasso",,
1295,tt1740707,2026-09-06,2026-09-06,,"Trollhunter","Trolljegeren",https://www.imdb.com/title/tt1740707/,Film,6.9,103,2010,"Drammatico, Fantastico, Thriller",83886,2010-10-29,"André Øvredal",,
1296,tt9580138,2026-09-06,2026-09-06,,"Mortal Kombat Legends: Scorpion's Revenge","Mortal Kombat Legends: Scorpion's Revenge",https://www.imdb.com/title/tt9580138/,Film,7.4,80,2020,"Animazione, Azione, Avventura, Fantastico",21559,2020-04-12,"Ethan Spaulding",,
1297,tt6475714,2026-09-06,2026-09-06,,"Monster Hunter","Monster Hunter",https://www.imdb.com/title/tt6475714/,Film,5.2,103,2020,"Azione, Avventura, Fantastico",76126,2021-04-23,"Paul W.S. Anderson",,
1298,tt1270797,2026-09-06,2026-09-06,,"Venom","Venom",https://www.imdb.com/title/tt1270797/,Film,6.6,112,2018,"Azione, Avventura, Fantascienza",617168,2018-10-04,"Ruben Fleischer",,
1299,tt6334354,2026-09-06,2026-09-06,,"The Suicide Squad - Missione suicida","The Suicide Squad",https://www.imdb.com/title/tt6334354/,Film,7.2,132,2021,"Azione, Avventura, Commedia, Fantascienza",465934,2021-08-05,"James Gunn",,
1300,tt8790086,2026-09-06,2026-09-06,,"Kraven - Il cacciatore","Kraven the Hunter",https://www.imdb.com/title/tt8790086/,Film,5.5,127,2024,"Azione, Avventura, Thriller",87235,2024-12-12,"J.C. Chandor",,
1301,tt1285016,2026-09-06,2026-09-06,,"The Social Network","The Social Network",https://www.imdb.com/title/tt1285016/,Film,7.8,120,2010,"Biografico, Drammatico",828959,2010-11-11,"David Fincher",,
1302,tt12412888,2026-09-06,2026-09-06,,"Sonic 2 - Il film","Sonic the Hedgehog 2",https://www.imdb.com/title/tt12412888/,Film,6.5,122,2022,"Azione, Avventura, Commedia, Per famiglie, Fantastico, Fantascienza",119433,2022-04-07,"Jeff Fowler",,
1303,tt5108870,2026-09-06,2026-09-06,,"Morbius","Morbius",https://www.imdb.com/title/tt5108870/,Film,5.1,104,2022,"Azione, Avventura, Horror, Fantascienza, Thriller",174614,2022-03-31,"Daniel Espinosa",,
1304,tt3884528,2026-09-06,2026-09-06,,"Batkid Begins","Batkid Begins",https://www.imdb.com/title/tt3884528/,Film,7.1,87,2015,"Documentario, Biografico, Per famiglie",1878,2015-06-26,"Dana Nachman",,
1305,tt3139086,2026-09-06,2026-09-06,,"Batman: Assault on Arkham","Batman: Assault on Arkham",https://www.imdb.com/title/tt3139086/,Video,7.4,76,2014,"Animazione, Azione, Avventura, Poliziesco, Fantastico, Fantascienza, Thriller",40507,2014-07-29,"Jay Oliva, Ethan Spaulding",,
1306,tt0990407,2026-09-06,2026-09-06,,"The Green Hornet","The Green Hornet",https://www.imdb.com/title/tt0990407/,Film,5.8,119,2011,"Azione, Commedia, Poliziesco",169648,2011-01-28,"Michel Gondry",,
1307,tt1515091,2026-09-06,2026-09-06,,"Sherlock Holmes - Gioco di ombre","Sherlock Holmes: A Game of Shadows",https://www.imdb.com/title/tt1515091/,Film,7.4,129,2011,"Azione, Avventura, Giallo",505495,2011-12-16,"Guy Ritchie",,
1308,tt4624424,2026-09-06,2026-09-06,,"Cicogne in missione","Storks",https://www.imdb.com/title/tt4624424/,Film,6.8,87,2016,"Animazione, Avventura, Commedia, Per famiglie, Fantastico",73458,2016-10-20,"Nicholas Stoller, Doug Sweetland",,
1309,tt0844471,2026-09-06,2026-09-06,,"Piovono polpette","Cloudy with a Chance of Meatballs",https://www.imdb.com/title/tt0844471/,Film,6.9,90,2009,"Animazione, Avventura, Commedia, Per famiglie, Fantastico, Fantascienza",290079,2009-12-23,"Phil Lord, Christopher Miller",,
1310,tt1985966,2026-09-06,2026-09-06,,"Piovono polpette 2 - La rivincita degli avanzi","Cloudy with a Chance of Meatballs 2",https://www.imdb.com/title/tt1985966/,Film,6.3,95,2013,"Animazione, Avventura, Commedia, Per famiglie, Fantastico, Fantascienza",127568,2013-12-25,"Cody Cameron, Kris Pearn",,
1311,tt4382824,2026-09-06,2026-09-06,,"Io, Dio e Bin Laden","Army of One",https://www.imdb.com/title/tt4382824/,Film,5.2,92,2016,"Biografico, Commedia, Poliziesco",9932,2018-07-25,"Larry Charles",,
1312,tt0190374,2026-09-06,2026-09-06,,"Dungeons & Dragons","Dungeons & Dragons",https://www.imdb.com/title/tt0190374/,Film,3.7,107,2000,"Azione, Avventura, Fantastico",38194,2002-04-12,"Courtney Solomon",,
1313,tt0074486,2026-09-06,2026-09-06,,"Eraserhead - La mente che cancella","Eraserhead",https://www.imdb.com/title/tt0074486/,Film,7.2,89,1977,"Fantastico, Horror",145637,1982-01-30,"David Lynch",,
1314,tt0063350,2026-09-06,2026-09-06,,"La notte dei morti viventi","Night of the Living Dead",https://www.imdb.com/title/tt0063350/,Film,7.8,96,1968,"Horror, Thriller",152456,1970-08-01,"George A. Romero",,
1315,tt0081318,2026-09-06,2026-09-06,,"Paura nella città dei morti viventi","Paura nella città dei morti viventi",https://www.imdb.com/title/tt0081318/,Film,6.2,93,1980,"Horror",21274,1980-08-11,"Lucio Fulci",,
1316,tt0100258,2026-09-06,2026-09-06,,"La notte dei morti viventi","Night of the Living Dead",https://www.imdb.com/title/tt0100258/,Film,6.8,92,1990,"Horror",49514,1990-10-19,"Tom Savini",,
1317,tt0080057,2026-09-06,2026-09-06,,"Zombi 2","Zombi 2",https://www.imdb.com/title/tt0080057/,Film,6.8,91,1979,"Horror",33711,1979-08-25,"Lucio Fulci",,
1318,tt1077258,2026-09-06,2026-09-06,,"Planet Terror","Planet Terror",https://www.imdb.com/title/tt1077258/,Film,7.0,105,2007,"Azione, Commedia, Horror, Thriller",234728,2007-09-28,"Robert Rodriguez",,
1319,tt0993840,2026-09-06,2026-09-06,,"Army of the Dead","Army of the Dead",https://www.imdb.com/title/tt0993840/,Film,5.8,148,2021,"Azione, Avventura, Poliziesco, Drammatico, Horror, Fantascienza, Thriller, Guerra",202902,2021-05-21,"Zack Snyder",,
1320,tt0077402,2026-09-06,2026-09-06,,"Zombi","Dawn of the Dead",https://www.imdb.com/title/tt0077402/,Film,7.8,127,1978,"Horror, Thriller",137580,1978-09-02,"George A. Romero",,
1321,tt2403021,2026-09-06,2026-09-06,,"The Green Inferno","The Green Inferno",https://www.imdb.com/title/tt2403021/,Film,5.4,100,2013,"Avventura, Horror",55708,2015-09-24,"Eli Roth",,
1322,tt0078935,2026-09-06,2026-09-06,,"Cannibal Holocaust","Cannibal Holocaust",https://www.imdb.com/title/tt0078935/,Film,5.7,95,1980,"Avventura, Horror",67910,1980-02-07,"Ruggero Deodato",,
1323,tt0118615,2026-09-06,2026-09-06,,"Anaconda","Anaconda",https://www.imdb.com/title/tt0118615/,Film,5.0,89,1997,"Azione, Avventura, Horror, Thriller",127250,1997-11-21,"Luis Llosa",,
1324,tt9110170,2026-09-06,2026-09-06,,"Wrong Turn","Wrong Turn",https://www.imdb.com/title/tt9110170/,Film,5.6,109,2021,"Horror, Thriller",43579,2021-02-11,"Mike P. Nelson",,
1325,tt0295700,2026-09-06,2026-09-06,,"Wrong Turn - Il bosco ha fame","Wrong Turn",https://www.imdb.com/title/tt0295700/,Film,6.1,84,2003,"Horror, Thriller",148217,2004-08-13,"Rob Schmidt",,
1326,tt0804555,2026-09-06,2026-09-06,,"Wrong Turn 2 - Senza via di uscita","Wrong Turn 2: Dead End",https://www.imdb.com/title/tt0804555/,Video,5.5,93,2007,"Avventura, Horror",50948,2008-05-07,"Joe Lynch",,
1327,tt0397065,2026-09-06,2026-09-06,,"La maschera di cera","House of Wax",https://www.imdb.com/title/tt0397065/,Film,5.5,113,2005,"Horror, Thriller",147709,2005-05-27,"Jaume Collet-Serra",,
1328,tt0432291,2026-09-06,2026-09-06,,"The Fog - Nebbia assassina","The Fog",https://www.imdb.com/title/tt0432291/,Film,3.7,100,2005,"Horror, Giallo",41831,2006-03-17,"Rupert Wainwright",,
1329,tt0080749,2026-09-06,2026-09-06,,"Fog","The Fog",https://www.imdb.com/title/tt0080749/,Film,6.8,89,1980,"Horror, Thriller",92837,1980-03-22,"John Carpenter",,
1330,tt0389722,2026-09-06,2026-09-06,,"30 giorni di buio","30 Days of Night",https://www.imdb.com/title/tt0389722/,Film,6.6,113,2007,"Horror, Thriller",203161,2008-02-08,"David Slade",,
1331,tt8781414,2026-09-06,2026-09-06,,"Freaks","Freaks",https://www.imdb.com/title/tt8781414/,Film,6.7,105,2018,"Drammatico, Fantastico, Giallo, Fantascienza, Thriller",45252,2019-09-13,"Zach Lipovsky, Adam B. Stein",,
1332,tt6499752,2026-09-06,2026-09-06,,"Upgrade","Upgrade",https://www.imdb.com/title/tt6499752/,Film,7.5,100,2018,"Azione, Fantascienza, Thriller",238187,2018-11-22,"Leigh Whannell",,
1333,tt8228288,2026-09-06,2026-09-06,,"Il buco","El hoyo",https://www.imdb.com/title/tt8228288/,Film,7.0,94,2019,"Horror, Giallo, Fantascienza, Thriller",330058,2019-11-08,"Galder Gaztelu-Urrutia",,
1334,tt0303816,2026-09-06,2026-09-06,,"Cabin Fever","Cabin Fever",https://www.imdb.com/title/tt0303816/,Film,5.6,93,2002,"Horror",89662,2003-09-05,"Eli Roth",,
1335,tt0099740,2026-09-06,2026-09-06,,"Hardware - Metallo letale","Hardware",https://www.imdb.com/title/tt0099740/,Film,6.0,94,1990,"Horror, Fantascienza, Thriller",16923,1991-08-23,"Richard Stanley",,
1336,tt1351685,2026-09-06,2026-09-06,,"Il cacciatore di giganti","Jack the Giant Slayer",https://www.imdb.com/title/tt1351685/,Film,6.3,114,2013,"Azione, Avventura, Fantastico",156782,2013-03-28,"Bryan Singer",,
1337,tt0120647,2026-09-06,2026-09-06,,"Deep Impact","Deep Impact",https://www.imdb.com/title/tt0120647/,Film,6.3,120,1998,"Azione, Drammatico, Fantascienza, Thriller",207623,1998-05-14,"Mimi Leder",,
1338,tt5814534,2026-09-06,2026-09-06,,"Spie sotto copertura","Spies in Disguise",https://www.imdb.com/title/tt5814534/,Film,6.8,102,2019,"Animazione, Azione, Avventura, Commedia, Drammatico, Per famiglie, Fantascienza, Thriller",63865,2019-12-25,"Nick Bruno, Troy Quane",,
1339,tt0113277,2026-09-06,2026-09-06,,"Heat - La sfida","Heat",https://www.imdb.com/title/tt0113277/,Film,8.3,170,1995,"Azione, Poliziesco, Drammatico",818354,1996-02-09,"Michael Mann",,
1340,tt0133751,2026-09-06,2026-09-06,,"The Faculty","The Faculty",https://www.imdb.com/title/tt0133751/,Film,6.6,104,1998,"Horror, Giallo, Fantascienza",149529,2001-03-23,"Robert Rodriguez",,
1341,tt0118956,2026-09-06,2026-09-06,,"Deep Rising - Presenze dal profondo","Deep Rising",https://www.imdb.com/title/tt0118956/,Film,6.1,106,1998,"Azione, Avventura, Horror, Fantascienza",45559,1998-05-15,"Stephen Sommers",,
1342,tt0120458,2026-09-06,2026-09-06,,"Virus","Virus",https://www.imdb.com/title/tt0120458/,Film,5.1,99,1999,"Azione, Horror, Fantascienza, Thriller",32406,1999-05-14,"John Bruno",,
1343,tt6079516,2026-09-06,2026-09-06,,"I See You","I See You",https://www.imdb.com/title/tt6079516/,Film,6.8,98,2019,"Horror, Giallo, Thriller",77649,2025-10-01,"Adam Randall",,
1344,tt0120794,2026-09-06,2026-09-06,,"Il principe d'Egitto","The Prince of Egypt",https://www.imdb.com/title/tt0120794/,Film,7.3,99,1998,"Animazione, Avventura, Drammatico, Per famiglie, Fantastico, Musical",164518,1998-12-18,"Brenda Chapman, Steve Hickner, Simon Wells",,
1345,tt2709768,2026-09-06,2026-09-06,,"Pets - Vita da animali","The Secret Life of Pets",https://www.imdb.com/title/tt2709768/,Film,6.5,86,2016,"Animazione, Avventura, Commedia, Per famiglie",239093,2016-10-06,"Chris Renaud",,
1346,tt5113040,2026-09-06,2026-09-06,,"Pets 2 - Vita da animali","The Secret Life of Pets 2",https://www.imdb.com/title/tt5113040/,Film,6.4,86,2019,"Animazione, Avventura, Commedia, Per famiglie",80002,2019-06-06,"Chris Renaud, Jonathan del Val",,
1347,tt15311622,2026-09-06,2026-09-06,,"The Story of the Faithful Wookiee","The Story of the Faithful Wookiee",https://www.imdb.com/title/tt15311622/,Corto,6.0,9,1978,"Animazione, Cortometraggio, Fantascienza",816,1978-11-17,"David Acomba",,
1348,tt0089110,2026-09-06,2026-09-06,,"Il ritorno degli Ewok","Ewoks: The Battle for Endor",https://www.imdb.com/title/tt0089110/,Film per la TV,5.4,94,1985,"Avventura, Per famiglie, Fantastico, Fantascienza",11826,1985-11-24,"Jim Wheat, Ken Wheat",,
1349,tt0087225,2026-09-06,2026-09-06,,"L'avventura degli Ewok","Caravan of Courage: An Ewok Adventure",https://www.imdb.com/title/tt0087225/,Film per la TV,5.3,96,1984,"Avventura, Per famiglie, Fantastico, Fantascienza",13690,1984-11-25,"John Korty",,
1350,tt0085811,2026-09-06,2026-09-06,,"Krull","Krull",https://www.imdb.com/title/tt0085811/,Film,6.1,116,1983,"Azione, Avventura, Fantastico, Fantascienza",39836,1983-07-29,"Peter Yates",,
1351,tt0120913,2026-09-06,2026-09-06,,"Titan A.E.","Titan A.E.",https://www.imdb.com/title/tt0120913/,Film,6.6,94,2000,"Animazione, Azione, Avventura, Per famiglie, Fantascienza",67217,2000-09-29,"Don Bluth, Gary Goldman",,
1352,tt0451079,2026-09-06,2026-09-06,,"Ortone e il mondo dei Chi","Horton Hears a Who!",https://www.imdb.com/title/tt0451079/,Film,6.8,86,2008,"Animazione, Avventura, Commedia, Drammatico, Per famiglie, Fantastico, Musica",160027,2008-04-18,"Jimmy Hayward, Steve Martino",,
1353,tt2262227,2026-09-06,2026-09-06,,"Il libro della vita","The Book of Life",https://www.imdb.com/title/tt2262227/,Film,7.2,95,2014,"Animazione, Avventura, Commedia, Per famiglie, Fantastico, Musical, Sentimentale",85667,2015-05-28,"Jorge R. Gutiérrez",,
1354,tt4520988,2026-09-06,2026-09-06,,"Frozen II - Il segreto di Arendelle","Frozen II",https://www.imdb.com/title/tt4520988/,Film,6.8,103,2019,"Animazione, Avventura, Commedia, Drammatico, Per famiglie, Fantastico, Musical",223625,2019-11-27,"Chris Buck, Jennifer Lee",,
1355,tt2294629,2026-09-06,2026-09-06,,"Frozen - Il regno di ghiaccio","Frozen",https://www.imdb.com/title/tt2294629/,Film,7.4,102,2013,"Animazione, Avventura, Commedia, Per famiglie, Fantastico, Musical",721553,2013-12-19,"Chris Buck, Jennifer Lee",,
1356,tt0118617,2026-09-06,2026-09-06,,"Anastasia","Anastasia",https://www.imdb.com/title/tt0118617/,Film,7.2,94,1997,"Animazione, Avventura, Drammatico, Per famiglie, Fantastico, Musical, Giallo, Sentimentale",148553,1998-03-23,"Don Bluth, Gary Goldman",,
1357,tt1067106,2026-09-06,2026-09-06,,"A Christmas Carol","A Christmas Carol",https://www.imdb.com/title/tt1067106/,Film,6.8,96,2009,"Animazione, Avventura, Commedia, Drammatico, Per famiglie, Fantastico",142270,2009-12-03,"Robert Zemeckis",,
1358,tt0046183,2026-09-06,2026-09-06,,"Le avventure di Peter Pan","Peter Pan",https://www.imdb.com/title/tt0046183/,Film,7.2,77,1953,"Animazione, Avventura, Per famiglie, Fantastico, Musical",167676,1953-12-16,"Clyde Geronimi, Wilfred Jackson, Hamilton Luske, Jack Kinney",,
1359,tt0316396,2026-09-06,2026-09-06,,"Peter Pan","Peter Pan",https://www.imdb.com/title/tt0316396/,Film,6.8,113,2003,"Avventura, Per famiglie, Fantastico, Sentimentale",85755,2004-04-02,"P.J. Hogan",,
1360,tt0102057,2026-09-06,2026-09-06,,"Hook - Capitan Uncino","Hook",https://www.imdb.com/title/tt0102057/,Film,6.8,142,1991,"Avventura, Commedia, Per famiglie, Fantastico",294702,1992-03-27,"Steven Spielberg",,
1361,tt0082406,2026-09-06,2026-09-06,,"Red e Toby nemiciamici","The Fox and the Hound",https://www.imdb.com/title/tt0082406/,Film,7.2,83,1981,"Animazione, Avventura, Drammatico, Per famiglie",111715,1981-11-19,"Ted Berman, Richard Rich, Art Stevens, David Hand, Wolfgang Reitherman",,
1362,tt0467197,2026-09-06,2026-09-06,,"Max Payne","Max Payne",https://www.imdb.com/title/tt0467197/,Film,5.3,100,2008,"Azione, Poliziesco, Drammatico, Giallo, Thriller",134925,2008-11-28,"John Moore",,
1363,tt0395699,2026-09-06,2026-09-06,,"Missione tata","The Pacifier",https://www.imdb.com/title/tt0395699/,Film,5.6,95,2005,"Azione, Commedia, Drammatico, Per famiglie",108060,2005-04-22,"Adam Shankman",,
1364,tt0093779,2026-09-06,2026-09-06,,"La storia fantastica","The Princess Bride",https://www.imdb.com/title/tt0093779/,Film,8.0,98,1987,"Avventura, Commedia, Per famiglie, Fantastico, Sentimentale",491022,1988-03-31,"Rob Reiner",,
1365,tt7715070,2026-09-06,2026-09-06,,"Horrible Histories: The Movie - Rotten Romans","Horrible Histories: The Movie - Rotten Romans",https://www.imdb.com/title/tt7715070/,Film,5.4,88,2019,"Commedia, Per famiglie, Storico, Musical",3897,2019-07-26,"Dominic Brigstocke",,
1366,tt6097798,2026-09-06,2026-09-06,,"Radius","Radius",https://www.imdb.com/title/tt6097798/,Film,6.2,93,2017,"Drammatico, Horror, Giallo, Fantascienza, Thriller",22722,2017-10-20,"Caroline Labrèche, Steeve Léonard",,
1367,tt0093872,2026-09-06,2026-09-06,,"I robot conquistano il mondo","Robot Holocaust",https://www.imdb.com/title/tt0093872/,Film,2.4,79,1987,"Avventura, Drammatico, Fantastico, Fantascienza",2379,1987-02-26,"Tim Kincaid",,
1368,tt0120877,2026-09-06,2026-09-06,,"Vampires","Vampires",https://www.imdb.com/title/tt0120877/,Film,6.1,108,1998,"Azione, Horror, Thriller",69107,1998-10-02,"John Carpenter",,
1369,tt1733578,2026-09-06,2026-09-06,,"The zombie diaries","World of the Dead: The Zombie Diaries",https://www.imdb.com/title/tt1733578/,Film,3.8,88,2011,"Azione, Horror, Fantascienza",2588,2011-06-24,"Michael G. Bartlett, Kevin Gates",,
1370,tt0470124,2026-09-06,2026-09-06,,"Garuda","Paksa wayu",https://www.imdb.com/title/tt0470124/,Film,4.2,115,2004,"Azione, Fantastico",449,2004-04-01,"Monthon Arayangkoon",,
1371,tt1525366,2026-09-06,2026-09-06,,"Grabbers - Hangover finale","Grabbers",https://www.imdb.com/title/tt1525366/,Film,6.3,94,2012,"Azione, Avventura, Commedia, Horror, Fantascienza, Thriller",20881,2012-08-10,"Jon Wright",,
1372,tt1185266,2026-09-06,2026-09-06,,"Horror Movie","Stan Helsing",https://www.imdb.com/title/tt1185266/,Film,3.6,90,2009,"Commedia, Fantastico, Horror",16077,2011-08-17,"Bo Zenga",,
1373,tt4261326,2026-09-06,2026-09-06,,"2307 - Winter's Dream","2307: Winter's Dream",https://www.imdb.com/title/tt4261326/,Film,3.7,101,2016,"Fantascienza",1779,2017-06-01,"Joey Curtis",,
1374,tt0409904,2026-09-06,2026-09-06,,"I guardiani del giorno","Dnevnoy dozor",https://www.imdb.com/title/tt0409904/,Film,6.4,132,2006,"Azione, Fantastico, Horror, Thriller",36561,2007-11-09,"Timur Bekmambetov",,
1375,tt0468492,2026-09-06,2026-09-06,,"The Host","Goemool",https://www.imdb.com/title/tt0468492/,Film,7.1,120,2006,"Drammatico, Horror, Fantascienza",144573,2013-06-13,"Bong Joon Ho",,
1376,tt2645670,2026-09-06,2026-09-06,,"Independence Daysaster - La nuova minaccia","Independence Daysaster",https://www.imdb.com/title/tt2645670/,Film per la TV,3.5,91,2013,"Azione, Avventura, Fantascienza, Thriller",1558,2018-07-05,"W.D. Hogan",,
1377,tt5813366,2026-09-06,2026-09-06,,"Bleeding Steel - Eroe di acciaio","Ji qi zhi xue",https://www.imdb.com/title/tt5813366/,Film,5.2,109,2017,"Azione, Fantascienza, Thriller",12203,2017-12-22,"Leo Zhang",,
1378,tt0091225,2026-09-06,2026-09-06,,"Howard e il destino del mondo","Howard the Duck",https://www.imdb.com/title/tt0091225/,Film,4.8,110,1986,"Azione, Avventura, Commedia, Sentimentale, Fantascienza",55306,1986-12-23,"Willard Huyck",,
1379,tt0085672,2026-09-06,2026-09-06,,"Ercole","Hercules",https://www.imdb.com/title/tt0085672/,Film,4.2,98,1983,"Avventura, Fantastico, Storico",4950,1983-08-12,"Luigi Cozzi",,
1380,tt0089271,2026-09-06,2026-09-06,,"Le avventure dell'incredibile Ercole","Le avventure dell'incredibile Ercole",https://www.imdb.com/title/tt0089271/,Film,4.0,88,1985,"Avventura, Fantastico",1857,1985-05-02,"Luigi Cozzi",,
1381,tt0085356,2026-09-06,2026-09-06,,"Conquest","Conquest",https://www.imdb.com/title/tt0085356/,Film,5.2,88,1983,"Azione, Avventura, Fantastico, Horror",3387,1983-06-02,"Lucio Fulci",,
1382,tt0092615,2026-09-06,2026-09-06,,"I barbari","The Barbarians",https://www.imdb.com/title/tt0092615/,Film,5.1,87,1987,"Azione, Avventura, Fantastico",6131,1987-04-24,"Ruggero Deodato",,
1383,tt0104684,2026-09-06,2026-09-06,,"Hard Boiled","Lat sau san taam",https://www.imdb.com/title/tt0104684/,Film,7.7,128,1992,"Azione, Poliziesco, Thriller",60718,1992-04-16,"John Woo",,
1384,tt0411951,2026-09-06,2026-09-06,,"Tekken","Tekken",https://www.imdb.com/title/tt0411951/,Film,4.8,91,2010,"Azione, Poliziesco, Drammatico, Fantascienza, Thriller",29942,2011-08-05,"Dwight H. Little",,
1385,tt0295701,2026-09-06,2026-09-06,,"xXx","xXx",https://www.imdb.com/title/tt0295701/,Film,5.9,124,2002,"Azione, Avventura, Drammatico, Thriller",195099,2002-10-31,"Rob Cohen",,
1386,tt0329774,2026-09-06,2026-09-06,,"xXx 2: The Next Level","xXx: State of the Union",https://www.imdb.com/title/tt0329774/,Film,4.5,101,2005,"Azione, Avventura, Poliziesco, Thriller",77237,2005-04-29,"Lee Tamahori",,
1387,tt1293847,2026-09-06,2026-09-06,,"xXx - Il ritorno di Xander Cage","xXx: Return of Xander Cage",https://www.imdb.com/title/tt1293847/,Film,5.2,107,2017,"Azione, Avventura, Thriller",102601,2017-01-19,"D.J. Caruso",,
1388,tt0829150,2026-09-06,2026-09-06,,"Dracula Untold","Dracula Untold",https://www.imdb.com/title/tt0829150/,Film,6.3,92,2014,"Azione, Drammatico, Fantastico, Horror",224586,2014-10-30,"Gary Shore",,
1389,tt0375568,2026-09-06,2026-09-06,,"Astro Boy","Astro Boy",https://www.imdb.com/title/tt0375568/,Film,6.3,94,2009,"Animazione, Azione, Avventura, Commedia, Drammatico, Per famiglie, Fantastico, Fantascienza",43484,2009-12-18,"David Bowers",,
1390,tt1726888,2026-09-06,2026-09-06,,"Infanzia clandestina","Infancia clandestina",https://www.imdb.com/title/tt1726888/,Film,7.0,112,2011,"Drammatico",2809,2013-08-29,"Benjamín Ávila",,
1391,tt1129442,2026-09-06,2026-09-06,,"Transporter 3","Transporter 3",https://www.imdb.com/title/tt1129442/,Film,6.1,104,2008,"Azione, Thriller",187106,2008-11-26,"Olivier Megaton",,
1392,tt2094766,2026-09-06,2026-09-06,,"Assassin's Creed","Assassin's Creed",https://www.imdb.com/title/tt2094766/,Film,5.6,115,2016,"Azione, Avventura, Fantascienza",221055,2017-01-04,"Justin Kurzel",,
1393,tt2076822,2026-09-06,2026-09-06,,"Chaos Walking","Chaos Walking",https://www.imdb.com/title/tt2076822/,Film,5.7,109,2021,"Azione, Avventura, Drammatico, Fantastico, Fantascienza, Western",65161,2021-03-05,"Doug Liman",,
1394,tt9777666,2026-09-06,2026-09-06,,"La guerra di domani","The Tomorrow War",https://www.imdb.com/title/tt9777666/,Film,6.6,138,2021,"Azione, Avventura, Drammatico, Fantascienza, Thriller",257687,2021-07-02,"Chris McKay",,
1395,tt6819382,2026-09-06,2026-09-06,,"Scrambled","Scrambled",https://www.imdb.com/title/tt6819382/,Corto,6.7,7,2017,"Animazione, Cortometraggio, Commedia",282,2017-05,"Bastiaan Schravendeel",,
1396,tt3043542,2026-09-06,2026-09-06,,"Mr. Hublot","Mr. Hublot",https://www.imdb.com/title/tt3043542/,Corto,7.2,11,2013,"Animazione, Cortometraggio, Commedia, Per famiglie, Fantastico",5570,2014-02-26,"Laurent Witz, Alexandre Espigares",,
1397,tt6363190,2026-09-06,2026-09-06,,"The Invisible Word","The Invisible Word",https://www.imdb.com/title/tt6363190/,Film,7.8,52,2017,"Documentario",22,2017-01-17,"Alberto Boldini",,
1398,tt12982126,2026-09-06,2026-09-06,,"I Am Fatou","I Am Fatou",https://www.imdb.com/title/tt12982126/,Corto,,18,2020,"Cortometraggio, Drammatico",0,2020-08-10,"Amir Ra",,
1399,tt0097100,2026-09-06,2026-09-06,,"Communion","Communion",https://www.imdb.com/title/tt0097100/,Film,5.5,109,1989,"Biografico, Drammatico, Horror, Fantascienza, Thriller",8976,1989-11-10,"Philippe Mora",,
1400,tt2788710,2026-09-06,2026-09-06,,"The Interview","The Interview",https://www.imdb.com/title/tt2788710/,Film,6.5,112,2014,"Azione, Avventura, Commedia",379729,2014-12-24,"Evan Goldberg, Seth Rogen",,
1401,tt0432348,2026-09-06,2026-09-06,,"Saw II - La soluzione dell'enigma","Saw II",https://www.imdb.com/title/tt0432348/,Film,6.6,93,2005,"Horror, Giallo",300073,2006-01-05,"Darren Lynn Bousman",,
1402,tt0433362,2026-09-06,2026-09-06,,"Daybreakers - L'ultimo vampiro","Daybreakers",https://www.imdb.com/title/tt0433362/,Film,6.4,98,2009,"Azione, Horror, Fantascienza, Thriller",142094,2010-03-19,"Michael Spierig, Peter Spierig",,
1403,tt8004664,2026-09-06,2026-09-06,,"Come Play - Gioca con me","Come Play",https://www.imdb.com/title/tt8004664/,Film,5.8,96,2020,"Drammatico, Horror, Giallo, Thriller",20545,2020-11-19,"Jacob Chase",,
1404,tt0489270,2026-09-06,2026-09-06,,"Saw III - L'enigma senza fine","Saw III",https://www.imdb.com/title/tt0489270/,Film,6.2,108,2006,"Horror, Giallo, Thriller",230574,2007-03-09,"Darren Lynn Bousman",,
1405,tt0890870,2026-09-06,2026-09-06,,"Saw IV - Il gioco continua","Saw IV",https://www.imdb.com/title/tt0890870/,Film,5.9,93,2007,"Horror, Giallo, Thriller",178646,2008-04-30,"Darren Lynn Bousman",,
1406,tt0861739,2026-09-06,2026-09-06,,"Tropa de elite - Gli squadroni della morte","Tropa de Elite",https://www.imdb.com/title/tt0861739/,Film,8.0,115,2007,"Azione, Poliziesco, Drammatico, Thriller",121187,2008-06-06,"José Padilha",,
1407,tt0190332,2026-09-06,2026-09-06,,"La tigre e il dragone","Wo hu cang long",https://www.imdb.com/title/tt0190332/,Film,7.8,120,2000,"Azione, Avventura, Drammatico, Fantastico, Sentimentale",297313,2001-02-02,"Ang Lee",,
1408,tt0482572,2026-09-06,2026-09-06,,"Pride and Glory - Il prezzo dell'onore","Pride and Glory",https://www.imdb.com/title/tt0482572/,Film,6.6,130,2008,"Poliziesco, Drammatico, Thriller",65885,2008-10-31,"Gavin O'Connor",,
1409,tt3344712,2026-09-06,2026-09-06,,"Ritratti abusivi","Ritratti abusivi",https://www.imdb.com/title/tt3344712/,Film,8.1,74,2013,"Documentario",20,2013-11-11,"Romano Montesarchio",,
1410,tt0144117,2026-09-06,2026-09-06,,"The Boondock Saints - Giustizia finale","The Boondock Saints",https://www.imdb.com/title/tt0144117/,Film,7.6,108,1999,"Azione, Poliziesco, Thriller",264095,2000-03-03,"Troy Duffy",,
1411,tt4993964,2026-09-06,2026-09-06,,"Una famiglia senza freni","À fond",https://www.imdb.com/title/tt4993964/,Film,5.8,91,2016,"Azione, Commedia",4205,2016-12-21,"Nicolas Benamou",,
1412,tt1273678,2026-09-06,2026-09-06,,"Operazione spy sitter","The Spy Next Door",https://www.imdb.com/title/tt1273678/,Film,5.5,94,2010,"Azione, Commedia, Per famiglie",50189,2010-01-15,"Brian Levant",,
1413,tt0090837,2026-09-06,2026-09-06,,"Supermarket horror","Chopping Mall",https://www.imdb.com/title/tt0090837/,Film,5.6,77,1986,"Horror, Fantascienza",20545,1987-03-20,"Jim Wynorski",,
1414,tt0101502,2026-09-06,2026-09-06,,"Il cacciatore di teste","The Borrower",https://www.imdb.com/title/tt0101502/,Film,5.3,92,1991,"Commedia, Horror, Fantascienza",2445,1991,"John McNaughton",,
1415,tt1560220,2026-09-06,2026-09-06,,"Zombieland - Doppio colpo","Zombieland: Double Tap",https://www.imdb.com/title/tt1560220/,Film,6.6,99,2019,"Azione, Commedia, Horror",229630,2019-11-14,"Ruben Fleischer",,
1416,tt1502404,2026-09-06,2026-09-06,,"Drive Angry","Drive Angry",https://www.imdb.com/title/tt1502404/,Film,5.4,104,2011,"Azione, Commedia, Poliziesco, Drammatico, Fantastico, Thriller",107434,2011-04-08,"Patrick Lussier",,
1417,tt0077631,2026-09-06,2026-09-06,,"Grease - Brillantina","Grease",https://www.imdb.com/title/tt0077631/,Film,7.2,110,1978,"Commedia, Musical, Sentimentale",329964,1978-08-30,"Randal Kleiser",,
1418,tt1176252,2026-09-06,2026-09-06,,"Hunger","Hunger",https://www.imdb.com/title/tt1176252/,Film,5.2,101,2009,"Azione, Poliziesco, Horror, Thriller",6081,2010-11-24,"Steven Hentges",,
1419,tt12142854,2026-09-06,2026-09-06,,"Mi chiamo Francesco Totti","Mi chiamo Francesco Totti",https://www.imdb.com/title/tt12142854/,Film,7.2,101,2020,"Documentario, Biografico, Sportivo",1492,2020-10-19,"Alex Infascelli",,
1420,tt0091083,2026-09-06,2026-09-06,,"From Beyond - Terrore dall'ignoto","From Beyond",https://www.imdb.com/title/tt0091083/,Film,6.6,85,1986,"Horror, Fantascienza",36377,1986-10-24,"Stuart Gordon",,
1421,tt14497980,2026-09-06,2026-09-06,,"Before Pintus","Before Pintus",https://www.imdb.com/title/tt14497980/,Serie TV,5.9,,2021,"Commedia",55,2021-04-18,,,
1422,tt14579214,2026-09-06,2026-09-06,,"Pintus @Ostia Antica","Pintus @Ostia Antica",https://www.imdb.com/title/tt14579214/,Film,6.8,136,2018,"Commedia",13,2018-09-08,"Roberto Cenci",,
1423,tt32370456,2026-09-06,2026-09-06,,"Pintus @Arena","Pintus @Arena",https://www.imdb.com/title/tt32370456/,Film,,126,2016,"Commedia",0,2016-09-09,"Roberto Cenci",,
1424,tt16711852,2026-09-06,2026-09-06,,"Pintus Christmas","Pintus Christmas",https://www.imdb.com/title/tt16711852/,Speciale TV,6.2,,2021,"Commedia",17,2021-12-21,"Roberto Cenci",,
1425,tt0799954,2026-09-06,2026-09-06,,"The Bridge - Il ponte dei suicidi","The Bridge",https://www.imdb.com/title/tt0799954/,Film,7.2,94,2006,"Documentario, Drammatico",12904,2007-04-27,"Eric Steel",,
1426,tt1016290,2026-09-06,2026-09-06,,"Crows Zero","Kurôzu zero",https://www.imdb.com/title/tt1016290/,Film,7.0,130,2007,"Azione, Commedia, Poliziesco",9722,2007-10-27,"Takashi Miike",,
1427,tt1232831,2026-09-06,2026-09-06,,"Crows Zero II","Kurôzu zero II",https://www.imdb.com/title/tt1232831/,Film,7.2,133,2009,"Azione, Commedia, Poliziesco, Drammatico, Thriller",5970,2009-04-11,"Takashi Miike",,
1428,tt1650062,2026-09-06,2026-09-06,,"Super 8","Super 8",https://www.imdb.com/title/tt1650062/,Film,7.0,112,2011,"Azione, Fantascienza, Thriller",383634,2011-09-09,"J.J. Abrams",,
1429,tt1365519,2026-09-06,2026-09-06,,"Tomb Raider","Tomb Raider",https://www.imdb.com/title/tt1365519/,Film,6.3,119,2018,"Azione, Avventura, Fantastico, Thriller",244172,2018-03-15,"Roar Uthaug",,
1430,tt0146316,2026-09-06,2026-09-06,,"Lara Croft: Tomb Raider","Lara Croft: Tomb Raider",https://www.imdb.com/title/tt0146316/,Film,5.8,100,2001,"Azione, Avventura, Fantastico, Thriller",231936,2001-12-14,"Simon West",,
1431,tt0325703,2026-09-06,2026-09-06,,"Lara Croft: Tomb Raider - La culla della vita","Lara Croft: Tomb Raider - The Cradle of Life",https://www.imdb.com/title/tt0325703/,Film,5.5,117,2003,"Azione, Avventura, Fantastico",151938,2003-10-24,"Jan de Bont",,
1432,tt3722614,2026-09-06,2026-09-06,,"Revolt","Revolt",https://www.imdb.com/title/tt3722614/,Film,5.3,87,2017,"Azione, Avventura, Fantascienza, Thriller",10966,2017-07-01,"Joe Miale",,
1433,tt10394738,2026-09-06,2026-09-06,,"I Am Greta","Greta",https://www.imdb.com/title/tt10394738/,Film,7.5,97,2020,"Documentario, Biografico",8624,2020-11-02,"Nathan Grossman",,
1434,tt0300556,2026-09-06,2026-09-06,,"Timeline - Ai confini del tempo","Timeline",https://www.imdb.com/title/tt0300556/,Film,5.7,116,2003,"Azione, Avventura, Fantascienza, Guerra",69920,2004-07-08,"Richard Donner",,
1435,tt1300563,2026-09-06,2026-09-06,,"The Age of Stupid","The Age of Stupid",https://www.imdb.com/title/tt1300563/,Film,7.0,92,2009,"Documentario, Storico, Telegiornale, Fantascienza, Guerra",4835,2009-08-19,"Franny Armstrong",,
1436,tt2211047,2026-09-06,2026-09-06,,"The Fourth World","The Fourth World",https://www.imdb.com/title/tt2211047/,Film,7.0,55,2011,"Documentario, Avventura, Storico",85,2012-08,"Mark Volkers",,
1437,tt0116075,2026-09-06,2026-09-06,,"The Dentist","The Dentist",https://www.imdb.com/title/tt0116075/,Film,5.4,92,1996,"Horror, Thriller",11653,1996-10-18,"Brian Yuzna",,
1438,tt0387357,2026-09-06,2026-09-06,,"The Locals","The Locals",https://www.imdb.com/title/tt0387357/,Film,5.5,88,2003,"Commedia, Horror, Thriller",2259,2003-10-02,"Greg Page",,
1439,tt10349248,2026-09-06,2026-09-06,,"Not Everything is Black","Not Everything is Black",https://www.imdb.com/title/tt10349248/,Film,6.3,61,2019,"Documentario",17,2019-10-26,"Olmo Parenti",,
1440,tt1828970,2026-09-06,2026-09-06,,"Evidence","Evidence",https://www.imdb.com/title/tt1828970/,Film,5.3,94,2013,"Poliziesco, Horror, Giallo, Thriller",8228,2013-07-19,"Olatunde Osunsanmi",,
1441,tt3133114,2026-09-06,2026-09-06,,"The Exterminators","Invasion Roswell",https://www.imdb.com/title/tt3133114/,Film per la TV,3.2,84,2013,"Azione, Fantascienza",658,2013-08-08,"David Flores",,
1442,tt2935510,2026-09-06,2026-09-06,,"Ad Astra","Ad Astra",https://www.imdb.com/title/tt2935510/,Film,6.5,123,2019,"Avventura, Drammatico, Giallo, Fantascienza, Thriller",284210,2019-09-26,"James Gray",,
1443,tt0085124,2026-09-06,2026-09-06,,"1990: I guerrieri del Bronx","1990: I guerrieri del Bronx",https://www.imdb.com/title/tt0085124/,Film,5.2,92,1982,"Azione, Fantascienza, Thriller",4579,1982-11-17,"Enzo G. Castellari",,
1444,tt6143568,2026-09-06,2026-09-06,,"2030 - Fuga per il futuro","The Humanity Bureau",https://www.imdb.com/title/tt6143568/,Film,4.5,95,2017,"Azione, Fantascienza, Thriller",12402,2018-04-06,"Rob W. King",,
1445,tt0443543,2026-09-06,2026-09-06,,"The Illusionist - L'illusionista","The Illusionist",https://www.imdb.com/title/tt0443543/,Film,7.5,110,2006,"Drammatico, Fantastico, Giallo, Sentimentale, Thriller",406921,2007-04-06,"Neil Burger",,
1446,tt0494238,2026-09-06,2026-09-06,,"Inkheart - La leggenda di Cuore d'inchiostro","Inkheart",https://www.imdb.com/title/tt0494238/,Film,6.1,106,2008,"Avventura, Per famiglie, Fantastico",85966,2009-02-20,"Iain Softley",,
1447,tt0970411,2026-09-06,2026-09-06,,"Ember - Il mistero della città di luce","City of Ember",https://www.imdb.com/title/tt0970411/,Film,6.4,90,2008,"Avventura, Drammatico, Per famiglie, Fantastico, Fantascienza, Thriller",73478,2008-12-19,"Gil Kenan",,
1448,tt0795505,2026-09-06,2026-09-06,,"Undead or Alive - Mezzi vivi e mezzi morti","Undead or Alive: A Zombedy",https://www.imdb.com/title/tt0795505/,Film,5.1,91,2007,"Commedia, Horror, Western",2236,2008-11-12,"Glasgow Phillips",,
1449,tt0117420,2026-09-06,2026-09-06,,"La prova","The Quest",https://www.imdb.com/title/tt0117420/,Film,5.6,95,1996,"Azione, Avventura, Drammatico, Thriller",30375,1996-11-08,"Jean-Claude Van Damme",,
1450,tt0094033,2026-09-06,2026-09-06,,"Alba d'acciaio","Steel Dawn",https://www.imdb.com/title/tt0094033/,Film,5.1,101,1987,"Azione, Avventura, Fantascienza",6059,1988-08-19,"Lance Hool",,
1451,tt1618442,2026-09-06,2026-09-06,,"The Last Witch Hunter - L'ultimo cacciatore di streghe","The Last Witch Hunter",https://www.imdb.com/title/tt1618442/,Film,5.9,106,2015,"Azione, Avventura, Fantastico, Thriller",117694,2015-10-29,"Breck Eisner",,
1452,tt0217331,2026-09-06,2026-09-06,,"The Convent","The Convent",https://www.imdb.com/title/tt0217331/,Film,5.2,79,2000,"Commedia, Horror",3567,2000-07-10,"Mike Mendez",,
1453,tt4374286,2026-09-06,2026-09-06,,"Monstrum","Mulgoe",https://www.imdb.com/title/tt4374286/,Film,6.1,105,2018,"Azione, Fantastico, Horror, Giallo",3173,2018-09-12,"Jong-ho Huh",,
1454,tt0120907,2026-09-06,2026-09-06,,"eXistenZ","eXistenZ",https://www.imdb.com/title/tt0120907/,Film,6.8,97,1999,"Horror, Giallo, Fantascienza, Thriller",114710,2000-01-05,"David Cronenberg",,
1455,tt0087803,2026-09-06,2026-09-06,,"Orwell 1984","Nineteen Eighty-Four",https://www.imdb.com/title/tt0087803/,Film,7.0,113,1984,"Drammatico, Fantascienza",89604,1984-11-17,"Michael Radford",,
1456,tt3986820,2026-09-06,2026-09-06,,"The Endless","The Endless",https://www.imdb.com/title/tt3986820/,Film,6.5,111,2017,"Horror, Giallo, Fantascienza, Thriller",58306,2018-04-06,"Justin Benson, Aaron Moorhead",,
1457,tt1767354,2026-09-06,2026-09-06,,"Il luogo delle ombre","Odd Thomas",https://www.imdb.com/title/tt1767354/,Film,6.8,100,2013,"Commedia, Fantastico, Horror, Giallo, Sentimentale, Thriller",62937,2015-07-23,"Stephen Sommers",,
1458,tt6803046,2026-09-06,2026-09-06,,"L'immensità della notte","The Vast of Night",https://www.imdb.com/title/tt6803046/,Film,6.7,91,2019,"Drammatico, Giallo, Fantascienza, Thriller",51118,2020-05-29,"Andrew Patterson",,
1459,tt2381287,2026-09-06,2026-09-06,,"Robot Chicken: DC Comics Special","Robot Chicken: DC Comics Special",https://www.imdb.com/title/tt2381287/,Film per la TV,7.7,22,2012,"Animazione, Commedia, Fantascienza",2122,2012-09-09,"Seth Green",,
1460,tt5028778,2026-09-06,2026-09-06,,"Robot Chicken DC Comics Special 3: Magical Friendship","Robot Chicken DC Comics Special 3: Magical Friendship",https://www.imdb.com/title/tt5028778/,Film per la TV,7.6,23,2015,"Animazione, Avventura, Commedia",887,2015-10-18,"Tom Sheppard, Zeb Wells",,
1461,tt3578794,2026-09-06,2026-09-06,,"Robot Chicken DC Comics Special II: Villains in Paradise","Robot Chicken DC Comics Special II: Villains in Paradise",https://www.imdb.com/title/tt3578794/,Film per la TV,7.6,22,2014,"Animazione, Azione, Commedia",1261,2014-04-06,"Seth Green, Zeb Wells",,
1462,tt4814760,2026-09-06,2026-09-06,,"Here Alone","Here Alone",https://www.imdb.com/title/tt4814760/,Film,5.6,98,2016,"Drammatico, Horror, Fantascienza, Thriller",8604,2021-01-27,"Rod Blackhurst",,
1463,tt12800524,2026-09-06,2026-09-06,,"L'incontro","Encounter",https://www.imdb.com/title/tt12800524/,Film,5.9,108,2021,"Drammatico, Fantascienza, Thriller",11752,2021-12-10,"Michael Pearce",,
1464,tt1714208,2026-09-06,2026-09-06,,"The Woman","The Woman",https://www.imdb.com/title/tt1714208/,Film,6.0,103,2011,"Drammatico, Horror, Thriller",27917,2011-08-18,"Lucky McKee",,
1465,tt8332922,2026-09-06,2026-09-06,,"A Quiet Place II","A Quiet Place Part II",https://www.imdb.com/title/tt8332922/,Film,7.2,97,2020,"Drammatico, Horror, Fantascienza, Thriller",329028,2021-06-24,"John Krasinski",,
1466,tt1643222,2026-09-06,2026-09-06,,"Apocalypse","Hell",https://www.imdb.com/title/tt1643222/,Film,5.8,89,2011,"Horror, Fantascienza, Thriller",12777,2011-09-22,"Tim Fehlbaum",,
1467,tt1288403,2026-09-06,2026-09-06,,"Universal Soldier: Regeneration","Universal Soldier: Regeneration",https://www.imdb.com/title/tt1288403/,Film,5.3,97,2009,"Azione, Avventura, Fantascienza",27505,2010-06-04,"John Hyams",,
1468,tt2345737,2026-09-06,2026-09-06,,"The Rover","The Rover",https://www.imdb.com/title/tt2345737/,Film,6.4,103,2014,"Azione, Poliziesco, Drammatico, Fantascienza",55057,2014-12-04,"David Michôd",,
1469,tt0092074,2026-09-06,2026-09-06,,"Terror Vision - Visioni del terrore","TerrorVision",https://www.imdb.com/title/tt0092074/,Film,5.6,85,1986,"Commedia, Horror, Fantascienza",8662,1986-02-14,"Ted Nicolaou",,
1470,tt0071431,2026-09-06,2026-09-06,,"Non si deve profanare il sonno dei morti","No profanar el sueño de los muertos",https://www.imdb.com/title/tt0071431/,Film,6.7,95,1974,"Drammatico, Horror, Fantascienza",10668,1974-11-28,"Jorge Grau",,
1471,tt0091829,2026-09-06,2026-09-06,,"Rawhead Rex","Rawhead Rex",https://www.imdb.com/title/tt0091829/,Film,5.2,89,1986,"Fantastico, Horror, Giallo, Thriller",7617,1986-03-14,"George Pavlou",,
1472,tt0054790,2026-09-06,2026-09-06,,"...e la Terra prese fuoco","The Day the Earth Caught Fire",https://www.imdb.com/title/tt0054790/,Film,7.2,99,1961,"Drammatico, Sentimentale, Fantascienza",7107,1962-08-18,"Val Guest",,
1473,tt0178900,2026-09-06,2026-09-06,,"Soldato ignoto","Soldato ignoto",https://www.imdb.com/title/tt0178900/,Film,6.5,95,1995,"Drammatico, Fantastico, Guerra",38,,"Marcello Aliprandi",,
1474,tt0135007,2026-09-06,2026-09-06,,"Tre uomini e una gamba","Tre uomini e una gamba",https://www.imdb.com/title/tt0135007/,Film,7.7,100,1997,"Commedia",13601,1997-12-27,"Aldo Baglio, Giacomo Poretti, Giovanni Storti, Massimo Venier",,
1475,tt1374989,2026-09-06,2026-09-06,,"PPZ: Pride and Prejudice and Zombies","Pride and Prejudice and Zombies",https://www.imdb.com/title/tt1374989/,Film,5.8,108,2016,"Azione, Commedia, Fantastico, Horror, Sentimentale",65080,2016-02-04,"Burr Steers",,
1476,tt0442933,2026-09-06,2026-09-06,,"La leggenda di Beowulf","Beowulf",https://www.imdb.com/title/tt0442933/,Film,6.3,115,2007,"Animazione, Azione, Avventura, Fantastico",180762,2007-11-16,"Robert Zemeckis",,
1477,tt1411697,2026-09-06,2026-09-06,,"Una notte da leoni 2","The Hangover Part II",https://www.imdb.com/title/tt1411697/,Film,6.5,102,2011,"Commedia",585952,2011-05-25,"Todd Phillips",,
1478,tt1951261,2026-09-06,2026-09-06,,"Una notte da leoni 3","The Hangover Part III",https://www.imdb.com/title/tt1951261/,Film,5.9,100,2013,"Commedia, Poliziesco",368860,2013-05-30,"Todd Phillips",,
1479,tt3022458,2026-09-06,2026-09-06,,"La figlia della sciamana","Skammerens datter",https://www.imdb.com/title/tt3022458/,Film,6.0,96,2015,"Avventura, Drammatico, Fantastico",4547,2015-03-26,"Kenneth Kainz",,
1480,tt0251736,2026-09-06,2026-09-06,,"La casa dei 1000 corpi","House of 1000 Corpses",https://www.imdb.com/title/tt0251736/,Film,6.0,89,2003,"Horror",101208,2004-06-25,"Rob Zombie",,
1481,tt1731697,2026-09-06,2026-09-06,,"Le streghe di Salem","The Lords of Salem",https://www.imdb.com/title/tt1731697/,Film,5.2,101,2012,"Horror, Thriller",34537,2013-04-24,"Rob Zombie",,
1482,tt0462322,2026-09-06,2026-09-06,,"Grindhouse","Grindhouse",https://www.imdb.com/title/tt0462322/,Film,7.5,191,2007,"Horror, Thriller",197793,2007-09-28,"Robert Rodriguez, Eli Roth, Quentin Tarantino, Edgar Wright, Rob Zombie",,
1483,tt0395584,2026-09-06,2026-09-06,,"La casa del diavolo","The Devil's Rejects",https://www.imdb.com/title/tt0395584/,Film,6.7,107,2005,"Poliziesco, Drammatico, Horror, Western",111918,2006-05-12,"Rob Zombie",,
1484,tt1028528,2026-09-06,2026-09-06,,"Grindhouse - A prova di morte","Death Proof",https://www.imdb.com/title/tt1028528/,Film,7.0,127,2007,"Drammatico, Thriller",336908,2007-06-01,"Quentin Tarantino",,
1485,tt0335121,2026-09-06,2026-09-06,,"Godsend - Il male è rinato","Godsend",https://www.imdb.com/title/tt0335121/,Film,4.8,102,2004,"Azione, Drammatico, Fantastico, Horror, Fantascienza, Thriller",27358,2004-09-10,"Nick Hamm",,
1486,tt2404233,2026-09-06,2026-09-06,,"Gods of Egypt","Gods of Egypt",https://www.imdb.com/title/tt2404233/,Film,5.4,127,2016,"Azione, Avventura, Drammatico, Fantastico",137175,2016-02-25,"Alex Proyas",,
1487,tt0212720,2026-09-06,2026-09-06,,"A.I. - Intelligenza artificiale","A.I. Artificial Intelligence",https://www.imdb.com/title/tt0212720/,Film,7.2,146,2001,"Avventura, Drammatico, Fantascienza",342968,2001-10-05,"Steven Spielberg",,
1488,tt0425637,2026-09-06,2026-09-06,,"La battaglia dei tre regni - Parte 1","Chi bi",https://www.imdb.com/title/tt0425637/,Film,7.3,145,2008,"Azione, Avventura, Drammatico, Storico, Guerra",50668,2009-10-23,"John Woo",,
1489,tt8956872,2026-09-06,2026-09-06,,"Valhalla","Valhalla",https://www.imdb.com/title/tt8956872/,Film,5.2,105,2019,"Avventura, Fantastico, Thriller",3967,2019-10-10,"Fenar Ahmad",,
1490,tt3105350,2026-09-06,2026-09-06,,"Titanium","Vychislitel",https://www.imdb.com/title/tt3105350/,Film,4.4,82,2014,"Azione, Fantascienza, Thriller",1609,2014-12-18,"Dmitriy Grachev",,
1491,tt1160996,2026-09-06,2026-09-06,,"The Colony","The Colony",https://www.imdb.com/title/tt1160996/,Film,5.3,95,2013,"Azione, Horror, Fantascienza, Thriller",49710,2013-09-20,"Jeff Renfroe",,
1492,tt0803096,2026-09-06,2026-09-06,,"Warcraft: L'inizio","Warcraft",https://www.imdb.com/title/tt0803096/,Film,6.7,123,2016,"Azione, Avventura, Fantastico",298087,2016-06-01,"Duncan Jones",,
1493,tt0080761,2026-09-06,2026-09-06,,"Venerdì 13","Friday the 13th",https://www.imdb.com/title/tt0080761/,Film,6.4,95,1980,"Horror, Giallo, Thriller",177089,1980-05-09,"Sean S. Cunningham",,
1494,tt0758746,2026-09-06,2026-09-06,,"Venerdì 13","Friday the 13th",https://www.imdb.com/title/tt0758746/,Film,5.5,97,2009,"Horror, Giallo, Thriller",128052,2009-02-13,"Marcus Nispel",,
1495,tt0938283,2026-09-06,2026-09-06,,"L'ultimo dominatore dell'aria","The Last Airbender",https://www.imdb.com/title/tt0938283/,Film,3.9,103,2010,"Azione, Avventura, Per famiglie, Fantastico",182717,2010-09-24,"M. Night Shyamalan",,
1496,tt1985949,2026-09-06,2026-09-06,,"Angry Birds - Il film","The Angry Birds Movie",https://www.imdb.com/title/tt1985949/,Film,6.3,97,2016,"Animazione, Azione, Avventura, Commedia, Per famiglie",120978,2016-06-15,"Clay Kaytis, Fergal Reilly",,
1497,tt21692408,2026-09-06,2026-09-06,,"Kung Fu Panda 4","Kung Fu Panda 4",https://www.imdb.com/title/tt21692408/,Film,6.3,94,2024,"Animazione, Azione, Avventura, Commedia, Per famiglie, Fantastico",85770,2024-03-21,"Mike Mitchell, Stephanie Stine",,
1498,tt0414853,2026-09-06,2026-09-06,,"Barnyard - Il cortile","Barnyard",https://www.imdb.com/title/tt0414853/,Film,5.7,90,2006,"Animazione, Avventura, Commedia, Drammatico, Per famiglie",39349,2007-02-23,"Steve Oedekerk",,
1499,tt0416236,2026-09-06,2026-09-06,,"Spiderwick - Le cronache","The Spiderwick Chronicles",https://www.imdb.com/title/tt0416236/,Film,6.5,96,2008,"Azione, Avventura, Drammatico, Per famiglie, Fantastico, Thriller",110098,2008-03-21,"Mark Waters",,
1500,tt1860353,2026-09-06,2026-09-06,,"Turbo","Turbo",https://www.imdb.com/title/tt1860353/,Film,6.4,96,2013,"Animazione, Avventura, Commedia, Per famiglie, Sportivo",127781,2013-08-19,"David Soren",,
1501,tt0086465,2026-09-06,2026-09-06,,"Una poltrona per due","Trading Places",https://www.imdb.com/title/tt0086465/,Film,7.5,116,1983,"Commedia",184567,1984-01-19,"John Landis",,
1502,tt14423802,2026-09-06,2026-09-06,,"Cuccioli Mostruosi: Un corto di Hotel Transylvania","Monster Pets: A Hotel Transylvania Short",https://www.imdb.com/title/tt14423802/,Corto,6.6,6,2021,"Animazione, Cortometraggio, Commedia, Per famiglie, Fantastico",1376,2021-04-09,"Derek Drymon, Jennifer Kluska",,
1503,tt0079945,2026-09-06,2026-09-06,,"Star Trek","Star Trek: The Motion Picture",https://www.imdb.com/title/tt0079945/,Film,6.4,143,1979,"Avventura, Giallo, Fantascienza",102240,1980-04-03,"Robert Wise",,
1504,tt0084726,2026-09-06,2026-09-06,,"Star Trek II - L'ira di Khan","Star Trek II: The Wrath of Khan",https://www.imdb.com/title/tt0084726/,Film,7.7,113,1982,"Azione, Avventura, Fantascienza",136983,1982-10-22,"Nicholas Meyer",,
1505,tt0088170,2026-09-06,2026-09-06,,"Star Trek III - Alla ricerca di Spock","Star Trek III: The Search for Spock",https://www.imdb.com/title/tt0088170/,Film,6.7,105,1984,"Azione, Avventura, Fantascienza",91531,1984-06-01,"Leonard Nimoy",,
1506,tt0092007,2026-09-06,2026-09-06,,"Rotta verso la Terra","Star Trek IV: The Voyage Home",https://www.imdb.com/title/tt0092007/,Film,7.3,119,1986,"Avventura, Commedia, Fantascienza",97617,1987-07-03,"Leonard Nimoy",,
1507,tt0098382,2026-09-06,2026-09-06,,"Star Trek V - L'ultima frontiera","Star Trek V: The Final Frontier",https://www.imdb.com/title/tt0098382/,Film,5.5,107,1989,"Azione, Avventura, Fantastico, Fantascienza, Thriller",68577,1989-06-09,"William Shatner",,
1508,tt0102975,2026-09-06,2026-09-06,,"Rotta verso l'ignoto","Star Trek VI: The Undiscovered Country",https://www.imdb.com/title/tt0102975/,Film,7.3,110,1991,"Azione, Avventura, Fantascienza, Thriller",85888,1991-12-06,"Nicholas Meyer",,
1509,tt0111280,2026-09-06,2026-09-06,,"Generazioni","Star Trek: Generations",https://www.imdb.com/title/tt0111280/,Film,6.6,118,1994,"Azione, Avventura, Giallo, Fantascienza, Thriller",92092,1995-03-17,"David Carson",,
1510,tt0117731,2026-09-06,2026-09-06,,"Primo contatto","Star Trek: First Contact",https://www.imdb.com/title/tt0117731/,Film,7.6,111,1996,"Azione, Avventura, Drammatico, Fantascienza, Thriller",138937,1997-02-14,"Jonathan Frakes",,
1511,tt0253754,2026-09-06,2026-09-06,,"Star Trek - La nemesi","Star Trek: Nemesis",https://www.imdb.com/title/tt0253754/,Film,6.4,116,2002,"Azione, Avventura, Fantascienza, Thriller",88555,2003-05-16,"Stuart Baird",,
1512,tt0120844,2026-09-06,2026-09-06,,"Star Trek - L'insurrezione","Star Trek: Insurrection",https://www.imdb.com/title/tt0120844/,Film,6.4,103,1998,"Azione, Avventura, Fantascienza, Thriller",83795,1999-06-11,"Jonathan Frakes",,
1513,tt4142022,2026-09-06,2026-09-06,,"Italiano medio","Italiano medio",https://www.imdb.com/title/tt4142022/,Film,6.1,90,2015,"Commedia",2947,2015-01-29,"Maccio Capatonda",,
1514,tt5277952,2026-09-06,2026-09-06,,"Il diario di Anna Frank","Das Tagebuch der Anne Frank",https://www.imdb.com/title/tt5277952/,Film,6.8,128,2016,"Drammatico, Guerra",1890,2016-03-03,"Hans Steinbichler",,
1515,tt2004420,2026-09-06,2026-09-06,,"Cattivi vicini","Neighbors",https://www.imdb.com/title/tt2004420/,Film,6.3,97,2014,"Commedia",348694,2014-08-20,"Nicholas Stoller",,
1516,tt0970452,2026-09-06,2026-09-06,,"Solomon Kane","Solomon Kane",https://www.imdb.com/title/tt0970452/,Film,6.1,104,2009,"Azione, Avventura, Fantastico, Horror",81064,2010-07-14,"MJ Bassett",,
1517,tt1034314,2026-09-06,2026-09-06,,"Iron Sky - Saranno nazi vostri","Iron Sky",https://www.imdb.com/title/tt1034314/,Film,5.9,93,2012,"Azione, Avventura, Commedia, Fantascienza",99261,2012-10-11,"Timo Vuorensola",,
1518,tt3038708,2026-09-06,2026-09-06,,"Iron Sky - La battaglia continua","Iron Sky: The Coming Race",https://www.imdb.com/title/tt3038708/,Film,5.0,93,2019,"Azione, Avventura, Commedia, Fantascienza",12923,2019-01-16,"Timo Vuorensola",,
1519,tt0405821,2026-09-06,2026-09-06,,"Kyashan: La rinascita","Casshern",https://www.imdb.com/title/tt0405821/,Film,6.0,142,2004,"Azione, Drammatico, Fantastico, Sentimentale, Fantascienza, Thriller",14147,2006-07-14,"Kazuaki Kiriya",,
1520,tt2119543,2026-09-06,2026-09-06,,"Il mistero della casa del tempo","The House with a Clock in Its Walls",https://www.imdb.com/title/tt2119543/,Film,6.1,105,2018,"Commedia, Per famiglie, Fantastico, Giallo, Fantascienza",60550,2018-10-31,"Eli Roth",,
1521,tt4530422,2026-09-06,2026-09-06,,"Overlord","Overlord",https://www.imdb.com/title/tt4530422/,Film,6.6,110,2018,"Azione, Horror, Fantascienza, Guerra",117803,2018-11-08,"Julius Avery",,
1522,tt1132626,2026-09-06,2026-09-06,,"Saw V - Non crederai ai tuoi occhi","Saw V",https://www.imdb.com/title/tt1132626/,Film,5.8,92,2008,"Horror, Thriller",150015,2008-12-05,"David Hackl",,
1523,tt1233227,2026-09-06,2026-09-06,,"Saw VI","Saw VI",https://www.imdb.com/title/tt1233227/,Film,6.1,90,2009,"Horror, Giallo, Thriller",137296,2010-06-04,"Kevin Greutert",,
1524,tt6017942,2026-09-06,2026-09-06,,"Kin","Kin",https://www.imdb.com/title/tt6017942/,Film,5.8,102,2018,"Azione, Drammatico, Fantascienza, Thriller",20539,2019-08-15,"Jonathan Baker, Josh Baker",,
1525,tt3072482,2026-09-06,2026-09-06,,"Hardcore!","Hardcore Henry",https://www.imdb.com/title/tt3072482/,Film,6.7,96,2015,"Azione, Avventura, Fantascienza, Thriller",109828,2016-04-13,"Ilya Naishuller",,
1526,tt3460252,2026-09-06,2026-09-06,,"The Hateful Eight","The Hateful Eight",https://www.imdb.com/title/tt3460252/,Film,7.8,168,2015,"Poliziesco, Drammatico, Giallo, Thriller, Western",730968,2016-02-04,"Quentin Tarantino",,
1527,tt0103002,2026-09-06,2026-09-06,,"Vampiri","Subspecies",https://www.imdb.com/title/tt0103002/,Video,5.5,83,1991,"Fantastico, Horror",5518,1991-08-08,"Ted Nicolaou",,
1528,tt0376105,2026-09-06,2026-09-06,,"Striscia, una zebra alla riscossa","Racing Stripes",https://www.imdb.com/title/tt0376105/,Film,5.3,102,2005,"Avventura, Commedia, Drammatico, Per famiglie, Sportivo",19533,2005-03-25,"Frederik Du Chau",,
1529,tt4731148,2026-09-06,2026-09-06,,"Attraction","Prityazhenie",https://www.imdb.com/title/tt4731148/,Film,5.6,132,2017,"Azione, Drammatico, Sentimentale, Fantascienza",15705,2017-01-26,"Fedor Bondarchuk",,
1530,tt1713476,2026-09-06,2026-09-06,,"The Bay","The Bay",https://www.imdb.com/title/tt1713476/,Film,5.7,85,2012,"Horror, Fantascienza, Thriller",33588,2013-06-06,"Barry Levinson",,
1531,tt0281686,2026-09-06,2026-09-06,,"Bubba Ho-tep - Il re è qui","Bubba Ho-Tep",https://www.imdb.com/title/tt0281686/,Film,6.9,92,2002,"Commedia, Fantastico, Horror, Giallo",54591,2003-10-10,"Don Coscarelli",,
1532,tt0422401,2026-09-06,2026-09-06,,"Hatchet","Hatchet",https://www.imdb.com/title/tt0422401/,Film,5.7,93,2006,"Commedia, Horror, Thriller",36682,2010-04-02,"Adam Green",,
1533,tt0092809,2026-09-06,2026-09-06,,"La fattoria maledetta","The Curse",https://www.imdb.com/title/tt0092809/,Film,5.1,92,1987,"Horror, Fantascienza",4663,1988-09-14,"David Keith",,
1534,tt1853739,2026-09-06,2026-09-06,,"You're Next","You're Next",https://www.imdb.com/title/tt1853739/,Film,6.6,95,2011,"Drammatico, Horror, Giallo, Thriller",120649,2013-09-19,"Adam Wingard",,
1535,tt2787824,2026-09-06,2026-09-06,,"Goal of the Dead","Goal of the Dead",https://www.imdb.com/title/tt2787824/,Film,5.5,140,2014,"Commedia, Horror",1737,2014-02-27,"Thierry Poiraud, Benjamin Rocher",,
1536,tt1838571,2026-09-06,2026-09-06,,"Il cacciatore di zombie","Juan de los muertos",https://www.imdb.com/title/tt1838571/,Film,6.4,92,2011,"Azione, Commedia, Horror",11576,2013-06-18,"Alejandro Brugués",,
1537,tt0093605,2026-09-06,2026-09-06,,"Il buio si avvicina","Near Dark",https://www.imdb.com/title/tt0093605/,Film,6.9,94,1987,"Horror",50168,1988-08-24,"Kathryn Bigelow",,
1538,tt1763264,2026-09-06,2026-09-06,,"No One Lives","No One Lives",https://www.imdb.com/title/tt1763264/,Film,6.0,86,2012,"Azione, Avventura, Poliziesco, Drammatico, Horror, Giallo, Thriller",27357,2013-05-10,"Ryūhei Kitamura",,
1539,tt0365513,2026-09-06,2026-09-06,,"Monster Man","Monster Man",https://www.imdb.com/title/tt0365513/,Film,5.6,95,2003,"Avventura, Commedia, Horror, Thriller",5637,2005-07-29,"Michael Davis",,
1540,tt0089885,2026-09-06,2026-09-06,,"Re-Animator","Re-Animator",https://www.imdb.com/title/tt0089885/,Film,7.1,84,1985,"Commedia, Horror, Fantascienza",79540,1986-08-22,"Stuart Gordon",,
1541,tt4695012,2026-09-06,2026-09-06,,"It Comes at Night","It Comes at Night",https://www.imdb.com/title/tt4695012/,Film,6.1,91,2017,"Drammatico, Horror, Giallo, Fantascienza, Thriller",111986,2017-06-09,"Trey Edward Shults",,
1542,tt1020558,2026-09-06,2026-09-06,,"Centurion","Centurion",https://www.imdb.com/title/tt1020558/,Film,6.3,97,2010,"Azione, Drammatico, Storico, Guerra",90177,2010-04-23,"Neil Marshall",,
1543,tt0844479,2026-09-06,2026-09-06,,"The Collector","The Collector",https://www.imdb.com/title/tt0844479/,Film,6.3,90,2009,"Horror, Thriller",80669,2009-07-31,"Marcus Dunstan",,
1544,tt4443658,2026-09-06,2026-09-06,,"Better Watch Out","Better Watch Out",https://www.imdb.com/title/tt4443658/,Film,6.5,89,2016,"Commedia, Horror, Thriller",53280,2017-10-06,"Chris Peckover",,
1545,tt0454082,2026-09-06,2026-09-06,,"Black Christmas - Un Natale rosso sangue","Black Christmas",https://www.imdb.com/title/tt0454082/,Film,4.7,90,2006,"Horror",33326,2007-09-14,"Glen Morgan",,
1546,tt2383068,2026-09-06,2026-09-06,,"The Sacrament","The Sacrament",https://www.imdb.com/title/tt2383068/,Film,6.1,99,2013,"Horror, Thriller",23448,2014-05-01,"Ti West",,
1547,tt4266076,2026-09-06,2026-09-06,,"La notte ha divorato il mondo","La nuit a dévoré le monde",https://www.imdb.com/title/tt4266076/,Film,6.0,93,2018,"Drammatico, Horror, Thriller",19696,2018-03-07,"Dominique Rocher",,
1548,tt1512235,2026-09-06,2026-09-06,,"Super - Attento crimine!!!","Super",https://www.imdb.com/title/tt1512235/,Film,6.7,96,2010,"Azione, Commedia, Poliziesco",87813,2011-10-21,"James Gunn",,
1549,tt4731136,2026-09-06,2026-09-06,,"La cura dal benessere","A Cure for Wellness",https://www.imdb.com/title/tt4731136/,Film,6.4,146,2016,"Drammatico, Fantastico, Horror, Giallo, Fantascienza, Thriller",126664,2017-03-23,"Gore Verbinski",,
1550,tt1270761,2026-09-06,2026-09-06,,"Non avere paura del buio","Don't Be Afraid of the Dark",https://www.imdb.com/title/tt1270761/,Film,5.5,99,2010,"Fantastico, Horror, Thriller",52632,2012-01-13,"Troy Nixey",,
1551,tt2107648,2026-09-06,2026-09-06,,"Here Comes the Devil","Ahí va el diablo",https://www.imdb.com/title/tt2107648/,Film,5.5,97,2012,"Horror, Thriller",4688,2013,"Adrian Garcia Bogliano",,
1552,tt1401143,2026-09-06,2026-09-06,,"Trasporto eccezionale - Un racconto di Natale","Rare Exports",https://www.imdb.com/title/tt1401143/,Film,6.6,84,2010,"Avventura, Fantastico, Horror",35686,2010-12-03,"Jalmari Helander",,
1553,tt1899353,2026-09-06,2026-09-06,,"The Raid - Redenzione","Serbuan maut",https://www.imdb.com/title/tt1899353/,Film,7.6,101,2011,"Azione, Poliziesco, Thriller",233193,2012-03-23,"Gareth Evans",,
1554,tt0093507,2026-09-06,2026-09-06,,"I dominatori dell'universo","Masters of the Universe",https://www.imdb.com/title/tt0093507/,Film,5.4,106,1987,"Azione, Avventura, Fantastico, Fantascienza",53478,1987-09-05,"Gary Goddard",,
1555,tt0096256,2026-09-06,2026-09-06,,"Essi vivono","They Live",https://www.imdb.com/title/tt0096256/,Film,7.2,94,1988,"Azione, Horror, Fantascienza, Thriller",167061,1989-04-14,"John Carpenter",,
1556,tt1564585,2026-09-06,2026-09-06,,"Skyline","Skyline",https://www.imdb.com/title/tt1564585/,Film,4.5,92,2010,"Azione, Fantascienza, Thriller",94674,2011-01-14,"Colin Strause, Greg Strause",,
1557,tt1724970,2026-09-06,2026-09-06,,"Beyond Skyline","Beyond Skyline",https://www.imdb.com/title/tt1724970/,Film,5.3,106,2017,"Azione, Avventura, Horror, Fantascienza",25219,2017-11-01,"Liam O'Donnell",,
1558,tt0087414,2026-09-06,2026-09-06,,"Vendetta","The Hit",https://www.imdb.com/title/tt0087414/,Film,7.0,98,1984,"Poliziesco, Drammatico, Thriller",11596,1984-09-07,"Stephen Frears",,
1559,tt0102511,2026-09-06,2026-09-06,,"Il pasto nudo","Naked Lunch",https://www.imdb.com/title/tt0102511/,Film,6.9,115,1991,"Drammatico, Giallo",61417,1993-01-13,"David Cronenberg",,
1560,tt3463106,2026-09-06,2026-09-06,,"The Cured","The Cured",https://www.imdb.com/title/tt3463106/,Film,5.6,95,2017,"Drammatico, Horror, Fantascienza, Thriller",10434,2018-04-20,"David Freyne",,
1561,tt3602128,2026-09-06,2026-09-06,,"Zombies in Love","Night of the Living Deb",https://www.imdb.com/title/tt3602128/,Film,5.6,85,2015,"Commedia, Horror, Sentimentale",4804,2015-05-30,"Kyle Rankin",,
1562,tt1727770,2026-09-06,2026-09-06,,"Un'occasione da Dio","Absolutely Anything",https://www.imdb.com/title/tt1727770/,Film,6.0,85,2015,"Commedia, Fantascienza",55449,2015-09-03,"Terry Jones",,
1563,tt0101540,2026-09-06,2026-09-06,,"Cape Fear - Il promontorio della paura","Cape Fear",https://www.imdb.com/title/tt0101540/,Film,7.3,128,1991,"Poliziesco, Drammatico, Thriller",249969,1992-03-04,"Martin Scorsese",,
1564,tt0862846,2026-09-06,2026-09-06,,"Sunshine Cleaning","Sunshine Cleaning",https://www.imdb.com/title/tt0862846/,Film,6.8,91,2008,"Commedia, Drammatico",76487,2010-04-09,"Christine Jeffs",,
1565,tt2404435,2026-09-06,2026-09-06,,"I magnifici 7","The Magnificent Seven",https://www.imdb.com/title/tt2404435/,Film,6.9,132,2016,"Azione, Avventura, Drammatico, Western",249154,2016-09-22,"Antoine Fuqua",,
1566,tt0114508,2026-09-06,2026-09-06,,"Specie mortale","Species",https://www.imdb.com/title/tt0114508/,Film,5.9,108,1995,"Azione, Horror, Fantascienza, Thriller",91624,1996-02-02,"Roger Donaldson",,
1567,tt0078767,2026-09-06,2026-09-06,,"Amityville Horror","The Amityville Horror",https://www.imdb.com/title/tt0078767/,Film,6.2,117,1979,"Horror",49575,1980-01-25,"Stuart Rosenberg",,
1568,tt1082807,2026-09-06,2026-09-06,,"The Belko Experiment: Chi sopravviverà?","The Belko Experiment",https://www.imdb.com/title/tt1082807/,Film,6.2,89,2016,"Azione, Horror, Thriller",68103,2017-03-17,"Greg McLean",,
1569,tt0098143,2026-09-06,2026-09-06,,"Puppet Master - Il burattinaio","Puppet Master",https://www.imdb.com/title/tt0098143/,Video,5.5,90,1989,"Fantastico, Horror",14774,1990-01-11,"David Schmoeller",,
1570,tt0100438,2026-09-06,2026-09-06,,"Puppet Master II","Puppet Master II",https://www.imdb.com/title/tt0100438/,Video,5.4,88,1990,"Fantastico, Horror, Fantascienza, Thriller",7127,1991-02-07,"David Allen",,
1571,tt0102728,2026-09-06,2026-09-06,,"Puppet Master 3 - Giochi infernali","Puppet Master III: Toulon's Revenge",https://www.imdb.com/title/tt0102728/,Video,5.9,82,1991,"Fantastico, Horror, Fantascienza, Thriller, Guerra",6222,1992-05-01,"David DeCoteau",,
1572,tt0107899,2026-09-06,2026-09-06,,"Il ritorno dei giocattoli assassini","Puppet Master 4",https://www.imdb.com/title/tt0107899/,Video,5.1,79,1993,"Fantastico, Horror, Fantascienza",4388,1995-09-22,"Jeff Burr",,
1573,tt0245803,2026-09-06,2026-09-06,,"Il monaco","Bulletproof Monk",https://www.imdb.com/title/tt0245803/,Film,5.5,104,2003,"Azione, Commedia, Fantastico",53037,2003-08-14,"Paul Hunter",,
1574,tt2059171,2026-09-06,2026-09-06,,"13 peccati","13 Sins",https://www.imdb.com/title/tt2059171/,Film,6.3,93,2014,"Horror, Thriller",42597,2014-04-11,"Daniel Stamm",,
1575,tt1462667,2026-09-06,2026-09-06,,"Outrage","Autoreiji",https://www.imdb.com/title/tt1462667/,Film,6.8,109,2010,"Azione, Poliziesco, Drammatico, Thriller",15759,2010-06-12,"Takeshi Kitano",,
1576,tt0108188,2026-09-06,2026-09-06,,"Sonatine","Sonachine",https://www.imdb.com/title/tt0108188/,Film,7.4,94,1993,"Azione, Commedia, Poliziesco, Drammatico, Sentimentale, Thriller",24390,2000-06-16,"Takeshi Kitano",,
1577,tt2708764,2026-09-06,2026-09-06,,"HK: Hentai Kamen","HK: Hentai Kamen",https://www.imdb.com/title/tt2708764/,Film,5.8,106,2013,"Azione, Commedia, Fantastico",3018,2013-04-13,"Yūichi Fukuda",,
1578,tt5492906,2026-09-06,2026-09-06,,"HK: Hentai Kamen - Abnormal Crisis","HK: Hentai Kamen - Abnormal Crisis",https://www.imdb.com/title/tt5492906/,Film,5.5,119,2016,"Azione, Commedia, Fantastico",1177,2016-05-14,"Yūichi Fukuda",,
1579,tt1305562,2026-09-06,2026-09-06,,"Psychoville","Psychoville",https://www.imdb.com/title/tt1305562/,Serie TV,7.9,30,2009,"Commedia, Horror, Giallo",7912,2010-04-12,,,
1580,tt0358856,2026-09-06,2026-09-06,,"Little Britain","Little Britain",https://www.imdb.com/title/tt0358856/,Serie TV,7.7,29,2003,"Commedia",28393,2004-11-10,,,
1581,tt0095989,2026-09-06,2026-09-06,,"Il ritorno dei pomodori assassini","Return of the Killer Tomatoes!",https://www.imdb.com/title/tt0095989/,Film,5.3,98,1988,"Commedia, Horror, Fantascienza",8332,1988-04-22,"John De Bello",,
1582,tt0098967,2026-09-06,2026-09-06,,"Boiling Point","3-4 x jûgatsu",https://www.imdb.com/title/tt0098967/,Film,6.8,96,1990,"Azione, Commedia, Poliziesco, Drammatico, Thriller",8228,1990-09-15,"Takeshi Kitano",,
1583,tt0098360,2026-09-06,2026-09-06,,"Violent Cop","Sono otoko, kyôbô ni tsuki",https://www.imdb.com/title/tt0098360/,Film,7.1,103,1989,"Azione, Poliziesco, Drammatico, Thriller",14331,1989-08-12,"Takeshi Kitano",,
1584,tt0997147,2026-09-06,2026-09-06,,"Dai-Nihonjin","Dai-Nihonjin",https://www.imdb.com/title/tt0997147/,Film,6.2,113,2007,"Azione, Commedia, Fantascienza",4174,2007-06-02,"Hitoshi Matsumoto",,
1585,tt0096251,2026-09-06,2026-09-06,,"Tetsuo","Tetsuo",https://www.imdb.com/title/tt0096251/,Film,6.9,67,1989,"Horror, Fantascienza",29517,1989-07-01,"Shin'ya Tsukamoto",,
1586,tt0852726,2026-09-06,2026-09-06,,"Nightmare Detective","Akumu tantei",https://www.imdb.com/title/tt0852726/,Film,6.0,106,2006,"Poliziesco, Horror, Giallo, Thriller",2957,2007-01-13,"Shin'ya Tsukamoto",,
1587,tt1056107,2026-09-06,2026-09-06,,"Nightmare Detective 2","Akumu tantei 2",https://www.imdb.com/title/tt1056107/,Film,6.1,102,2008,"Drammatico, Horror",818,2008-12-20,"Shin'ya Tsukamoto",,
1588,tt0095715,2026-09-06,2026-09-06,,"Alice","Neco z Alenky",https://www.imdb.com/title/tt0095715/,Film,7.4,86,1988,"Animazione, Avventura, Per famiglie, Fantastico",15348,1990-11-01,"Jan Švankmajer",,
1589,tt0118843,2026-09-06,2026-09-06,,"Gatto nero, gatto bianco","Crna macka, beli macor",https://www.imdb.com/title/tt0118843/,Film,8.0,127,1998,"Commedia, Poliziesco, Sentimentale",59242,1998-11-06,"Emir Kusturica",,
1590,tt0069048,2026-09-06,2026-09-06,,"Gli orrori del castello di Norimberga","Gli orrori del castello di Norimberga",https://www.imdb.com/title/tt0069048/,Film,5.9,98,1972,"Horror",4813,1972-10-27,"Mario Bava",,
1591,tt0081455,2026-09-06,2026-09-06,,"Scanners","Scanners",https://www.imdb.com/title/tt0081455/,Film,6.7,103,1981,"Horror, Fantascienza, Thriller",68421,1981-01-16,"David Cronenberg",,
1592,tt0078908,2026-09-06,2026-09-06,,"Brood - La covata malefica","The Brood",https://www.imdb.com/title/tt0078908/,Film,6.8,92,1979,"Horror, Fantascienza",38543,1980-06-04,"David Cronenberg",,
1593,tt3775086,2026-09-06,2026-09-06,,"Lo chiamavano Jeeg Robot","Lo chiamavano Jeeg Robot",https://www.imdb.com/title/tt3775086/,Film,7.0,112,2015,"Azione, Commedia, Drammatico, Fantascienza",17730,2016-02-25,"Gabriele Mainetti",,
1594,tt1489889,2026-09-06,2026-09-06,,"Una spia e mezzo","Central Intelligence",https://www.imdb.com/title/tt1489889/,Film,6.3,107,2016,"Azione, Commedia, Poliziesco",242492,2016-07-14,"Rawson Marshall Thurber",,
1595,tt0080678,2026-09-06,2026-09-06,,"The Elephant Man","The Elephant Man",https://www.imdb.com/title/tt0080678/,Film,8.2,124,1980,"Biografico, Drammatico",284416,1981-03-06,"David Lynch",,
1596,tt0765443,2026-09-06,2026-09-06,,"La promessa dell'assassino","Eastern Promises",https://www.imdb.com/title/tt0765443/,Film,7.6,100,2007,"Poliziesco, Drammatico, Thriller",279789,2007-12-14,"David Cronenberg",,
1597,tt1860213,2026-09-06,2026-09-06,,"Nonno scatenato","Dirty Grandpa",https://www.imdb.com/title/tt1860213/,Film,5.9,102,2016,"Commedia",143424,2016-04-13,"Dan Mazer",,
1598,tt1711425,2026-09-06,2026-09-06,,"Un compleanno da leoni","21 & Over",https://www.imdb.com/title/tt1711425/,Film,5.8,93,2013,"Commedia",80343,2014-01-09,"Jon Lucas, Scott Moore",,
1599,tt5500218,2026-09-06,2026-09-06,,"Samaritan","Samaritan",https://www.imdb.com/title/tt5500218/,Film,5.7,102,2022,"Azione, Drammatico, Fantastico, Fantascienza",62212,2022-08-26,"Julius Avery",,
1600,tt0116225,2026-09-06,2026-09-06,,"Fuga da Los Angeles","Escape from L.A.",https://www.imdb.com/title/tt0116225/,Film,5.7,101,1996,"Azione, Avventura, Fantascienza, Thriller",86891,1997-01-10,"John Carpenter",,
1601,tt0264263,2026-09-06,2026-09-06,,"Jackass","Jackass",https://www.imdb.com/title/tt0264263/,Serie TV,7.4,30,2000,"Azione, Commedia, Reality",29891,2000-10-01,,,
1602,tt0322802,2026-09-06,2026-09-06,,"Jackass: The Movie","Jackass: The Movie",https://www.imdb.com/title/tt0322802/,Film,6.6,85,2002,"Documentario, Azione, Commedia",107632,2002-10-25,"Jeff Tremaine",,
1603,tt3063516,2026-09-06,2026-09-06,,"Jackass - Nonno cattivo","Bad Grandpa",https://www.imdb.com/title/tt3063516/,Film,6.5,92,2013,"Commedia",101416,2013-10-25,"Jeff Tremaine",,
1604,tt0493430,2026-09-06,2026-09-06,,"Jackass Number Two","Jackass Number Two",https://www.imdb.com/title/tt0493430/,Film,7.0,92,2006,"Documentario, Azione, Commedia",84531,2023-09-01,"Jeff Tremaine",,
1605,tt1116184,2026-09-06,2026-09-06,,"Jackass 3D","Jackass 3D",https://www.imdb.com/title/tt1116184/,Film,7.0,94,2010,"Documentario, Azione, Commedia",71697,2010-12-03,"Jeff Tremaine",,
1606,tt11466222,2026-09-06,2026-09-06,,"Jackass Forever","Jackass Forever",https://www.imdb.com/title/tt11466222/,Film,6.8,96,2022,"Documentario, Commedia",56228,2022-03-10,"Jeff Tremaine",,
1607,tt18258584,2026-09-06,2026-09-06,,"Jackass 4.5","Jackass 4.5",https://www.imdb.com/title/tt18258584/,Video,6.5,90,2022,"Documentario, Commedia",16192,2022-05-20,"Jeff Tremaine",,
1608,tt9684220,2026-09-06,2026-09-06,,"Bad Trip","Bad Trip",https://www.imdb.com/title/tt9684220/,Film,6.5,86,2021,"Commedia",29463,2021-03-26,"Kitao Sakurai",,
1609,tt0082418,2026-09-06,2026-09-06,,"L'assassino ti siede accanto","Friday the 13th: Part 2",https://www.imdb.com/title/tt0082418/,Film,6.1,87,1981,"Horror, Giallo, Thriller",88765,1981-05-01,"Steve Miner",,
1610,tt0171363,2026-09-06,2026-09-06,,"Haunting - Presenze","The Haunting",https://www.imdb.com/title/tt0171363/,Film,5.1,113,1999,"Fantastico, Horror, Giallo, Thriller",85290,1999-10-22,"Jan de Bont",,
1611,tt0815245,2026-09-06,2026-09-06,,"The Uninvited","The Uninvited",https://www.imdb.com/title/tt0815245/,Film,6.3,87,2009,"Drammatico, Fantastico, Horror, Giallo, Thriller",90234,2009-05-29,"Charles Guard, Thomas Guard",,
1612,tt7547410,2026-09-06,2026-09-06,,"Dora e la città perduta","Dora and the Lost City of Gold",https://www.imdb.com/title/tt7547410/,Film,6.1,102,2019,"Azione, Avventura, Commedia, Per famiglie, Fantastico, Giallo",39846,2019-09-26,"James Bobin",,
1613,tt15005868,2026-09-06,2026-09-06,,"South Park: Post Covid","South Park: Post COVID",https://www.imdb.com/title/tt15005868/,Speciale TV,7.5,57,2021,"Animazione, Commedia",13820,2021-11-25,"Trey Parker",,
1614,tt15783698,2026-09-06,2026-09-06,,"South Park: The Streaming Wars","South Park: The Streaming Wars",https://www.imdb.com/title/tt15783698/,Speciale TV,6.8,48,2022,"Animazione, Commedia",6898,2022-06-01,"Trey Parker",,
1615,tt16375288,2026-09-06,2026-09-06,,"South Park: Post COVID: The Return of COVID","South Park: Post COVID: The Return of COVID",https://www.imdb.com/title/tt16375288/,Speciale TV,7.5,62,2021,"Animazione, Commedia",9583,2021-12-16,"Trey Parker",,
1616,tt21394322,2026-09-06,2026-09-06,,"South Park: The 25th Anniversary Concert","South Park: The 25th Anniversary Concert",https://www.imdb.com/title/tt21394322/,Speciale TV,7.8,99,2022,"Documentario, Animazione, Commedia, Musica",1396,2022-08-13,"Alex Coletti",,
1617,tt29474455,2026-09-06,2026-09-06,,"South Park: Joining the Panderverse","South Park: Joining the Panderverse",https://www.imdb.com/title/tt29474455/,Speciale TV,7.8,48,2023,"Animazione, Commedia, Fantastico",14016,2023-10-27,"Trey Parker",,
1618,tt30505159,2026-09-06,2026-09-06,,"South Park (Not Suitable for Children)","South Park (Not Suitable for Children)",https://www.imdb.com/title/tt30505159/,Speciale TV,7.2,46,2023,"Animazione, Commedia",6917,2023-12-20,"Trey Parker",,
1619,tt21198156,2026-09-06,2026-09-06,,"South Park: The Streaming Wars Part 2","South Park: The Streaming Wars Part 2",https://www.imdb.com/title/tt21198156/,Speciale TV,6.7,51,2022,"Animazione, Commedia",4681,2022-07-13,"Trey Parker",,
1620,tt0125454,2026-09-06,2026-09-06,,"Paulie - Il pappagallo che parlava troppo","Paulie",https://www.imdb.com/title/tt0125454/,Film,6.6,91,1998,"Avventura, Commedia, Drammatico, Per famiglie",17650,1998-09-04,"John Roberts",,
1621,tt0119715,2026-09-06,2026-09-06,,"Un topolino sotto sfratto","Mousehunt",https://www.imdb.com/title/tt0119715/,Film,6.5,98,1997,"Commedia",64256,1998-04-03,"Gore Verbinski",,
1622,tt0457510,2026-09-06,2026-09-06,,"Super Nacho","Nacho Libre",https://www.imdb.com/title/tt0457510/,Film,6.0,92,2006,"Commedia, Per famiglie, Sportivo",103752,2006-11-17,"Jared Hess",,
1623,tt1764234,2026-09-06,2026-09-06,,"Cogan - Killing Them Softly","Killing Them Softly",https://www.imdb.com/title/tt1764234/,Film,6.2,97,2012,"Poliziesco, Drammatico, Thriller",161727,2012-10-18,"Andrew Dominik",,
1624,tt8114980,2026-09-06,2026-09-06,,"Willy's Wonderland","Willy's Wonderland",https://www.imdb.com/title/tt8114980/,Film,5.5,88,2021,"Azione, Commedia, Horror, Thriller",45059,2021-02-12,"Kevin Lewis",,
1625,tt5886046,2026-09-06,2026-09-06,,"Escape Room","Escape Room",https://www.imdb.com/title/tt5886046/,Film,6.4,99,2019,"Azione, Avventura, Horror, Giallo, Fantascienza, Thriller",162222,2019-03-14,"Adam Robitel",,
1626,tt0838283,2026-09-06,2026-09-06,,"Fratellastri a 40 anni","Step Brothers",https://www.imdb.com/title/tt0838283/,Film,6.9,98,2008,"Commedia",344985,2008-10-24,"Adam McKay",,
1627,tt0087538,2026-09-06,2026-09-06,,"The Karate Kid - Per vincere domani","The Karate Kid",https://www.imdb.com/title/tt0087538/,Film,7.4,126,1984,"Azione, Drammatico, Per famiglie, Sportivo",274670,1984-10-25,"John G. Avildsen",,
1628,tt1155076,2026-09-06,2026-09-06,,"The Karate Kid - La leggenda continua","The Karate Kid",https://www.imdb.com/title/tt1155076/,Film,6.3,140,2010,"Azione, Drammatico, Per famiglie, Sportivo",230104,2010-08-20,"Harald Zwart",,
1629,tt0974015,2026-09-06,2026-09-06,,"Justice League","Justice League",https://www.imdb.com/title/tt0974015/,Film,6.0,120,2017,"Fantascienza",509845,2017-11-16,"Zack Snyder",,
1630,tt14998742,2026-09-06,2026-09-06,,"Rebel Moon - Parte 1: figlia del fuoco","Rebel Moon - Part One: A Child of Fire",https://www.imdb.com/title/tt14998742/,Film,5.6,133,2023,"Azione, Avventura, Drammatico, Fantastico, Fantascienza",142392,2023-12-22,"Zack Snyder",,
1631,tt23137904,2026-09-06,2026-09-06,,"Rebel Moon - Parte 2: la sfregiatrice","Rebel Moon - Part Two: The Scargiver",https://www.imdb.com/title/tt23137904/,Film,5.4,122,2024,"Azione, Avventura, Drammatico, Fantastico, Fantascienza",64993,2024-04-19,"Zack Snyder",,
1632,tt12361974,2026-09-06,2026-09-06,,"Zack Snyder's Justice League","Zack Snyder's Justice League",https://www.imdb.com/title/tt12361974/,Film,7.9,242,2021,"Avventura, Fantastico, Fantascienza",480060,2021-03-18,"Zack Snyder",,
1633,tt3691740,2026-09-06,2026-09-06,,"Il GGG - Il grande gigante gentile","The BFG",https://www.imdb.com/title/tt3691740/,Film,6.3,117,2016,"Avventura, Per famiglie, Fantastico",100848,2016-12-30,"Steven Spielberg",,
1634,tt0096866,2026-09-06,2026-09-06,,"Il mio amico gigante","The BFG",https://www.imdb.com/title/tt0096866/,Film,6.7,91,1989,"Animazione, Avventura, Drammatico, Per famiglie, Fantastico",8055,1992-12-17,"Brian Cosgrove",,
1635,tt0032910,2026-09-06,2026-09-06,,"Pinocchio","Pinocchio",https://www.imdb.com/title/tt0032910/,Film,7.4,88,1940,"Animazione, Avventura, Commedia, Per famiglie, Fantastico, Musical",174544,1947-12-18,"Norman Ferguson, T. Hee, Wilfred Jackson, Jack Kinney, Hamilton Luske, Bill Roberts, Ben Sharpsteen",,
1636,tt2347497,2026-09-06,2026-09-06,,"Silent Night","Silent Night",https://www.imdb.com/title/tt2347497/,Film,5.3,94,2012,"Commedia, Horror, Giallo, Thriller",10771,2012-12-04,"Steven C. Miller",,
1637,tt3882082,2026-09-06,2026-09-06,,"The Boy","The Boy",https://www.imdb.com/title/tt3882082/,Film,6.0,97,2016,"Horror, Giallo, Thriller",109074,2016-05-12,"William Brent Bell",,
1638,tt0465580,2026-09-06,2026-09-06,,"Push","Push",https://www.imdb.com/title/tt0465580/,Film,6.1,111,2009,"Azione, Fantascienza, Thriller",120131,2009-03-27,"Paul McGuigan",,
1639,tt0109040,2026-09-06,2026-09-06,,"Ace Ventura - L'acchiappanimali","Ace Ventura: Pet Detective",https://www.imdb.com/title/tt0109040/,Film,6.9,86,1994,"Commedia",358135,1994-08-12,"Tom Shadyac",,
1640,tt0112281,2026-09-06,2026-09-06,,"Ace Ventura - Missione Africa","Ace Ventura: When Nature Calls",https://www.imdb.com/title/tt0112281/,Film,6.4,90,1995,"Avventura, Commedia, Poliziesco",251547,1995-12-30,"Steve Oedekerk",,
1641,tt7638348,2026-09-06,2026-09-06,,"Quello che non ti uccide","Boss Level",https://www.imdb.com/title/tt7638348/,Film,6.8,100,2020,"Azione, Avventura, Commedia, Giallo, Fantascienza, Thriller",91892,2021-03-05,"Joe Carnahan",,
1642,tt4062536,2026-09-06,2026-09-06,,"Green Room","Green Room",https://www.imdb.com/title/tt4062536/,Film,6.9,95,2015,"Horror, Thriller",155642,2017-02-11,"Jeremy Saulnier",,
1643,tt0264508,2026-09-06,2026-09-06,,"Dagon - La mutazione del male","Dagon",https://www.imdb.com/title/tt0264508/,Film,6.2,98,2001,"Fantastico, Horror, Giallo",23622,2001-10-31,"Stuart Gordon",,
1644,tt3717490,2026-09-06,2026-09-06,,"Power Rangers","Power Rangers",https://www.imdb.com/title/tt3717490/,Film,5.9,124,2017,"Azione, Avventura, Fantastico, Fantascienza",120089,2017-04-06,"Dean Israelite",,
1645,tt5442430,2026-09-06,2026-09-06,,"Life: Non oltrepassare il limite","Life",https://www.imdb.com/title/tt5442430/,Film,6.6,104,2017,"Horror, Fantascienza, Thriller",280204,2017-03-23,"Daniel Espinosa",,
1646,tt7914416,2026-09-06,2026-09-06,,"Zombie contro zombie","Kamera o tomeru na!",https://www.imdb.com/title/tt7914416/,Film,7.6,96,2017,"Commedia, Drammatico, Horror",36252,2018-11-07,"Shin'ichirō Ueda",,
1647,tt1219827,2026-09-06,2026-09-06,,"Ghost in the Shell","Ghost in the Shell",https://www.imdb.com/title/tt1219827/,Film,6.3,107,2017,"Azione, Poliziesco, Drammatico, Giallo, Fantascienza, Thriller",241612,2017-03-30,"Rupert Sanders",,
1648,tt0159611,2026-09-06,2026-09-06,,"Le nuove comiche","Le nuove comiche",https://www.imdb.com/title/tt0159611/,Film,4.8,102,1994,"Commedia",810,1994-10-14,"Neri Parenti",,
1649,tt0380599,2026-09-06,2026-09-06,,"Oliver Twist","Oliver Twist",https://www.imdb.com/title/tt0380599/,Film,6.8,130,2005,"Poliziesco, Drammatico",35869,2005-10-21,"Roman Polanski",,
1650,tt1754656,2026-09-06,2026-09-06,,"Il piccolo principe","Le petit prince",https://www.imdb.com/title/tt1754656/,Film,7.6,108,2015,"Animazione, Avventura, Commedia, Drammatico, Per famiglie, Fantastico, Fantascienza",72368,2016-01-01,"Mark Osborne",,
1651,tt0479997,2026-09-06,2026-09-06,,"L'ultimo dei Templari","Season of the Witch",https://www.imdb.com/title/tt0479997/,Film,5.4,95,2011,"Azione, Avventura, Fantastico",103494,2011-06-15,"Dominic Sena",,
1652,tt0420251,2026-09-06,2026-09-06,,"Three... Extremes","Sam gang 2",https://www.imdb.com/title/tt0420251/,Film,6.9,121,2004,"Horror",22101,2005-07-29,"Fruit Chan, Park Chan-wook, Takashi Miike",,
1653,tt0443435,2026-09-06,2026-09-06,,"Autopsy","Autopsy",https://www.imdb.com/title/tt0443435/,Film,5.0,84,2008,"Horror, Giallo, Thriller",7860,2009-06-25,"Adam Gierasch",,
1654,tt1179891,2026-09-06,2026-09-06,,"San Valentino di sangue","My Bloody Valentine",https://www.imdb.com/title/tt1179891/,Film,5.5,101,2009,"Horror, Giallo, Thriller",65745,2009-05-08,"Patrick Lussier",,
1655,tt2450186,2026-09-06,2026-09-06,,"V/H/S/2","V/H/S/2",https://www.imdb.com/title/tt2450186/,Film,6.0,96,2013,"Horror, Thriller",49181,2013-06-06,"Simon Barrett, Jason Eisener, Gareth Evans, Gregg Hale, Eduardo Sánchez, Timo Tjahjanto, Adam Wingard",,
1656,tt2105044,2026-09-06,2026-09-06,,"V/H/S","V/H/S",https://www.imdb.com/title/tt2105044/,Film,5.8,116,2012,"Fantastico, Horror, Giallo, Thriller",76371,2012-09-06,"Matt Bettinelli-Olpin, David Bruckner, Tyler Gillett, Justin Martinez, Glenn McQuaid, Radio Silence, Joe Swanberg, Chad Villella, Ti West, Adam Wingard",,
1657,tt0455407,2026-09-06,2026-09-06,,"La città verrà distrutta all'alba","The Crazies",https://www.imdb.com/title/tt0455407/,Film,6.5,101,2010,"Horror",138950,2010-04-23,"Breck Eisner",,
1658,tt0483607,2026-09-06,2026-09-06,,"Doomsday - Il giorno del giudizio","Doomsday",https://www.imdb.com/title/tt0483607/,Film,5.9,113,2008,"Azione, Fantascienza, Thriller",82714,2008-08-29,"Neil Marshall",,
1659,tt0339840,2026-09-06,2026-09-06,,"Undead","Undead",https://www.imdb.com/title/tt0339840/,Film,5.3,104,2003,"Azione, Commedia, Fantastico, Horror, Fantascienza",14010,2005-07-01,"Michael Spierig, Peter Spierig",,
1660,tt2120120,2026-09-06,2026-09-06,,"Pixels","Pixels",https://www.imdb.com/title/tt2120120/,Film,5.6,105,2015,"Azione, Avventura, Commedia, Fantastico, Fantascienza, Thriller",183261,2015-07-29,"Chris Columbus",,
1661,tt0089907,2026-09-06,2026-09-06,,"Il ritorno dei morti viventi","The Return of the Living Dead",https://www.imdb.com/title/tt0089907/,Film,7.3,91,1985,"Commedia, Horror, Fantascienza",78634,1985-04-25,"Dan O'Bannon",,
1662,tt0372588,2026-09-06,2026-09-06,,"Team America: World Police","Team America: World Police",https://www.imdb.com/title/tt0372588/,Film,7.2,98,2004,"Azione, Commedia",186154,2005-05-13,"Trey Parker",,
1663,tt0115641,2026-09-06,2026-09-06,,"Beavis & Butt-Head alla conquista dell'America","Beavis and Butt-Head Do America",https://www.imdb.com/title/tt0115641/,Film,6.8,81,1996,"Animazione, Avventura, Commedia, Poliziesco, Musica",63318,1996-12-20,"Geoffrey Johnson, Mike de Seve, Yvette Kaplan, Brian Mulroney, Mike Judge",,
1664,tt3513498,2026-09-06,2026-09-06,,"The Lego Movie 2: Una nuova avventura","The LEGO Movie 2: The Second Part",https://www.imdb.com/title/tt3513498/,Film,6.5,107,2019,"Animazione, Avventura, Commedia, Per famiglie, Fantastico, Musical, Fantascienza",86963,2019-02-21,"Mike Mitchell",,
1665,tt0082340,2026-09-06,2026-09-06,,"1997: fuga da New York","Escape from New York",https://www.imdb.com/title/tt0082340/,Film,7.1,99,1981,"Azione, Avventura, Fantascienza",175358,1981-11-06,"John Carpenter",,
1666,tt0118715,2026-09-06,2026-09-06,,"Il grande Lebowski","The Big Lebowski",https://www.imdb.com/title/tt0118715/,Film,8.1,117,1998,"Commedia, Poliziesco",924498,1998-05-01,"Joel Coen, Ethan Coen",,
1667,tt1700841,2026-09-06,2026-09-06,,"Sausage Party - Vita segreta di una salsiccia","Sausage Party",https://www.imdb.com/title/tt1700841/,Film,6.1,89,2016,"Animazione, Avventura, Commedia, Fantastico",229197,2016-10-31,"Greg Tiernan, Conrad Vernon",,
1668,tt3174376,2026-09-06,2026-09-06,,"Somnia","Before I Wake",https://www.imdb.com/title/tt3174376/,Film,6.2,97,2016,"Drammatico, Fantastico, Horror, Thriller",56812,2016-05-25,"Mike Flanagan",,
1669,tt3835080,2026-09-06,2026-09-06,,"31","31",https://www.imdb.com/title/tt3835080/,Film,5.1,103,2016,"Horror, Thriller",25082,2016-09-16,"Rob Zombie",,
1670,tt4163020,2026-09-06,2026-09-06,,"Tales of Halloween","Tales of Halloween",https://www.imdb.com/title/tt4163020/,Film,5.5,97,2015,"Avventura, Commedia, Fantastico, Horror, Thriller",15650,2015-10-16,"Darren Lynn Bousman, Axelle Carolyn, Adam Gierasch, Andrew Kasch, Neil Marshall, Lucky McKee, Mike Mendez, Dave Parker, Ryan Schifrin, John Skipp, Paul Solet",,
1671,tt0263488,2026-09-06,2026-09-06,,"Jeepers Creepers - Il canto del diavolo","Jeepers Creepers",https://www.imdb.com/title/tt0263488/,Film,6.3,90,2001,"Horror, Giallo",158946,2002-08-23,"Victor Salva",,
1672,tt0301470,2026-09-06,2026-09-06,,"Jeepers Creepers - Il canto del diavolo 2","Jeepers Creepers 2",https://www.imdb.com/title/tt0301470/,Film,5.7,106,2003,"Horror",76404,2004-03-05,"Victor Salva",,
1673,tt1362058,2026-09-06,2026-09-06,,"London Zombies","Cockneys vs Zombies",https://www.imdb.com/title/tt1362058/,Film,5.9,88,2012,"Azione, Commedia, Horror, Thriller",21380,2012-08-31,"Matthias Hoene",,
1674,tt6852534,2026-09-06,2026-09-06,,"Funhouse","Funhouse",https://www.imdb.com/title/tt6852534/,Film,5.2,106,2019,"Poliziesco, Drammatico, Horror, Thriller",9118,2020-09-25,"Jason William Lee",,
1675,tt0111149,2026-09-06,2026-09-06,,"Piccoli omicidi tra amici","Shallow Grave",https://www.imdb.com/title/tt0111149/,Film,7.2,89,1994,"Poliziesco, Drammatico, Thriller",71548,1995-08-25,"Danny Boyle",,
1676,tt1217613,2026-09-06,2026-09-06,,"World Invasion","Battle: Los Angeles",https://www.imdb.com/title/tt1217613/,Film,5.7,116,2011,"Azione, Avventura, Fantascienza",191547,2011-04-22,"Jonathan Liebesman",,
1677,tt12749596,2026-09-06,2026-09-06,,"Host: Chiamata mortale","Host",https://www.imdb.com/title/tt12749596/,Film,6.5,57,2020,"Horror, Giallo",52546,2020-11-27,"Rob Savage",,
1678,tt2226417,2026-09-06,2026-09-06,,"Oltre i confini del male - Insidious 2","Insidious: Chapter 2",https://www.imdb.com/title/tt2226417/,Film,6.6,106,2013,"Horror, Giallo, Thriller",206126,2013-10-10,"James Wan",,
1679,tt2235779,2026-09-06,2026-09-06,,"Le origini del male","The Quiet Ones",https://www.imdb.com/title/tt2235779/,Film,5.1,98,2014,"Horror, Giallo, Thriller",22244,2014-07-02,"John Pogue",,
1680,tt0251075,2026-09-06,2026-09-06,,"Evolution","Evolution",https://www.imdb.com/title/tt0251075/,Film,6.1,101,2001,"Commedia, Fantascienza",143080,2001-07-06,"Ivan Reitman",,
1681,tt1540011,2026-09-06,2026-09-06,,"Blair Witch","Blair Witch",https://www.imdb.com/title/tt1540011/,Film,5.0,89,2016,"Horror, Giallo, Thriller",54168,2016-09-21,"Adam Wingard",,
1682,tt1905040,2026-09-06,2026-09-06,,"Il Passo del Diavolo","The Dyatlov Pass Incident",https://www.imdb.com/title/tt1905040/,Film,5.7,100,2013,"Horror, Giallo, Thriller",30933,2013-02-28,"Renny Harlin",,
1683,tt2400463,2026-09-06,2026-09-06,,"The Invitation","The Invitation",https://www.imdb.com/title/tt2400463/,Film,6.6,100,2015,"Drammatico, Horror, Giallo, Thriller",131328,2016-05-12,"Karyn Kusama",,
1684,tt14253846,2026-09-06,2026-09-06,,"Speak No Evil","Speak No Evil",https://www.imdb.com/title/tt14253846/,Film,6.7,97,2022,"Drammatico, Horror, Giallo, Thriller",65664,2022-03-17,"Christian Tafdrup",,
1685,tt1531901,2026-09-06,2026-09-06,,"Byzantium","Byzantium",https://www.imdb.com/title/tt1531901/,Film,6.5,118,2012,"Drammatico, Fantastico, Horror, Thriller",49057,2013-05-31,"Neil Jordan",,
1686,tt11426232,2026-09-06,2026-09-06,,"Totally Killer","Totally Killer",https://www.imdb.com/title/tt11426232/,Film,6.5,106,2023,"Commedia, Horror, Giallo, Fantascienza",70712,2023-10-06,"Nahnatchka Khan",,
1687,tt1675192,2026-09-06,2026-09-06,,"Take Shelter","Take Shelter",https://www.imdb.com/title/tt1675192/,Film,7.3,121,2011,"Drammatico, Thriller",117458,2012-06-29,"Jeff Nichols",,
1688,tt6509058,2026-09-06,2026-09-06,,"Nancy","Nancy",https://www.imdb.com/title/tt6509058/,Film,6.2,85,2018,"Drammatico, Giallo, Thriller",3937,2019-12-12,"Christina Choe",,
1689,tt0421054,2026-09-06,2026-09-06,,"Domino","Domino",https://www.imdb.com/title/tt0421054/,Film,5.9,127,2005,"Azione, Biografico, Poliziesco, Drammatico, Thriller",71827,2006-08-18,"Tony Scott",,
1690,tt2548738,2026-09-06,2026-09-06,,"Rich Hill","Rich Hill",https://www.imdb.com/title/tt2548738/,Film,7.2,91,2014,"Documentario, Biografico, Drammatico, Per famiglie",2581,2014-08-01,"Andrew Droz Palermo, Tracy Droz Tragos",,
1691,tt9894470,2026-09-06,2026-09-06,,"VFW - Veterani di guerra","VFW",https://www.imdb.com/title/tt9894470/,Film,6.1,92,2019,"Azione, Poliziesco, Horror, Thriller",10463,2020-02-14,"Joe Begos",,
1692,tt1037705,2026-09-06,2026-09-06,,"Codice Genesi","The Book of Eli",https://www.imdb.com/title/tt1037705/,Film,6.8,118,2010,"Azione, Avventura, Drammatico, Thriller",364224,2010-02-26,"Albert Hughes, Allen Hughes",,
1693,tt0310952,2026-09-06,2026-09-06,,"Riverworld - Il popolo del fiume","Riverworld",https://www.imdb.com/title/tt0310952/,Film per la TV,5.1,86,2003,"Fantastico, Fantascienza",2836,2004-12-19,"Kari Skogland",,
1694,tt20225374,2026-09-06,2026-09-06,,"Vesper","Vesper",https://www.imdb.com/title/tt20225374/,Film,6.0,114,2022,"Avventura, Drammatico, Fantascienza, Thriller",27523,2022-08-14,"Kristina Buozyte, Bruno Samper",,
1695,tt12261776,2026-09-06,2026-09-06,,"65 - Fuga dalla Terra","65",https://www.imdb.com/title/tt12261776/,Film,5.4,93,2023,"Azione, Avventura, Fantascienza, Thriller",108572,2023-04-27,"Scott Beck, Bryan Woods",,
1696,tt0073705,2026-09-06,2026-09-06,,"Il demone sotto la pelle","Shivers",https://www.imdb.com/title/tt0073705/,Film,6.3,88,1975,"Horror, Fantascienza",26535,1977-06-26,"David Cronenberg",,
1697,tt2700194,2026-09-06,2026-09-06,,"Forsaken - Missione su Marte","Prishelets",https://www.imdb.com/title/tt2700194/,Film,3.2,95,2018,"Avventura, Drammatico, Fantascienza",704,2018-11-08,"Alexander Kulikov, Mikhail Raskhodnikov, Karina Mirzoyan",,
1698,tt4795546,2026-09-06,2026-09-06,,"Nocturama","Nocturama",https://www.imdb.com/title/tt4795546/,Film,6.4,130,2016,"Drammatico, Thriller",5678,2016-08-31,"Bertrand Bonello",,
1699,tt5121816,2026-09-06,2026-09-06,,"El bar","El bar",https://www.imdb.com/title/tt5121816/,Film,6.3,102,2017,"Thriller",30367,2017-03-24,"Álex de la Iglesia",,
1700,tt0091080,2026-09-06,2026-09-06,,"Venerdì 13: parte VI - Jason vive","Jason Lives: Friday the 13th Part VI",https://www.imdb.com/title/tt0091080/,Film,6.0,86,1986,"Horror, Thriller",58275,1986-08-01,"Tom McLoughlin",,
1701,tt0087298,2026-09-06,2026-09-06,,"Venerdì 13 - Capitolo finale","Friday the 13th: The Final Chapter",https://www.imdb.com/title/tt0087298/,Film,6.0,91,1984,"Horror, Thriller",67540,1984-04-13,"Joseph Zito",,
1702,tt1731141,2026-09-06,2026-09-06,,"Ender's Game","Ender's Game",https://www.imdb.com/title/tt1731141/,Film,6.6,114,2013,"Azione, Avventura, Fantascienza",266555,2013-10-30,"Gavin Hood",,
1703,tt1456941,2026-09-06,2026-09-06,,"Il domani che verrà - The Tomorrow Series","Tomorrow, When the War Began",https://www.imdb.com/title/tt1456941/,Film,6.1,104,2010,"Azione, Avventura, Drammatico, Sentimentale, Fantascienza, Thriller, Guerra",32870,2011-11-04,"Stuart Beattie",,
1704,tt8718300,2026-09-06,2026-09-06,,"Proximity","Proximity",https://www.imdb.com/title/tt8718300/,Film,4.8,119,2020,"Drammatico, Fantascienza",8062,2020-05-15,"Eric Demeusy",,
1705,tt4536768,2026-09-06,2026-09-06,,"Osiride - Il 9° pianeta","Science Fiction Volume One: The Osiris Child",https://www.imdb.com/title/tt4536768/,Film,5.5,99,2016,"Azione, Avventura, Drammatico, Horror, Fantascienza, Thriller",9838,2017-05-18,"Shane Abbess",,
1706,tt0106950,2026-09-06,2026-09-06,,"2013 - La fortezza","Fortress",https://www.imdb.com/title/tt0106950/,Film,5.9,95,1992,"Azione, Poliziesco, Fantascienza, Thriller",32393,1993-02-12,"Stuart Gordon",,
1707,tt0217135,2026-09-06,2026-09-06,,"Vortex","Vortex",https://www.imdb.com/title/tt0217135/,Film,5.9,63,2001,"Fantascienza",357,2004-06-23,"Michael Pohl",,
1708,tt0080025,2026-09-06,2026-09-06,,"L'uomo venuto dall'impossibile","Time After Time",https://www.imdb.com/title/tt0080025/,Film,7.0,112,1979,"Avventura, Drammatico, Fantascienza, Thriller",21550,1980-02-01,"Nicholas Meyer",,
1709,tt0104299,2026-09-06,2026-09-06,,"Freejack - In fuga nel futuro","Freejack",https://www.imdb.com/title/tt0104299/,Film,5.4,110,1992,"Azione, Poliziesco, Fantascienza, Thriller",18967,1992-01-17,"Geoff Murphy",,
1710,tt0462396,2026-09-06,2026-09-06,,"L'ultima legione","The Last Legion",https://www.imdb.com/title/tt0462396/,Film,5.4,101,2007,"Azione, Avventura, Storico, Guerra",38535,2007-09-14,"Doug Lefler",,
1711,tt0856288,2026-09-06,2026-09-06,,"Inside - À l'intérieur","À l'intérieur",https://www.imdb.com/title/tt0856288/,Film,6.7,82,2007,"Horror",49064,2007-06-13,"Alexandre Bustillo, Julien Maury",,
1712,tt4935372,2026-09-06,2026-09-06,,"The Devil's Candy","The Devil's Candy",https://www.imdb.com/title/tt4935372/,Film,6.3,79,2015,"Drammatico, Horror, Thriller",24231,2017-09-07,"Sean Byrne",,
1713,tt4419364,2026-09-06,2026-09-06,,"Holidays","Holidays",https://www.imdb.com/title/tt4419364/,Film,5.1,105,2016,"Commedia, Fantastico, Horror, Giallo",12411,2016-04-15,"Anthony Scott Burns, Kevin Kölsch, Nicholas McCarthy, Adam Egypt Mortimer, Gary Shore, Kevin Smith, Sarah Adina Smith, Scott Stewart, Dennis Widmyer",,
1714,tt2387433,2026-09-06,2026-09-06,,"Dark Skies - Oscure presenze","Dark Skies",https://www.imdb.com/title/tt2387433/,Film,6.3,97,2013,"Horror, Fantascienza, Thriller",85763,2013-10-24,"Scott Stewart",,
1715,tt6456326,2026-09-06,2026-09-06,,"Killerobots","Monsters of Man",https://www.imdb.com/title/tt6456326/,Film,5.4,131,2020,"Azione, Fantascienza, Thriller",9443,2020-12-08,"Mark Toia",,
1716,tt0058700,2026-09-06,2026-09-06,,"L'ultimo uomo della Terra","The Last Man on Earth",https://www.imdb.com/title/tt0058700/,Film,6.7,86,1964,"Drammatico, Horror, Fantascienza",24109,1964-08-19,"Ubaldo Ragona, Sidney Salkow",,
1717,tt0090192,2026-09-06,2026-09-06,,"Trancers - Corsa nel tempo","Trancers",https://www.imdb.com/title/tt0090192/,Film,6.0,76,1984,"Azione, Fantascienza",9150,1984-11-07,"Charles Band",,
1718,tt3177316,2026-09-06,2026-09-06,,"Honeymoon","Honeymoon",https://www.imdb.com/title/tt3177316/,Film,5.7,87,2014,"Drammatico, Fantastico, Horror, Giallo, Sentimentale, Fantascienza, Thriller",28760,2014-09-12,"Leigh Janiak",,
1719,tt1010048,2026-09-06,2026-09-06,,"The Millionaire","Slumdog Millionaire",https://www.imdb.com/title/tt1010048/,Film,8.0,120,2008,"Poliziesco, Drammatico, Sentimentale",915412,2008-12-05,"Danny Boyle, Loveleen Tandan",,
1720,tt1660648,2026-09-06,2026-09-06,,"Ricky Stanicky - L'amico immaginario","Ricky Stanicky",https://www.imdb.com/title/tt1660648/,Film,6.2,113,2024,"Commedia",63672,2024-03-07,"Peter Farrelly",,
1721,tt7144666,2026-09-06,2026-09-06,,"Black Phone","The Black Phone",https://www.imdb.com/title/tt7144666/,Film,6.9,103,2021,"Horror, Giallo, Thriller",271807,2022-06-23,"Scott Derrickson",,
1722,tt0099582,2026-09-06,2026-09-06,,"Linea mortale","Flatliners",https://www.imdb.com/title/tt0099582/,Film,6.6,115,1990,"Drammatico, Horror, Fantascienza, Thriller",99182,1990-08-10,"Joel Schumacher",,
1723,tt5238240,2026-09-06,2026-09-06,,"The Stronghold: La roccaforte","Storozhova zastava",https://www.imdb.com/title/tt5238240/,Film,6.2,111,2017,"Avventura, Fantastico",3203,2017-10-12,"Yuriy Kovalyov",,
1724,tt10638522,2026-09-06,2026-09-06,,"Talk to Me","Talk to Me",https://www.imdb.com/title/tt10638522/,Film,7.1,95,2022,"Horror, Thriller",224717,2023-09-28,"Danny Philippou, Michael Philippou",,
1725,tt12298140,2026-09-06,2026-09-06,,"Virus-32","Virus-32",https://www.imdb.com/title/tt12298140/,Film,5.5,90,2022,"Horror",2686,2022-04-07,"Gustavo Hernández",,
1726,tt12788488,2026-09-06,2026-09-06,,"Deadstream","Deadstream",https://www.imdb.com/title/tt12788488/,Film,6.4,87,2022,"Commedia, Fantastico, Horror, Thriller",24940,2022-10-06,"Joseph Winter, Vanessa Winter",,
1727,tt4935334,2026-09-06,2026-09-06,,"Southbound - Autostrada per l'inferno","Southbound",https://www.imdb.com/title/tt4935334/,Film,5.9,89,2015,"Horror",23302,2016-02-09,"Roxanne Benjamin, Matt Bettinelli-Olpin, David Bruckner, Tyler Gillett, Patrick Horvath, Justin Martinez, Radio Silence, Chad Villella",,
1728,tt13872248,2026-09-06,2026-09-06,,"The Sadness","Ku bei",https://www.imdb.com/title/tt13872248/,Film,6.5,99,2021,"Horror, Thriller",27822,2022-04-14,"Rob Jabbaz",,
1729,tt2535470,2026-09-06,2026-09-06,,"Road of the Dead","Wyrmwood",https://www.imdb.com/title/tt2535470/,Film,6.2,98,2014,"Azione, Commedia, Horror",19426,2015-02-13,"Kiah Roache-Turner",,
1730,tt4467626,2026-09-06,2026-09-06,,"Scare campaign","Scare Campaign",https://www.imdb.com/title/tt4467626/,Film,5.9,80,2016,"Horror",4425,2016-10-25,"Cameron Cairnes, Colin Cairnes",,
1731,tt2368672,2026-09-06,2026-09-06,,"Minuscule - La valle delle formiche perdute","Minuscule: La vallée des fourmis perdues",https://www.imdb.com/title/tt2368672/,Film,7.1,89,2013,"Animazione, Azione, Avventura, Commedia, Per famiglie, Guerra",9750,2014-10-16,"Hélène Giraud, Thomas Szabo",,
1732,tt0084516,2026-09-06,2026-09-06,,"Poltergeist - Demoniache presenze","Poltergeist",https://www.imdb.com/title/tt0084516/,Film,7.3,114,1982,"Horror, Thriller",196929,1982-09-10,"Tobe Hooper",,
1733,tt0091778,2026-09-06,2026-09-06,,"Poltergeist II - L'altra dimensione","Poltergeist II: The Other Side",https://www.imdb.com/title/tt0091778/,Film,5.7,91,1986,"Horror",33179,1986-08-29,"Brian Gibson",,
1734,tt9685342,2026-09-06,2026-09-06,,"L'eroe dei due mondi","Ci sha xiao shuo jia",https://www.imdb.com/title/tt9685342/,Film,6.2,130,2021,"Azione, Avventura, Fantastico, Giallo",5171,2021-02-12,"Yang Lu",,
1735,tt0096535,2026-09-06,2026-09-06,,"Il giro del mondo in 80 giorni","Around the World in 80 Days",https://www.imdb.com/title/tt0096535/,Mini serie TV,7.1,89,1989,"Azione, Avventura, Commedia, Drammatico, Sentimentale",3958,1989-12-31,,,
1736,tt1262945,2026-09-06,2026-09-06,,"The Legend of the Tsunami Warrior","Puen yai jon salad",https://www.imdb.com/title/tt1262945/,Film,5.6,154,2008,"Azione, Avventura, Fantastico, Storico",1119,2008-10-23,"Nonzee Nimibutr",,
1737,tt1981107,2026-09-06,2026-09-06,,"Lo straordinario viaggio di T.S. Spivet","The Young and Prodigious T.S. Spivet",https://www.imdb.com/title/tt1981107/,Film,7.0,105,2013,"Avventura, Commedia, Drammatico, Per famiglie",21701,2015-05-24,"Jean-Pierre Jeunet",,
1738,tt0381111,2026-09-06,2026-09-06,,"Dolf e la crociata dei bambini","Kruistocht in spijkerbroek",https://www.imdb.com/title/tt0381111/,Film,6.1,125,2006,"Avventura, Per famiglie, Fantastico, Fantascienza, Guerra",4029,2006-11-15,"Ben Sombogaart",,
1739,tt3741834,2026-09-06,2026-09-06,,"Lion - La strada verso casa","Lion",https://www.imdb.com/title/tt3741834/,Film,8.0,118,2016,"Biografico, Drammatico",269013,2016-12-22,"Garth Davis",,
1740,tt0366780,2026-09-06,2026-09-06,,"Mirrormask","Mirrormask",https://www.imdb.com/title/tt0366780/,Film,6.7,101,2005,"Drammatico, Fantastico",24436,2006-03-03,"Dave McKean",,
1741,tt0114614,2026-09-06,2026-09-06,,"Tank Girl","Tank Girl",https://www.imdb.com/title/tt0114614/,Film,5.4,104,1995,"Azione, Commedia, Fantascienza",38177,2023-07-04,"Rachel Talalay",,
1742,tt0119947,2026-09-06,2026-09-06,,"Il mistero del principe Valiant","Prince Valiant",https://www.imdb.com/title/tt0119947/,Film,5.1,91,1997,"Avventura, Fantastico, Sentimentale",2684,1997-07-24,"Anthony Hickox",,
1743,tt6170484,2026-09-06,2026-09-06,,"Le avventure di Wuba","Zhuo yao ji 2",https://www.imdb.com/title/tt6170484/,Film,5.4,110,2018,"Avventura, Commedia, Fantastico, Fantascienza",2412,2020-03-12,"Raman Hui",,
1744,tt3781476,2026-09-06,2026-09-06,,"Il regno di Wuba","Zhuo yao ji",https://www.imdb.com/title/tt3781476/,Film,6.1,117,2015,"Azione, Avventura, Commedia, Fantastico",6148,2016-05-12,"Raman Hui",,
1745,tt0403483,2026-09-06,2026-09-06,,"Storm Bound - Il mozzo di Bontekoe","De scheepsjongens van Bontekoe",https://www.imdb.com/title/tt0403483/,Film,6.3,135,2007,"Avventura, Per famiglie",977,2007-11-22,"Steven de Jong",,
1746,tt1428538,2026-09-06,2026-09-06,,"Hansel & Gretel - Cacciatori di streghe","Hansel & Gretel: Witch Hunters",https://www.imdb.com/title/tt1428538/,Film,6.1,88,2013,"Azione, Fantastico, Horror",228257,2013-05-01,"Tommy Wirkola",,
1747,tt0049366,2026-09-06,2026-09-06,,"L'invasione degli ultracorpi","Invasion of the Body Snatchers",https://www.imdb.com/title/tt0049366/,Film,7.7,80,1956,"Drammatico, Horror, Fantascienza",60525,1957-10-02,"Don Siegel",,
1748,tt2027136,2026-09-06,2026-09-06,,"Kristy","Kristy",https://www.imdb.com/title/tt2027136/,Film,5.9,86,2014,"Horror, Thriller",10863,2015-07-30,"Olly Blackburn",,
1749,tt5591666,2026-09-06,2026-09-06,,"The Domestics","The Domestics",https://www.imdb.com/title/tt5591666/,Film,5.7,95,2018,"Azione, Horror, Fantascienza, Thriller",12833,2018-10-04,"Mike P. Nelson",,
1750,tt0080745,2026-09-06,2026-09-06,,"Flash Gordon","Flash Gordon",https://www.imdb.com/title/tt0080745/,Film,6.5,111,1980,"Azione, Avventura, Fantascienza",67013,1980-12,"Mike Hodges",,
1751,tt0086856,2026-09-06,2026-09-06,,"Le avventure di Buckaroo Banzai nella quarta dimensione","The Adventures of Buckaroo Banzai Across the 8th Dimension",https://www.imdb.com/title/tt0086856/,Film,6.2,103,1984,"Avventura, Commedia, Fantascienza",33381,1984-10-05,"W.D. Richter",,
1752,tt0080379,2026-09-06,2026-09-06,,"Apocalypse domani","Apocalypse domani",https://www.imdb.com/title/tt0080379/,Film,5.5,96,1980,"Drammatico, Fantastico, Horror, Thriller",4935,1980-08-04,"Antonio Margheriti",,
1753,tt0085125,2026-09-06,2026-09-06,,"2019 - Dopo la caduta di New York","2019 - Dopo la caduta di New York",https://www.imdb.com/title/tt0085125/,Film,5.5,96,1983,"Azione, Fantascienza",3614,1983-07-22,"Sergio Martino",,
1754,tt0091166,2026-09-06,2026-09-06,,"Vendetta dal futuro","Vendetta dal futuro",https://www.imdb.com/title/tt0091166/,Film,5.3,94,1986,"Azione, Drammatico, Fantascienza, Thriller",3312,1986-03-26,"Sergio Martino",,
1755,tt32375562,2026-09-06,2026-09-06,,"South Park: The End of Obesity","South Park: The End of Obesity",https://www.imdb.com/title/tt32375562/,Speciale TV,7.1,50,2024,"Animazione, Commedia, Poliziesco",9853,2024-05-25,"Trey Parker",,
1756,tt0087597,2026-09-06,2026-09-06,,"Giochi stellari","The Last Starfighter",https://www.imdb.com/title/tt0087597/,Film,6.7,100,1984,"Azione, Avventura, Fantascienza",50356,1984-07-13,"Nick Castle",,
1757,tt1335975,2026-09-06,2026-09-06,,"47 Ronin","47 Ronin",https://www.imdb.com/title/tt1335975/,Film,6.3,128,2013,"Azione, Drammatico, Fantastico",181080,2014-03-13,"Carl Rinsch",,
1758,tt0795351,2026-09-06,2026-09-06,,"Case 39","Case 39",https://www.imdb.com/title/tt0795351/,Film,6.2,109,2009,"Horror, Giallo, Thriller",100280,2010-10-01,"Christian Alvart",,
1759,tt22482764,2026-09-06,2026-09-06,,"Thriller 40","Thriller 40",https://www.imdb.com/title/tt22482764/,Film,7.9,90,2023,"Documentario, Musica",2025,2023-12-02,"Nelson George",,
1760,tt13923084,2026-09-06,2026-09-06,,"Boy Kills World","Boy Kills World",https://www.imdb.com/title/tt13923084/,Film,6.4,111,2023,"Azione, Avventura, Commedia, Poliziesco, Thriller, Guerra",41475,2024-05-27,"Moritz Mohr",,
1761,tt0077745,2026-09-06,2026-09-06,,"Terrore dallo spazio profondo","Invasion of the Body Snatchers",https://www.imdb.com/title/tt0077745/,Film,7.4,115,1978,"Horror, Fantascienza",83312,1978-12-22,"Philip Kaufman",,
1762,tt1448754,2026-09-06,2026-09-06,,"Thanksgiving: La morte ti ringrazierà","Thanksgiving",https://www.imdb.com/title/tt1448754/,Film,6.2,106,2023,"Horror, Giallo, Thriller",82615,2023-11-16,"Eli Roth",,
1763,tt0092086,2026-09-06,2026-09-06,,"I tre amigos!","Three Amigos!",https://www.imdb.com/title/tt0092086/,Film,6.5,104,1986,"Commedia, Western",93522,1987-04-16,"John Landis",,
1764,tt10954984,2026-09-06,2026-09-06,,"Nope","Nope",https://www.imdb.com/title/tt10954984/,Film,6.8,130,2022,"Horror, Giallo, Fantascienza, Thriller",322961,2022-08-11,"Jordan Peele",,
1765,tt0815744,2026-09-06,2026-09-06,,"DumbLand","DumbLand",https://www.imdb.com/title/tt0815744/,Mini serie TV,6.3,35,2002,"Animazione, Cortometraggio, Commedia",3534,2002,,,
1766,tt0100991,2026-09-06,2026-09-06,,"Hiruko the Goblin","Yôkai hantâ: Hiruko",https://www.imdb.com/title/tt0100991/,Film,6.2,89,1991,"Commedia, Fantastico, Horror",2094,1991-05-11,"Shin'ya Tsukamoto",,
1767,tt0105569,2026-09-06,2026-09-06,,"Tetsuo II: Body Hammer","Tetsuo II: Body Hammer",https://www.imdb.com/title/tt0105569/,Film,6.4,83,1992,"Drammatico, Fantastico, Horror, Fantascienza",5743,1992-10-03,"Shin'ya Tsukamoto",,
1768,tt0089153,2026-09-06,2026-09-06,,"L'amore e il sangue","Flesh+Blood",https://www.imdb.com/title/tt0089153/,Film,6.7,126,1985,"Avventura, Drammatico",22569,1985-10-09,"Paul Verhoeven",,
1769,tt22939186,2026-09-06,2026-09-06,,"Arcadian","Arcadian",https://www.imdb.com/title/tt22939186/,Film,5.5,92,2024,"Azione, Drammatico, Horror, Fantascienza, Thriller",29243,2024-07-12,"Benjamin Brewer",,
1770,tt4779682,2026-09-06,2026-09-06,,"Shark - Il primo squalo","The Meg",https://www.imdb.com/title/tt4779682/,Film,5.7,113,2018,"Azione, Avventura, Horror, Fantascienza, Thriller",232215,2018-08-09,"Jon Turteltaub",,
1771,tt2638144,2026-09-06,2026-09-06,,"Ben-Hur","Ben-Hur",https://www.imdb.com/title/tt2638144/,Film,5.7,123,2016,"Azione, Avventura, Drammatico, Sentimentale",50562,2016-09-29,"Timur Bekmambetov",,
1772,tt0460780,2026-09-06,2026-09-06,,"In the Name of the King","In the Name of the King: A Dungeon Siege Tale",https://www.imdb.com/title/tt0460780/,Film,3.8,127,2007,"Azione, Avventura, Fantastico, Thriller, Guerra",50955,2009-02-27,"Uwe Boll",,
1773,tt0097138,2026-09-06,2026-09-06,,"Cyborg","Cyborg",https://www.imdb.com/title/tt0097138/,Film,5.1,86,1989,"Azione, Fantascienza, Thriller",37458,1989-04-07,"Albert Pyun",,
1774,tt1815862,2026-09-06,2026-09-06,,"After Earth","After Earth",https://www.imdb.com/title/tt1815862/,Film,4.8,100,2013,"Azione, Avventura, Drammatico, Fantascienza",217878,2013-06-06,"M. Night Shyamalan",,
1775,tt0450278,2026-09-06,2026-09-06,,"Hostel","Hostel",https://www.imdb.com/title/tt0450278/,Film,5.9,94,2005,"Horror",206399,2006-02-24,"Eli Roth",,
1776,tt0498353,2026-09-06,2026-09-06,,"Hostel: Part II","Hostel: Part II",https://www.imdb.com/title/tt0498353/,Film,5.5,94,2007,"Horror",103053,2007-06-22,"Eli Roth",,
1777,tt4513678,2026-09-06,2026-09-06,,"Ghostbusters: Legacy","Ghostbusters: Afterlife",https://www.imdb.com/title/tt4513678/,Film,7.0,124,2021,"Avventura, Commedia, Fantastico, Fantascienza",243429,2021-11-18,"Jason Reitman",,
1778,tt1289401,2026-09-06,2026-09-06,,"Ghostbusters","Ghostbusters",https://www.imdb.com/title/tt1289401/,Film,6.8,117,2016,"Azione, Commedia, Fantastico, Fantascienza",260548,2016-07-28,"Paul Feig",,
1779,tt21235248,2026-09-06,2026-09-06,,"Ghostbusters - Minaccia glaciale","Ghostbusters: Frozen Empire",https://www.imdb.com/title/tt21235248/,Film,6.1,115,2024,"Azione, Avventura, Commedia, Fantastico, Fantascienza",107870,2024-04-11,"Gil Kenan",,
1780,tt0097428,2026-09-06,2026-09-06,,"Ghostbusters II (Acchiappafantasmi II)","Ghostbusters II",https://www.imdb.com/title/tt0097428/,Film,6.6,108,1989,"Azione, Commedia, Fantastico, Fantascienza",241633,1989-12-07,"Ivan Reitman",,
1781,tt0082559,2026-09-06,2026-09-06,,"Virus","Virus",https://www.imdb.com/title/tt0082559/,Film,4.8,99,1980,"Horror, Fantascienza, Thriller",6661,1981-08-21,"Bruno Mattei, Claudio Fragasso",,
1782,tt9155512,2026-09-06,2026-09-06,,"The Visitor from the Future","Le visiteur du futur",https://www.imdb.com/title/tt9155512/,Film,5.8,105,2022,"Azione, Avventura, Commedia, Fantascienza",2227,2022-09-07,"François Descraques",,
1783,tt0166813,2026-09-06,2026-09-06,,"Spirit - Cavallo selvaggio","Spirit: Stallion of the Cimarron",https://www.imdb.com/title/tt0166813/,Film,7.2,83,2002,"Animazione, Avventura, Drammatico, Per famiglie, Western",95465,2002-12-20,"Kelly Asbury, Lorna Cook",,
1784,tt2637276,2026-09-06,2026-09-06,,"Ted 2","Ted 2",https://www.imdb.com/title/tt2637276/,Film,6.3,115,2015,"Commedia",265359,2015-06-25,"Seth MacFarlane",,
1785,tt1823672,2026-09-06,2026-09-06,,"Humandroid","Chappie",https://www.imdb.com/title/tt1823672/,Film,6.8,120,2015,"Azione, Poliziesco, Drammatico, Fantascienza, Thriller",285897,2015-04-09,"Neill Blomkamp",,
1786,tt1535108,2026-09-06,2026-09-06,,"Elysium","Elysium",https://www.imdb.com/title/tt1535108/,Film,6.6,109,2013,"Azione, Drammatico, Fantascienza, Thriller",495216,2013-08-29,"Neill Blomkamp",,
1787,tt0319061,2026-09-06,2026-09-06,,"Big Fish - Le storie di una vita incredibile","Big Fish",https://www.imdb.com/title/tt0319061/,Film,7.9,125,2003,"Avventura, Drammatico, Fantastico, Sentimentale",480062,2004-02-27,"Tim Burton",,
1788,tt0101751,2026-09-06,2026-09-06,,"Dollman","Dollman",https://www.imdb.com/title/tt0101751/,Video,5.2,82,1991,"Azione, Commedia, Fantascienza",4346,1992-04,"Albert Pyun",,
1789,tt0330793,2026-09-06,2026-09-06,,"The Punisher","The Punisher",https://www.imdb.com/title/tt0330793/,Film,6.4,124,2004,"Azione, Poliziesco, Drammatico, Thriller",183028,2004-07-02,"Jonathan Hensleigh",,
1790,tt0088172,2026-09-06,2026-09-06,,"Starman","Starman",https://www.imdb.com/title/tt0088172/,Film,7.0,115,1984,"Sentimentale, Fantascienza",59499,1985-05-17,"John Carpenter",,
1791,tt1190080,2026-09-06,2026-09-06,,"2012","2012",https://www.imdb.com/title/tt1190080/,Film,5.9,158,2009,"Azione, Avventura, Fantascienza",426899,2009-11-13,"Roland Emmerich",,
1792,tt0204313,2026-09-06,2026-09-06,,"L'esorcista - La genesi","Exorcist: The Beginning",https://www.imdb.com/title/tt0204313/,Film,5.1,114,2004,"Horror, Giallo, Thriller",41706,2004-11-12,"Renny Harlin",,
1793,tt0320691,2026-09-06,2026-09-06,,"Underworld","Underworld",https://www.imdb.com/title/tt0320691/,Film,7.0,121,2003,"Azione, Fantastico, Thriller",303309,2004-01-30,"Len Wiseman",,
1794,tt0401855,2026-09-06,2026-09-06,,"Underworld: Evolution","Underworld: Evolution",https://www.imdb.com/title/tt0401855/,Film,6.7,106,2006,"Azione, Fantastico, Thriller",219312,2006-02-10,"Len Wiseman",,
1795,tt0834001,2026-09-06,2026-09-06,,"Underworld - La ribellione dei Lycans","Underworld: Rise of the Lycans",https://www.imdb.com/title/tt0834001/,Film,6.5,92,2009,"Azione, Fantastico, Thriller",176309,2009-02-20,"Patrick Tatopoulos",,
1796,tt0164052,2026-09-06,2026-09-06,,"L'uomo senza ombra","Hollow Man",https://www.imdb.com/title/tt0164052/,Film,5.9,112,2000,"Azione, Horror, Fantascienza, Thriller",149412,2000-10-13,"Paul Verhoeven",,
1797,tt0282209,2026-09-06,2026-09-06,,"Al calare delle tenebre","Darkness Falls",https://www.imdb.com/title/tt0282209/,Film,5.0,86,2003,"Fantastico, Horror, Giallo, Thriller",35680,2003-07-18,"Jonathan Liebesman",,
1798,tt0233657,2026-09-06,2026-09-06,,"Epoch","Epoch",https://www.imdb.com/title/tt0233657/,Film per la TV,4.9,96,2001,"Fantascienza, Thriller",2802,2001-11-24,"Matt Codd",,
1799,tt6435934,2026-09-06,2026-09-06,,"L'ultimo giorno sulla Terra","Le dernier voyage",https://www.imdb.com/title/tt6435934/,Film,5.1,87,2020,"Avventura, Drammatico, Fantascienza",1811,2022-01-20,"Romain Quirot",,
1800,tt6654210,2026-09-06,2026-09-06,,"Infinite","Infinite",https://www.imdb.com/title/tt6654210/,Film,5.5,106,2021,"Azione, Fantascienza, Thriller",71743,2021-09-09,"Antoine Fuqua",,
1801,tt8080204,2026-09-06,2026-09-06,,"Hypnotic","Hypnotic",https://www.imdb.com/title/tt8080204/,Film,5.5,93,2023,"Azione, Drammatico, Giallo, Fantascienza, Thriller",48151,2023-07-06,"Robert Rodriguez",,
1802,tt6723592,2026-09-06,2026-09-06,,"Tenet","Tenet",https://www.imdb.com/title/tt6723592/,Film,7.3,150,2020,"Azione, Fantascienza, Thriller",710424,2020-08-26,"Christopher Nolan",,
1803,tt0164961,2026-09-06,2026-09-06,,"Vidocq","Vidocq",https://www.imdb.com/title/tt0164961/,Film,6.4,98,2001,"Azione, Poliziesco, Fantastico, Giallo, Fantascienza, Thriller",24108,2002-03-01,"Pitof",,
1804,tt11274100,2026-09-06,2026-09-06,,"Archenemy","Archenemy",https://www.imdb.com/title/tt11274100/,Film,5.0,90,2020,"Animazione, Azione, Avventura, Poliziesco, Fantastico, Thriller",3930,2020-12-11,"Adam Egypt Mortimer",,
1805,tt21862626,2026-09-06,2026-09-06,,"Kids vs. Aliens","Kids vs. Aliens",https://www.imdb.com/title/tt21862626/,Film,5.0,75,2022,"Horror, Fantascienza",1981,2023-01-20,"Jason Eisener",,
1806,tt18556326,2026-09-06,2026-09-06,,"Awareness - La realtà è un'illusione","Awareness",https://www.imdb.com/title/tt18556326/,Film,5.4,112,2023,"Giallo, Fantascienza, Thriller",3839,2023-10-11,"Daniel Benmayor",,
1807,tt0120004,2026-09-06,2026-09-06,,"Relic - L'evoluzione del terrore","The Relic",https://www.imdb.com/title/tt0120004/,Film,5.8,110,1997,"Horror, Giallo, Fantascienza, Thriller",32900,1997-05-02,"Peter Hyams",,
1808,tt1212428,2026-09-06,2026-09-06,,"Civiltà perduta","The Lost City of Z",https://www.imdb.com/title/tt1212428/,Film,6.6,141,2016,"Avventura, Biografico, Drammatico, Storico",107078,2017-06-22,"James Gray",,
1809,tt5340882,2026-09-06,2026-09-06,,"Zoombies","Zoombies",https://www.imdb.com/title/tt5340882/,Film,3.4,87,2016,"Azione, Avventura, Commedia, Horror, Fantascienza, Thriller",3227,2016-10-03,"Glenn Miller",,
1810,tt2209764,2026-09-06,2026-09-06,,"Transcendence","Transcendence",https://www.imdb.com/title/tt2209764/,Film,6.2,119,2014,"Drammatico, Fantascienza, Thriller",248647,2014-04-17,"Wally Pfister",,
1811,tt2317225,2026-09-06,2026-09-06,,"The Machine","The Machine",https://www.imdb.com/title/tt2317225/,Film,6.0,91,2013,"Azione, Drammatico, Fantascienza, Thriller",33022,2014-03-21,"Caradog W. James",,
1812,tt0115985,2026-09-06,2026-09-06,,"Crossworlds - Dimensioni incrociate","Crossworlds",https://www.imdb.com/title/tt0115985/,Film,5.3,91,1996,"Azione, Commedia, Fantascienza",3380,1997-01-08,"Krishna Rao",,
1813,tt2510434,2026-09-06,2026-09-06,,"Alien Abduction: Rapimenti Alieni","Alien Abduction",https://www.imdb.com/title/tt2510434/,Film,4.9,85,2014,"Azione, Avventura, Horror, Fantascienza, Thriller",9497,2014-04-04,"Matty Beckerman",,
1814,tt14807348,2026-09-06,2026-09-06,,"UFO Sweden","UFO Sweden",https://www.imdb.com/title/tt14807348/,Film,6.4,115,2022,"Azione, Avventura, Giallo, Fantascienza",8724,2024-07-17,"Victor Danell",,
1815,tt0799949,2026-09-06,2026-09-06,,"Epic Movie","Epic Movie",https://www.imdb.com/title/tt0799949/,Film,2.5,86,2007,"Avventura, Commedia, Fantastico",114375,2007-04-27,"Jason Friedberg, Aaron Seltzer",,
1816,tt0091472,2026-09-06,2026-09-06,,"Gioco mortale","The Manhattan Project",https://www.imdb.com/title/tt0091472/,Film,6.1,117,1986,"Fantascienza, Thriller",7590,1986-06-13,"Marshall Brickman",,
1817,tt0228333,2026-09-06,2026-09-06,,"Fantasmi da Marte","Ghosts of Mars",https://www.imdb.com/title/tt0228333/,Film,4.9,98,2001,"Azione, Horror, Fantascienza",62472,2001-09-07,"John Carpenter",,
1818,tt1959490,2026-09-06,2026-09-06,,"Noah","Noah",https://www.imdb.com/title/tt1959490/,Film,5.8,138,2014,"Azione, Avventura, Drammatico",278728,2014-04-10,"Darren Aronofsky",,
1819,tt0416449,2026-09-06,2026-09-06,,"300","300",https://www.imdb.com/title/tt0416449/,Film,7.6,117,2006,"Azione, Drammatico",921668,2007-03-23,"Zack Snyder",,
1820,tt1073498,2026-09-06,2026-09-06,,"3ciento - Chi l'ha duro... la vince!","Meet the Spartans",https://www.imdb.com/title/tt1073498/,Film,2.8,87,2008,"Commedia, Fantastico",113705,2008-04-24,"Jason Friedberg, Aaron Seltzer",,
1821,tt3399896,2026-09-06,2026-09-06,,"Terminus","Terminus",https://www.imdb.com/title/tt3399896/,Film,5.3,94,2015,"Drammatico, Fantascienza",6465,2016-01-22,"Marc Furmie",,
1822,tt1634106,2026-09-06,2026-09-06,,"Bloodshot","Bloodshot",https://www.imdb.com/title/tt1634106/,Film,5.7,109,2020,"Azione, Avventura, Drammatico, Fantastico, Fantascienza, Thriller",92126,2020-03-27,"Dave Wilson",,
1823,tt3420504,2026-09-06,2026-09-06,,"Finch","Finch",https://www.imdb.com/title/tt3420504/,Film,6.9,115,2021,"Avventura, Drammatico, Fantascienza",113749,2021-11-05,"Miguel Sapochnik",,
1824,tt1093357,2026-09-06,2026-09-06,,"L'ora nera","The Darkest Hour",https://www.imdb.com/title/tt1093357/,Film,4.9,89,2011,"Azione, Avventura, Horror, Fantascienza, Thriller",66536,2012-01-20,"Chris Gorak",,
1825,tt0435651,2026-09-06,2026-09-06,,"The Giver - Il mondo di Jonas","The Giver",https://www.imdb.com/title/tt0435651/,Film,6.4,97,2014,"Drammatico, Sentimentale, Fantascienza, Thriller",131596,2014-09-11,"Phillip Noyce",,
1826,tt0146675,2026-09-06,2026-09-06,,"Giorni contati","End of Days",https://www.imdb.com/title/tt0146675/,Film,5.8,122,1999,"Azione, Fantastico, Horror, Thriller",123689,1999-11-26,"Peter Hyams",,
1827,tt1572315,2026-09-06,2026-09-06,,"Non aprite quella porta 3D","Texas Chainsaw 3D",https://www.imdb.com/title/tt1572315/,Film,4.8,92,2013,"Poliziesco, Drammatico, Horror, Giallo, Thriller",61328,2013-02-28,"John Luessenhop",,
1828,tt27599851,2026-09-06,2026-09-06,,"Apocalisse Z - Inizio della fine","Apocalipsis Z: El principio del fin",https://www.imdb.com/title/tt27599851/,Film,6.1,117,2024,"Azione, Horror, Fantascienza, Thriller",24422,2024-10-31,"Carles Torrens",,
1829,tt0790686,2026-09-06,2026-09-06,,"Riflessi di paura","Mirrors",https://www.imdb.com/title/tt0790686/,Film,6.1,110,2008,"Horror, Giallo",120167,2008-10-03,"Alexandre Aja",,
1830,tt1038686,2026-09-06,2026-09-06,,"Legion","Legion",https://www.imdb.com/title/tt1038686/,Film,5.3,100,2010,"Azione, Fantastico, Horror",121175,2010-03-12,"Scott Stewart",,
1831,tt1935914,2026-09-06,2026-09-06,,"The Last Days","Los últimos días",https://www.imdb.com/title/tt1935914/,Film,6.1,100,2013,"Horror, Fantascienza, Thriller",9666,2013-03-27,"David Pastor, Àlex Pastor",,
1832,tt0775552,2026-09-06,2026-09-06,,"Alieni in soffitta","Aliens in the Attic",https://www.imdb.com/title/tt0775552/,Film,5.5,86,2009,"Avventura, Commedia, Per famiglie, Fantastico, Fantascienza",26465,2009-08-14,"John Schultz",,
1833,tt0099700,2026-09-06,2026-09-06,,"Gremlins 2 - La nuova stirpe","Gremlins 2: The New Batch",https://www.imdb.com/title/tt0099700/,Film,6.5,106,1990,"Commedia, Fantastico, Horror",120316,1990-10-26,"Joe Dante",,
1834,tt0309593,2026-09-06,2026-09-06,,"Final Destination 2","Final Destination 2",https://www.imdb.com/title/tt0309593/,Film,6.2,90,2003,"Horror, Thriller",221802,2003-08-14,"David R. Ellis",,
1835,tt0414982,2026-09-06,2026-09-06,,"Final Destination 3","Final Destination 3",https://www.imdb.com/title/tt0414982/,Film,5.9,93,2006,"Horror, Thriller",188037,2006-03-24,"James Wong",,
1836,tt7958736,2026-09-06,2026-09-06,,"Ma","Ma",https://www.imdb.com/title/tt7958736/,Film,5.6,99,2019,"Horror, Giallo, Thriller",71963,2019-06-27,"Tate Taylor",,
1837,tt1666186,2026-09-06,2026-09-06,,"Mordimi","Vampires Suck",https://www.imdb.com/title/tt1666186/,Film,3.5,82,2010,"Commedia, Horror",55266,2010-09-17,"Jason Friedberg, Aaron Seltzer",,
1838,tt1876547,2026-09-06,2026-09-06,,"Zombie Apocalypse","Zombie Apocalypse",https://www.imdb.com/title/tt1876547/,Film per la TV,4.0,87,2011,"Azione, Avventura, Horror, Fantascienza, Thriller",6115,2011-10-29,"Nick Lyon",,
1839,tt0454970,2026-09-06,2026-09-06,,"Turistas","Turistas",https://www.imdb.com/title/tt0454970/,Film,5.4,93,2006,"Horror, Giallo, Thriller",42650,2007-06-01,"John Stockwell",,
1840,tt0283111,2026-09-06,2026-09-06,,"Maial college","National Lampoon's Van Wilder",https://www.imdb.com/title/tt0283111/,Film,6.4,92,2002,"Commedia, Sentimentale",121509,2003-04-24,"Walt Becker",,
1841,tt0206314,2026-09-06,2026-09-06,,"Radio Killer","Joy Ride",https://www.imdb.com/title/tt0206314/,Film,6.6,97,2001,"Giallo, Thriller",84894,2002-06-14,"John Dahl",,
1842,tt0208003,2026-09-06,2026-09-06,,"Big Mama","Big Momma's House",https://www.imdb.com/title/tt0208003/,Film,5.3,99,2000,"Azione, Commedia, Poliziesco",96943,2001-04-13,"Raja Gosnell",,
1843,tt1205489,2026-09-06,2026-09-06,,"Gran Torino","Gran Torino",https://www.imdb.com/title/tt1205489/,Film,8.1,116,2008,"Drammatico",870180,2009-03-13,"Clint Eastwood",,
1844,tt5884052,2026-09-06,2026-09-06,,"Pokémon: Detective Pikachu","Pokémon: Detective Pikachu",https://www.imdb.com/title/tt5884052/,Film,6.5,104,2019,"Avventura, Commedia, Per famiglie, Giallo",199732,2019-05-09,"Rob Letterman",,
1845,tt0117705,2026-09-06,2026-09-06,,"Space Jam","Space Jam",https://www.imdb.com/title/tt0117705/,Film,6.5,88,1996,"Animazione, Avventura, Commedia, Per famiglie, Fantastico, Fantascienza, Sportivo",231787,1997-02-21,"Joe Pytka",,
1846,tt0424095,2026-09-06,2026-09-06,,"Giù per il tubo","Flushed Away",https://www.imdb.com/title/tt0424095/,Film,6.6,85,2006,"Animazione, Azione, Avventura, Commedia, Drammatico, Per famiglie, Sentimentale",151408,2006-12-22,"David Bowers, Sam Fell",,
1847,tt0201485,2026-09-06,2026-09-06,,"The Body","The Body",https://www.imdb.com/title/tt0201485/,Film,5.4,109,2001,"Drammatico, Giallo, Sentimentale, Thriller",8708,2001-12-07,"Jonas McCord",,
1848,tt0069945,2026-09-06,2026-09-06,,"Dark Star","Dark Star",https://www.imdb.com/title/tt0069945/,Film,6.1,83,1974,"Commedia, Fantascienza",30737,1975-01-17,"John Carpenter",,
1849,tt0492486,2026-09-06,2026-09-06,,"Shrooms - Trip senza ritorno","Shrooms",https://www.imdb.com/title/tt0492486/,Film,4.6,84,2007,"Commedia, Horror, Giallo, Thriller",18639,2008-08-22,"Paddy Breathnach",,
1850,tt1663202,2026-09-06,2026-09-06,,"Revenant - Redivivo","The Revenant",https://www.imdb.com/title/tt1663202/,Film,8.0,156,2015,"Azione, Drammatico, Western",961562,2016-01-16,"Alejandro G. Iñárritu",,
1851,tt0257076,2026-09-06,2026-09-06,,"S.W.A.T. - Squadra speciale anticrimine","S.W.A.T.",https://www.imdb.com/title/tt0257076/,Film,6.1,117,2003,"Azione, Avventura, Poliziesco, Thriller",160887,2003-11-28,"Clark Johnson",,
1852,tt2865120,2026-09-06,2026-09-06,,"Ratchet & Clank","Ratchet & Clank",https://www.imdb.com/title/tt2865120/,Film,5.5,94,2016,"Animazione, Azione, Avventura, Commedia, Per famiglie, Fantastico, Fantascienza",12700,2016-06-29,"Kevin Munroe, Jericca Cleland",,
1853,tt16300962,2026-09-06,2026-09-06,,"When Evil Lurks","Cuando acecha la maldad",https://www.imdb.com/title/tt16300962/,Film,6.9,99,2023,"Horror",64258,2024-07-18,"Demián Rugna",,
1854,tt6378710,2026-09-06,2026-09-06,,"Malvagi","Villains",https://www.imdb.com/title/tt6378710/,Film,6.3,90,2019,"Commedia, Horror, Thriller",24889,2019-09-20,"Dan Berk, Robert Olsen",,
1855,tt0081248,2026-09-06,2026-09-06,,"Le notti del terrore","Le notti del terrore",https://www.imdb.com/title/tt0081248/,Film,5.6,85,1981,"Horror",7334,1981-07-09,"Andrea Bianchi",,
1856,tt21097192,2026-09-06,2026-09-06,,"Die Alone","Die Alone",https://www.imdb.com/title/tt21097192/,Film,5.8,90,2024,"Drammatico, Horror, Giallo, Sentimentale, Fantascienza, Thriller",6171,2024-10-18,"Lowell Dean",,
1857,tt4216902,2026-09-06,2026-09-06,,"Ares","Arès",https://www.imdb.com/title/tt4216902/,Film,6.2,80,2016,"Drammatico, Fantascienza, Thriller",4711,2016-11-23,"Jean-Patrick Benes",,
1858,tt0266308,2026-09-06,2026-09-06,,"Battle Royale","Batoru rowaiaru",https://www.imdb.com/title/tt0266308/,Film,7.5,114,2000,"Azione, Drammatico, Thriller",208835,2017-11-02,"Kinji Fukasaku",,
1859,tt7390588,2026-09-06,2026-09-06,,"Little Monsters","Little Monsters",https://www.imdb.com/title/tt7390588/,Film,6.3,93,2019,"Commedia, Horror, Fantascienza",21774,2019-10-11,"Abe Forsythe",,
1860,tt7737786,2026-09-06,2026-09-06,,"Greenland","Greenland",https://www.imdb.com/title/tt7737786/,Film,6.4,119,2020,"Azione, Avventura, Thriller",176375,2020-10-08,"Ric Roman Waugh",,
1861,tt2304933,2026-09-06,2026-09-06,,"La quinta onda","The 5th Wave",https://www.imdb.com/title/tt2304933/,Film,5.2,112,2016,"Azione, Avventura, Fantascienza, Thriller",127678,2016-02-04,"J Blakeson",,
1862,tt17279496,2026-09-06,2026-09-06,,"Civil War","Civil War",https://www.imdb.com/title/tt17279496/,Film,7.0,109,2024,"Azione, Thriller, Guerra",274169,2024-04-18,"Alex Garland",,
1863,tt0298814,2026-09-06,2026-09-06,,"The Core","The Core",https://www.imdb.com/title/tt0298814/,Film,5.5,135,2003,"Azione, Avventura, Fantascienza, Thriller",117417,2003-04-17,"Jon Amiel",,
1864,tt0339291,2026-09-06,2026-09-06,,"Lemony Snicket - Una serie di sfortunati eventi","A Series of Unfortunate Events",https://www.imdb.com/title/tt0339291/,Film,6.8,108,2004,"Avventura, Commedia, Per famiglie, Fantastico",232977,2005-03-18,"Brad Silberling",,
1865,tt4834206,2026-09-06,2026-09-06,,"Una serie di sfortunati eventi","A Series of Unfortunate Events",https://www.imdb.com/title/tt4834206/,Serie TV,7.7,55,2017,"Avventura, Commedia, Drammatico, Per famiglie, Giallo",73439,2017-01-13,,,
1866,tt14169960,2026-09-06,2026-09-06,,"Non siamo più vivi","Jigeum uri hakgyoneun",https://www.imdb.com/title/tt14169960/,Serie TV,7.6,60,2022,"Azione, Drammatico, Fantastico, Horror, Fantascienza, Thriller",94915,2022-01-28,,,
1867,tt0416315,2026-09-06,2026-09-06,,"Wolf Creek","Wolf Creek",https://www.imdb.com/title/tt0416315/,Film,6.2,99,2005,"Horror, Thriller",85379,2005-11-18,"Greg McLean",,
1868,tt14856980,2026-09-06,2026-09-06,,"Atlas","Atlas",https://www.imdb.com/title/tt14856980/,Film,5.7,118,2024,"Azione, Avventura, Drammatico, Fantascienza, Thriller",60896,2024-05-24,"Brad Peyton",,
1869,tt0978764,2026-09-06,2026-09-06,,"Sucker Punch","Sucker Punch",https://www.imdb.com/title/tt0978764/,Film,6.1,110,2011,"Azione, Avventura, Fantastico, Thriller",263101,2011-03-25,"Zack Snyder",,
1870,tt10620868,2026-09-06,2026-09-06,,"#Alive","#Saraitda",https://www.imdb.com/title/tt10620868/,Film,6.3,98,2020,"Azione, Drammatico, Horror, Thriller",56341,2020-09-08,"Il Cho",,
1871,tt6217306,2026-09-06,2026-09-06,,"Apostolo","Apostle",https://www.imdb.com/title/tt6217306/,Film,6.3,130,2018,"Drammatico, Fantastico, Horror, Giallo, Thriller",67291,2018-10-12,"Gareth Evans",,
1872,tt5232792,2026-09-06,2026-09-06,,"Lost in Space","Lost in Space",https://www.imdb.com/title/tt5232792/,Serie TV,7.3,60,2018,"Avventura, Drammatico, Per famiglie, Giallo, Fantascienza",114651,2018-04-13,,,
1873,tt0120738,2026-09-06,2026-09-06,,"Lost in Space - Perduti nello spazio","Lost in Space",https://www.imdb.com/title/tt0120738/,Film,5.3,130,1998,"Azione, Avventura, Fantascienza, Thriller",78144,1999-01-15,"Stephen Hopkins",,
1874,tt5638642,2026-09-06,2026-09-06,,"Il rituale","The Ritual",https://www.imdb.com/title/tt5638642/,Film,6.4,94,2017,"Horror, Giallo, Thriller",148153,2018-02-09,"David Bruckner",,
1875,tt7315484,2026-09-06,2026-09-06,,"The Silence","The Silence",https://www.imdb.com/title/tt7315484/,Film,5.4,90,2019,"Drammatico, Horror, Fantascienza, Thriller",56950,2019-04-10,"John R. Leonetti",,
1876,tt8415836,2026-09-06,2026-09-06,,"La stanza delle meraviglie di Guillermo del Toro","Guillermo del Toro's Cabinet of Curiosities",https://www.imdb.com/title/tt8415836/,Serie TV,7.0,60,2022,"Drammatico, Horror, Giallo, Thriller",65750,2022-10-25,,,
1877,tt9815502,2026-09-06,2026-09-06,,"Bloodride","Bloodride",https://www.imdb.com/title/tt9815502/,Serie TV,6.4,,2020,"Drammatico, Horror, Giallo, Thriller",4968,2020-03-13,,,
1878,tt1285482,2026-09-06,2026-09-06,,"Dead Set","Dead Set",https://www.imdb.com/title/tt1285482/,Mini serie TV,7.5,28,2008,"Drammatico, Horror, Reality, Fantascienza, Thriller",22216,2008-10-27,,,
1879,tt1267295,2026-09-06,2026-09-06,,"Cowboy Bebop","Cowboy Bebop",https://www.imdb.com/title/tt1267295/,Serie TV,6.7,58,2021,"Azione, Avventura, Commedia, Poliziesco, Drammatico, Fantascienza",46598,2021-11-19,,,
1880,tt1734135,2026-09-06,2026-09-06,,"Trollhunters: I racconti di arcadia","Trollhunters",https://www.imdb.com/title/tt1734135/,Serie TV,8.4,23,2016,"Animazione, Azione, Avventura, Commedia, Per famiglie, Fantastico, Fantascienza",22648,2016-12-23,,,
1881,tt12851396,2026-09-06,2026-09-06,,"Trollhunters - L'ascesa dei Titani","Trollhunters: Rise of the Titans",https://www.imdb.com/title/tt12851396/,Film,6.6,104,2021,"Animazione, Azione, Avventura, Commedia, Drammatico, Per famiglie, Fantastico",7582,2021-07-21,"Johane Matte, Francisco Ruiz-Velasco, Andrew L. Schmidt",,
1882,tt8688814,2026-09-06,2026-09-06,,"Il principe dei draghi","The Dragon Prince",https://www.imdb.com/title/tt8688814/,Serie TV,8.2,26,2018,"Animazione, Azione, Avventura, Drammatico, Per famiglie, Fantastico, Thriller",32066,2018-09-14,,,
1883,tt15716776,2026-09-06,2026-09-06,,"Devil May Cry","Devil May Cry",https://www.imdb.com/title/tt15716776/,Serie TV,7.5,30,2025,"Animazione, Azione, Avventura, Fantastico, Giallo",34207,2025-04-03,,,
1884,tt8910922,2026-09-06,2026-09-06,,"Solar Opposites","Solar Opposites",https://www.imdb.com/title/tt8910922/,Serie TV,7.9,22,2020,"Animazione, Avventura, Commedia, Fantascienza",37812,2021-02-23,,,
1885,tt6905542,2026-09-06,2026-09-06,,"Dark Crystal: la resistenza","The Dark Crystal: Age of Resistance",https://www.imdb.com/title/tt6905542/,Serie TV,8.4,,2019,"Avventura, Per famiglie, Fantastico",29565,2019-08-30,,,
1886,tt7826108,2026-09-06,2026-09-06,,"Dion","Raising Dion",https://www.imdb.com/title/tt7826108/,Serie TV,7.1,50,2019,"Drammatico, Fantascienza",18250,2019-10-04,,,
1887,tt3007572,2026-09-06,2026-09-06,,"Locke & Key","Locke & Key",https://www.imdb.com/title/tt3007572/,Serie TV,7.3,48,2020,"Drammatico, Fantastico, Horror, Giallo, Thriller",109370,2020-02-07,,,
1888,tt7736544,2026-09-06,2026-09-06,,"3 in mezzo a noi: I racconti di Arcadia","3Below: Tales of Arcadia",https://www.imdb.com/title/tt7736544/,Serie TV,7.6,24,2018,"Animazione, Azione, Avventura, Commedia, Per famiglie, Fantastico, Fantascienza",8615,2018-12-21,,,
1889,tt7736558,2026-09-06,2026-09-06,,"I Maghi: I racconti di Arcadia","Wizards",https://www.imdb.com/title/tt7736558/,Mini serie TV,8.0,23,2020,"Animazione, Azione, Avventura, Commedia, Per famiglie, Fantastico",6106,2020-08-07,,,
1890,tt9495224,2026-09-06,2026-09-06,,"Black Mirror: Bandersnatch","Black Mirror: Bandersnatch",https://www.imdb.com/title/tt9495224/,Film,7.1,90,2018,"Drammatico, Fantastico, Giallo, Fantascienza, Thriller",143957,2018-12-28,"David Slade",,
1891,tt5979872,2026-09-06,2026-09-06,,"Bleach","Bleach: Burîchu",https://www.imdb.com/title/tt5979872/,Film,6.3,108,2018,"Azione, Avventura, Fantastico",14193,2018-07-20,"Shinsuke Satô",,
1892,tt13664452,2026-09-06,2026-09-06,,"Yu Yu Hakusho","Yu yu hakusho",https://www.imdb.com/title/tt13664452/,Serie TV,7.2,55,2023,"Azione, Avventura, Commedia, Drammatico, Fantastico",10277,2023-12-14,,,
1893,tt8741648,2026-09-06,2026-09-06,,"Lettera al re","The Letter for the King",https://www.imdb.com/title/tt8741648/,Serie TV,6.0,,2020,"Azione, Avventura, Per famiglie, Fantastico",9090,2020-03-20,,,
1894,tt0479884,2026-09-06,2026-09-06,,"Crank","Crank",https://www.imdb.com/title/tt0479884/,Film,6.9,88,2006,"Azione, Poliziesco, Thriller",279916,2007-07-27,"Mark Neveldine, Brian Taylor",,
1895,tt1121931,2026-09-06,2026-09-06,,"Crank: High Voltage","Crank: High Voltage",https://www.imdb.com/title/tt1121931/,Film,6.1,96,2009,"Azione, Thriller",168666,2009-04-17,"Mark Neveldine, Brian Taylor",,
1896,tt0120689,2026-09-06,2026-09-06,,"Il miglio verde","The Green Mile",https://www.imdb.com/title/tt0120689/,Film,8.6,189,1999,"Poliziesco, Drammatico, Fantastico, Giallo",1584551,2000-03-10,"Frank Darabont",,
1897,tt0271259,2026-09-06,2026-09-06,,"Welcome to Collinwood","Welcome to Collinwood",https://www.imdb.com/title/tt0271259/,Film,6.3,86,2002,"Commedia, Poliziesco",16363,2003-06-06,"Anthony Russo, Joe Russo",,
1898,tt0114709,2026-09-06,2026-09-06,,"Toy Story - Il mondo dei giocattoli","Toy Story",https://www.imdb.com/title/tt0114709/,Film,8.3,81,1995,"Animazione, Avventura, Commedia, Per famiglie, Fantastico",1198661,1996-03-22,"John Lasseter",,
1899,tt0435761,2026-09-06,2026-09-06,,"Toy Story 3 - La grande fuga","Toy Story 3",https://www.imdb.com/title/tt0435761/,Film,8.3,103,2010,"Animazione, Avventura, Commedia, Per famiglie, Fantastico",990278,2010-07-07,"Lee Unkrich",,
1900,tt0093058,2026-09-06,2026-09-06,,"Full Metal Jacket","Full Metal Jacket",https://www.imdb.com/title/tt0093058/,Film,8.2,116,1987,"Drammatico, Guerra",859338,1987-10-09,"Stanley Kubrick",,
1901,tt0363163,2026-09-06,2026-09-06,,"La caduta - Gli ultimi giorni di Hitler","Der Untergang",https://www.imdb.com/title/tt0363163/,Film,8.2,156,2004,"Biografico, Drammatico, Storico, Guerra",403929,2005-04-29,"Oliver Hirschbiegel",,
1902,tt1979376,2026-09-06,2026-09-06,,"Toy Story 4","Toy Story 4",https://www.imdb.com/title/tt1979376/,Film,7.6,100,2019,"Animazione, Avventura, Commedia, Per famiglie, Fantastico",329594,2019-06-26,"Josh Cooley",,
1903,tt0120363,2026-09-06,2026-09-06,,"Toy Story 2 - Woody e Buzz alla riscossa","Toy Story 2",https://www.imdb.com/title/tt0120363/,Film,7.9,92,1999,"Animazione, Avventura, Commedia, Per famiglie, Fantastico",684160,1999-12-02,"John Lasseter, Ash Brannon, Lee Unkrich",,
1904,tt1258197,2026-09-06,2026-09-06,,"Exam","Exam",https://www.imdb.com/title/tt1258197/,Film,6.7,101,2009,"Poliziesco, Giallo, Thriller",136201,2017-06-23,"Stuart Hazeldine",,
1905,tt3118452,2026-09-06,2026-09-06,,"Circle","Circle",https://www.imdb.com/title/tt3118452/,Film,6.0,87,2015,"Drammatico, Horror, Giallo, Fantascienza, Thriller",73267,2015-10-16,"Aaron Hann, Mario Miscione",,
1906,tt0075148,2026-09-06,2026-09-06,,"Rocky","Rocky",https://www.imdb.com/title/tt0075148/,Film,8.1,120,1976,"Drammatico, Sportivo",701583,1977-03-25,"John G. Avildsen",,
1907,tt5519340,2026-09-06,2026-09-06,,"Bright","Bright",https://www.imdb.com/title/tt5519340/,Film,6.3,117,2017,"Azione, Fantastico, Thriller",211052,2017-12-22,"David Ayer",,
1908,tt3967856,2026-09-06,2026-09-06,,"Okja","Okja",https://www.imdb.com/title/tt3967856/,Film,7.3,120,2017,"Azione, Avventura, Drammatico, Fantascienza",143278,2017-06-28,"Bong Joon Ho",,
1909,tt2870612,2026-09-06,2026-09-06,,"Necropolis - La città dei morti","As Above, So Below",https://www.imdb.com/title/tt2870612/,Film,6.3,93,2014,"Avventura, Horror, Giallo, Thriller",133910,2014-09-11,"John Erick Dowdle",,
1910,tt2309961,2026-09-06,2026-09-06,,"Videoblog di un vampiro","Afflicted",https://www.imdb.com/title/tt2309961/,Film,6.2,85,2013,"Horror, Giallo, Fantascienza, Thriller",27949,2015-01-27,"Derek Lee, Clif Prowse",,
1911,tt0092005,2026-09-06,2026-09-06,,"Stand by Me - Ricordo di un'estate","Stand by Me",https://www.imdb.com/title/tt0092005/,Film,8.1,89,1986,"Avventura, Drammatico",494816,1987-03-29,"Rob Reiner",,
1912,tt4547056,2026-09-06,2026-09-06,,"La ragazza che sapeva troppo","The Girl with All the Gifts",https://www.imdb.com/title/tt4547056/,Film,6.6,111,2016,"Azione, Avventura, Drammatico, Horror, Fantascienza, Thriller",69877,2017-06-02,"Colm McCarthy",,
1913,tt3654796,2026-09-06,2026-09-06,,"Creep 2","Creep 2",https://www.imdb.com/title/tt3654796/,Film,6.4,78,2017,"Horror, Thriller",41568,2017-10-24,"Patrick Brice",,
1914,tt3949658,2026-09-06,2026-09-06,,"Los Parecidos","Los Parecidos",https://www.imdb.com/title/tt3949658/,Film,5.8,89,2015,"Horror, Giallo, Fantascienza, Thriller",4633,2016-10-14,"Isaac Ezban",,
1915,tt3702652,2026-09-06,2026-09-06,,"The Other Side of the Door","The Other Side of the Door",https://www.imdb.com/title/tt3702652/,Film,5.3,96,2016,"Horror, Thriller",20704,2016-04-21,"Johannes Roberts",,
1916,tt27489557,2026-09-06,2026-09-06,,"Abigail","Abigail",https://www.imdb.com/title/tt27489557/,Film,6.5,109,2024,"Azione, Commedia, Poliziesco, Drammatico, Horror, Thriller",123974,2024-04-19,"Matt Bettinelli-Olpin, Tyler Gillett",,
1917,tt0099864,2026-09-06,2026-09-06,,"IT","IT",https://www.imdb.com/title/tt0099864/,Mini serie TV,6.8,192,1990,"Drammatico, Horror, Giallo, Thriller",155189,1993-02-21,,,
1918,tt0085333,2026-09-06,2026-09-06,,"Christine - La macchina infernale","Christine",https://www.imdb.com/title/tt0085333/,Film,6.8,110,1983,"Horror, Thriller",103865,1984-03-01,"John Carpenter",,
1919,tt1242432,2026-09-06,2026-09-06,,"I Spit on Your Grave","I Spit on Your Grave",https://www.imdb.com/title/tt1242432/,Film,6.2,108,2010,"Horror, Thriller",104495,2010-06-17,"Steven R. Monroe",,
1920,tt2537176,2026-09-06,2026-09-06,,"I Spit on Your Grave 2","I Spit on Your Grave 2",https://www.imdb.com/title/tt2537176/,Film,5.7,106,2013,"Horror, Thriller",36936,2013-09-05,"Steven R. Monroe",,
1921,tt0073650,2026-09-06,2026-09-06,,"Salò o le 120 giornate di Sodoma","Salò o le 120 giornate di Sodoma",https://www.imdb.com/title/tt0073650/,Film,5.8,117,1975,"Drammatico",73970,1976-01-10,"Pier Paolo Pasolini",,
1922,tt4881806,2026-09-06,2026-09-06,,"Jurassic World - Il regno distrutto","Jurassic World: Fallen Kingdom",https://www.imdb.com/title/tt4881806/,Film,6.2,128,2018,"Azione, Avventura, Fantascienza",387553,2018-06-07,"J.A. Bayona",,
1923,tt0092906,2026-09-06,2026-09-06,,"Dolls - Bambole","Dolls",https://www.imdb.com/title/tt0092906/,Film,6.3,77,1986,"Horror",14570,1987-03-12,"Stuart Gordon",,
1924,tt0105121,2026-09-06,2026-09-06,,"La casa nera","The People Under the Stairs",https://www.imdb.com/title/tt0105121/,Film,6.4,102,1991,"Commedia, Horror, Giallo, Thriller",44175,1991-11-01,"Wes Craven",,
1925,tt0103919,2026-09-06,2026-09-06,,"Candyman - Terrore dietro lo specchio","Candyman",https://www.imdb.com/title/tt0103919/,Film,6.8,99,1992,"Horror, Thriller",110475,1993-03-25,"Bernard Rose",,
1926,tt11703050,2026-09-06,2026-09-06,,"The House","The House",https://www.imdb.com/title/tt11703050/,Film,6.8,97,2022,"Animazione, Commedia, Drammatico, Fantastico, Horror, Giallo, Thriller",26385,2022-01-14,"Paloma Baeza, Emma De Swaef, Niki Lindroth von Bahr, Marc James Roels",,
1927,tt1623288,2026-09-06,2026-09-06,,"ParaNorman","ParaNorman",https://www.imdb.com/title/tt1623288/,Film,7.0,92,2012,"Animazione, Avventura, Commedia, Per famiglie, Fantastico, Giallo",118763,2012-10-11,"Chris Butler, Sam Fell",,
1928,tt1591095,2026-09-06,2026-09-06,,"Insidious","Insidious",https://www.imdb.com/title/tt1591095/,Film,6.8,103,2010,"Horror, Giallo, Thriller",373395,2011-10-28,"James Wan",,
1929,tt3195644,2026-09-06,2026-09-06,,"Insidious 3 - L'inizio","Insidious: Chapter 3",https://www.imdb.com/title/tt3195644/,Film,6.1,97,2015,"Horror, Giallo, Thriller",131168,2015-06-03,"Leigh Whannell",,
1930,tt0457572,2026-09-06,2026-09-06,,"Fido","Fido",https://www.imdb.com/title/tt0457572/,Film,6.7,93,2006,"Commedia, Drammatico, Horror, Fantascienza",31228,2007-03-16,"Andrew Currie",,
1931,tt0116996,2026-09-06,2026-09-06,,"Mars Attacks!","Mars Attacks!",https://www.imdb.com/title/tt0116996/,Film,6.4,106,1996,"Commedia, Fantascienza",261166,1997-03-07,"Tim Burton",,
1932,tt0095705,2026-09-06,2026-09-06,,"Una pallottola spuntata","The Naked Gun: From the Files of Police Squad!",https://www.imdb.com/title/tt0095705/,Film,7.6,85,1988,"Commedia, Poliziesco",225626,1989-03-29,"David Zucker",,
1933,tt0780622,2026-09-06,2026-09-06,,"Denti","Teeth",https://www.imdb.com/title/tt0780622/,Film,5.4,94,2007,"Commedia, Fantastico, Horror, Thriller",49888,2008-08-22,"Mitchell Lichtenstein",,
1934,tt1727776,2026-09-06,2026-09-06,,"Manuale scout per l'apocalisse zombie","Scouts Guide to the Zombie Apocalypse",https://www.imdb.com/title/tt1727776/,Film,6.3,93,2015,"Azione, Commedia, Horror, Fantascienza",62169,2015-10-30,"Christopher Landon",,
1935,tt8364368,2026-09-06,2026-09-06,,"Crawl - Intrappolati","Crawl",https://www.imdb.com/title/tt8364368/,Film,6.1,87,2019,"Azione, Horror, Thriller",104309,2019-08-15,"Alexandre Aja",,
1936,tt0100814,2026-09-06,2026-09-06,,"Tremors","Tremors",https://www.imdb.com/title/tt0100814/,Film,7.2,96,1990,"Commedia, Horror",168357,1990-01-19,"Ron Underwood",,
1937,tt2494362,2026-09-06,2026-09-06,,"Bone Tomahawk","Bone Tomahawk",https://www.imdb.com/title/tt2494362/,Film,7.1,132,2015,"Drammatico, Horror, Western",142435,2016-02-19,"S. Craig Zahler",,
1938,tt7525778,2026-09-06,2026-09-06,,"Il pacco","The Package",https://www.imdb.com/title/tt7525778/,Film,5.6,94,2018,"Commedia, Thriller",24679,2018-08-10,"Jake Szymanski",,
1939,tt1020530,2026-09-06,2026-09-06,,"Eden Lake","Eden Lake",https://www.imdb.com/title/tt1020530/,Film,6.7,91,2008,"Horror, Thriller",112812,2008-09-12,"James Watkins",,
1940,tt3567288,2026-09-06,2026-09-06,,"The Visit","The Visit",https://www.imdb.com/title/tt3567288/,Film,6.3,94,2015,"Horror, Giallo, Thriller",179139,2015-11-26,"M. Night Shyamalan",,
1941,tt1077368,2026-09-06,2026-09-06,,"Dark Shadows","Dark Shadows",https://www.imdb.com/title/tt1077368/,Film,6.2,113,2012,"Commedia, Fantastico, Horror",296309,2012-05-11,"Tim Burton",,
1942,tt32141377,2026-09-06,2026-09-06,,"28 anni dopo: Il tempio delle ossa","28 Years Later: The Bone Temple",https://www.imdb.com/title/tt32141377/,Film,7.2,109,2026,"Horror, Fantascienza, Thriller",126589,2026-01-15,"Nia DaCosta",,
1943,tt0472033,2026-09-07,2026-09-07,,"9","9",https://www.imdb.com/title/tt0472033/,Film,7.0,79,2009,"Animazione, Azione, Avventura, Drammatico, Fantastico, Fantascienza, Thriller",158615,2009-09-09,"Shane Acker",,
1944,tt1188729,2026-09-08,2026-09-08,,"Pandorum - L'universo parallelo","Pandorum",https://www.imdb.com/title/tt1188729/,Film,6.7,108,2009,"Azione, Horror, Giallo, Fantascienza, Thriller",169309,2010-08-06,"Christian Alvart",,
1945,tt32246771,2026-09-08,2026-09-08,,"Bring Her Back: Torna da me","Bring Her Back",https://www.imdb.com/title/tt32246771/,Film,7.1,104,2025,"Horror, Giallo",140932,2025-07-30,"Danny Philippou, Michael Philippou",,
1946,tt0289830,2026-09-09,2026-09-09,,"Taken","Taken",https://www.imdb.com/title/tt0289830/,Mini serie TV,7.8,68,2002,"Drammatico, Giallo, Fantascienza, Thriller",22456,2004-05,,,
1947,tt0086823,2026-09-09,2026-09-09,,"V: The Final Battle","V: The Final Battle",https://www.imdb.com/title/tt0086823/,Mini serie TV,7.7,91,1984,"Azione, Avventura, Drammatico, Fantascienza",10325,1984-10-21,,,
1948,tt0880557,2026-09-09,2026-09-09,,"Bionic Woman","Bionic Woman",https://www.imdb.com/title/tt0880557/,Serie TV,5.8,43,2007,"Azione, Fantascienza, Thriller",8918,2008-09-26,,,
1949,tt0072564,2026-09-09,2026-09-09,,"Spazio: 1999","Space: 1999",https://www.imdb.com/title/tt0072564/,Serie TV,7.3,50,1975,"Avventura, Drammatico, Fantascienza",10639,1976-01-31,,,
1950,tt0216313,2026-09-09,2026-09-09,,"UFO... annientare S.H.A.D.O. stop. Uccidete Straker...","Ufo... Annientate Shado Uccidete Straker... Stop",https://www.imdb.com/title/tt0216313/,Film,6.5,86,1974,"Azione, Fantascienza, Thriller",182,1974,"David Lane, Alan Perry",,
1951,tt0216315,2026-09-09,2026-09-09,,"UFO: Distruggete Base Luna","UFO: Distruggete Base Luna",https://www.imdb.com/title/tt0216315/,Film,6.3,90,1971,"Azione, Fantascienza",103,1974,"David Lane, Ken Turner",,
1952,tt6166392,2026-09-09,2026-09-09,,"Wonka","Wonka",https://www.imdb.com/title/tt6166392/,Film,6.9,116,2023,"Avventura, Commedia, Drammatico, Per famiglie, Fantastico, Musical",197261,2023-12-14,"Paul King",,
1953,tt2953050,2026-09-09,2026-09-09,,"Encanto","Encanto",https://www.imdb.com/title/tt2953050/,Film,7.2,102,2021,"Animazione, Commedia, Per famiglie, Fantastico, Musical",301645,2021-11-24,"Jared Bush, Byron Howard, Charise Castro Smith",,
1954,tt7979580,2026-09-09,2026-09-09,,"I Mitchell contro le macchine","The Mitchells vs the Machines",https://www.imdb.com/title/tt7979580/,Film,7.6,114,2021,"Animazione, Avventura, Commedia, Per famiglie, Fantascienza",144879,2021-04-30,"Michael Rianda, Jeff Rowe",,
1955,tt1001526,2026-09-09,2026-09-09,,"Megamind","Megamind",https://www.imdb.com/title/tt1001526/,Film,7.3,95,2010,"Animazione, Azione, Avventura, Commedia, Poliziesco, Per famiglie, Fantastico, Fantascienza",330640,2010-12-17,"Tom McGrath",,
1956,tt0366548,2026-09-09,2026-09-09,,"Happy Feet","Happy Feet",https://www.imdb.com/title/tt0366548/,Film,6.4,108,2006,"Animazione, Avventura, Commedia, Per famiglie, Musica, Musical, Sentimentale",215962,2006-12-01,"George Miller, Warren Coleman, Judy Morris",,
1957,tt0423294,2026-09-09,2026-09-09,,"Surf's Up - I re delle onde","Surf's Up",https://www.imdb.com/title/tt0423294/,Film,6.7,85,2007,"Animazione, Avventura, Commedia, Per famiglie, Sportivo",104286,2007-10-05,"Ash Brannon, Chris Buck",,
1958,tt0400717,2026-09-09,2026-09-09,,"Boog & Elliot: A caccia di amici","Open Season",https://www.imdb.com/title/tt0400717/,Film,6.1,86,2006,"Animazione, Avventura, Commedia, Per famiglie",115766,2006-12-07,"Roger Allers, Jill Culton, Anthony Stacchi",,
1959,tt0164912,2026-09-09,2026-09-09,,"Stuart Little - Un topolino in gamba","Stuart Little",https://www.imdb.com/title/tt0164912/,Film,6.0,84,1999,"Avventura, Commedia, Per famiglie, Fantastico",162227,2000-04-07,"Rob Minkoff",,
1960,tt1219342,2026-09-09,2026-09-09,,"Il regno di Ga'Hoole - La leggenda dei guardiani","Legend of the Guardians: The Owls of Ga'Hoole",https://www.imdb.com/title/tt1219342/,Film,6.9,97,2010,"Animazione, Azione, Avventura, Drammatico, Per famiglie, Fantastico, Giallo, Thriller, Guerra",92672,2010-10-29,"Zack Snyder",,
1961,tt2267968,2026-09-09,2026-09-09,,"Kung Fu Panda 3","Kung Fu Panda 3",https://www.imdb.com/title/tt2267968/,Film,7.1,95,2016,"Animazione, Azione, Avventura, Commedia, Per famiglie, Fantastico",223407,2016-03-17,"Alessandro Carloni, Jennifer Yuh Nelson",,
1962,tt0243585,2026-09-09,2026-09-09,,"Stuart Little 2","Stuart Little 2",https://www.imdb.com/title/tt0243585/,Film,5.5,77,2002,"Avventura, Commedia, Per famiglie, Fantastico",62503,2002-08-30,"Rob Minkoff",,
1963,tt0227538,2026-09-09,2026-09-09,,"Spy Kids","Spy Kids",https://www.imdb.com/title/tt0227538/,Film,5.7,88,2001,"Azione, Avventura, Commedia, Per famiglie, Fantascienza",137494,2001-08-24,"Robert Rodriguez",,
1964,tt0106965,2026-09-09,2026-09-09,,"Free Willy - Un amico da salvare","Free Willy",https://www.imdb.com/title/tt0106965/,Film,6.1,112,1993,"Avventura, Drammatico, Per famiglie",90361,1993-07-16,"Simon Wincer",,
1965,tt0317303,2026-09-09,2026-09-09,,"L'asilo dei papà","Daddy Day Care",https://www.imdb.com/title/tt0317303/,Film,5.7,92,2003,"Commedia, Per famiglie",80320,2003-10-31,"Steve Carr",,
1966,tt0287717,2026-09-09,2026-09-09,,"Spy Kids 2 - L'isola dei sogni perduti","Spy Kids 2: Island of Lost Dreams",https://www.imdb.com/title/tt0287717/,Film,5.3,100,2002,"Azione, Avventura, Commedia, Per famiglie, Fantascienza",78533,2003-01-10,"Robert Rodriguez",,
1967,tt0103786,2026-09-09,2026-09-09,,"Beethoven","Beethoven",https://www.imdb.com/title/tt0103786/,Film,5.8,87,1992,"Commedia, Drammatico, Per famiglie",82380,1992-04-03,"Brian Levant",,
1968,tt0112453,2026-09-09,2026-09-09,,"Balto","Balto",https://www.imdb.com/title/tt0112453/,Film,7.1,78,1995,"Animazione, Avventura, Drammatico, Per famiglie, Storico",52477,1996-06-20,"Simon Wells",,
1969,tt0331632,2026-09-09,2026-09-09,,"Scooby-Doo 2: Mostri scatenati","Scooby-Doo 2: Monsters Unleashed",https://www.imdb.com/title/tt0331632/,Film,5.4,93,2004,"Avventura, Commedia, Per famiglie, Fantastico, Horror, Giallo, Fantascienza",74443,2004-04-09,"Raja Gosnell",,
1970,tt0267913,2026-09-09,2026-09-09,,"Scooby-Doo","Scooby-Doo",https://www.imdb.com/title/tt0267913/,Film,5.4,89,2002,"Avventura, Commedia, Per famiglie, Fantastico, Giallo",143696,2002-06-28,"Raja Gosnell",,
1971,tt0897387,2026-09-09,2026-09-09,,"Shrekkati per le feste","Shrek the Halls",https://www.imdb.com/title/tt0897387/,Cortometraggio per la TV,6.4,21,2007,"Animazione, Cortometraggio, Avventura, Commedia, Per famiglie, Fantastico",17597,2007-12-24,"Gary Trousdale",,
1972,tt1636826,2026-09-09,2026-09-09,,"Project X - Una festa che spacca","Project X",https://www.imdb.com/title/tt1636826/,Film,6.7,88,2012,"Commedia, Thriller",261833,2012-06-06,"Nima Nourizadeh",,
1973,tt0910936,2026-09-09,2026-09-09,,"Strafumati","Pineapple Express",https://www.imdb.com/title/tt0910936/,Film,6.9,112,2008,"Azione, Commedia, Poliziesco",375453,2008-11-28,"David Gordon Green",,
1974,tt0170982,2026-09-09,2026-09-09,,"Mortal Kombat: Conquest","Mortal Kombat: Conquest",https://www.imdb.com/title/tt0170982/,Serie TV,6.2,40,1998,"Azione, Avventura, Fantastico, Fantascienza",5703,1998-10-03,,,
1975,tt0077594,2026-09-09,2026-09-09,,"L'ultimo combattimento di Chen","Game of Death",https://www.imdb.com/title/tt0077594/,Film,5.9,100,1978,"Azione, Poliziesco, Drammatico, Thriller",22997,1978-03-23,"Robert Clouse, Bruce Lee",,
1976,tt0070034,2026-09-09,2026-09-09,,"I 3 dell'Operazione Drago","Enter the Dragon",https://www.imdb.com/title/tt0070034/,Film,7.6,102,1973,"Azione, Poliziesco, Thriller",121504,1974-01-11,"Robert Clouse",,
1977,tt0443649,2026-09-09,2026-09-09,,"10.000 A.C.","10,000 BC",https://www.imdb.com/title/tt0443649/,Film,5.2,109,2008,"Azione, Avventura, Drammatico, Fantastico, Storico",140147,2008-03-14,"Roland Emmerich",,
1978,tt0800320,2026-09-09,2026-09-09,,"Scontro tra titani","Clash of the Titans",https://www.imdb.com/title/tt0800320/,Film,5.8,106,2010,"Azione, Avventura, Fantastico",307708,2010-04-02,"Louis Leterrier",,
1979,tt0489099,2026-09-09,2026-09-09,,"Jumper - Senza confini","Jumper",https://www.imdb.com/title/tt0489099/,Film,6.1,88,2008,"Azione, Avventura, Fantascienza, Thriller",339815,2008-02-29,"Doug Liman",,
1980,tt0460091,2026-09-09,2026-09-09,,"My Name Is Earl","My Name Is Earl",https://www.imdb.com/title/tt0460091/,Serie TV,7.8,22,2005,"Commedia",117197,2006-09-18,,,
1981,tt1131748,2026-09-09,2026-09-09,,"Prison Break: The Final Break","Prison Break: The Final Break",https://www.imdb.com/title/tt1131748/,Video,7.8,89,2009,"Azione, Drammatico, Thriller",29079,2009-07-21,"Kevin Hooks, Brad Turner",,
1982,tt15669534,2026-09-09,2026-09-09,,"Tales of the Walking Dead","Tales of the Walking Dead",https://www.imdb.com/title/tt15669534/,Serie TV,5.9,44,2022,"Drammatico, Fantastico, Horror, Thriller",8623,2022-11-21,,,
1983,tt1854564,2026-09-09,2026-09-09,,"Percy Jackson e gli dei dell'Olimpo - Il mare dei mostri","Percy Jackson: Sea of Monsters",https://www.imdb.com/title/tt1854564/,Film,5.7,106,2013,"Avventura, Per famiglie, Fantastico",135837,2013-09-12,"Thor Freudenthal",,
1984,tt12324366,2026-09-09,2026-09-09,,"Percy Jackson and the Olympians","Percy Jackson and the Olympians",https://www.imdb.com/title/tt12324366/,Serie TV,7.0,45,2023,"Azione, Avventura, Per famiglie, Fantastico",54055,2023-12-20,,,
1985,tt1051904,2026-09-09,2026-09-09,,"Piccoli brividi","Goosebumps",https://www.imdb.com/title/tt1051904/,Film,6.3,103,2015,"Animazione, Avventura, Commedia, Per famiglie, Fantastico, Horror, Thriller",103579,2016-01-21,"Rob Letterman",,
1986,tt0365830,2026-09-09,2026-09-09,,"Tenacious D e il destino del rock","Tenacious D in The Pick of Destiny",https://www.imdb.com/title/tt0365830/,Film,6.8,94,2006,"Avventura, Commedia, Musica, Musical",120485,2007-02-23,"Liam Lynch",,
1987,tt0114720,2026-09-09,2026-09-09,,"Tremors 2: Aftershocks","Tremors II: Aftershocks",https://www.imdb.com/title/tt0114720/,Video,6.0,100,1996,"Azione, Commedia, Horror, Fantascienza, Thriller, Western",34224,1996-04-09,"S.S. Wilson",,
1988,tt0454919,2026-09-09,2026-09-09,,"Pulse","Pulse",https://www.imdb.com/title/tt0454919/,Film,4.7,90,2006,"Horror, Fantascienza, Thriller",32444,2006-09-08,"Jim Sonzero",,
1989,tt0112715,2026-09-09,2026-09-09,,"Congo","Congo",https://www.imdb.com/title/tt0112715/,Film,5.4,109,1995,"Azione, Avventura, Giallo, Fantascienza",53537,1995-09-29,"Frank Marshall",,
1990,tt0285531,2026-09-09,2026-09-09,,"L'acchiappasogni","Dreamcatcher",https://www.imdb.com/title/tt0285531/,Film,5.6,136,2003,"Drammatico, Horror, Fantascienza, Thriller",101939,2003-04-11,"Lawrence Kasdan",,
1991,tt0338095,2026-09-09,2026-09-09,,"Alta tensione","Haute tension",https://www.imdb.com/title/tt0338095/,Film,6.7,91,2003,"Horror",83860,2005-06-10,"Alexandre Aja",,
1992,tt0407621,2026-09-09,2026-09-09,,"Calvaire","Calvaire",https://www.imdb.com/title/tt0407621/,Film,6.1,88,2004,"Drammatico, Horror, Thriller",15574,2005-03-09,"Fabrice du Welz",,
1993,tt0068473,2026-09-09,2026-09-09,,"Un tranquillo weekend di paura","Deliverance",https://www.imdb.com/title/tt0068473/,Film,7.6,109,1972,"Avventura, Drammatico, Thriller",130147,1972-11-17,"John Boorman",,
1994,tt0406310,2026-09-09,2026-09-09,,"Van Helsing - La missione londinese","Van Helsing: The London Assignment",https://www.imdb.com/title/tt0406310/,Video,6.0,33,2004,"Animazione, Cortometraggio, Azione, Avventura, Fantastico, Horror, Giallo",3744,2005-11-27,"Sharon Bridgeman",,
1995,tt0779982,2026-09-09,2026-09-09,,"Black Sheep - Pecore assassine","Black Sheep",https://www.imdb.com/title/tt0779982/,Film,5.8,87,2006,"Commedia, Horror, Fantascienza",43791,2008-09-19,"Jonathan King",,
1996,tt0455362,2026-09-09,2026-09-09,,"The Breed - La razza del male","The Breed",https://www.imdb.com/title/tt0455362/,Film,5.1,91,2006,"Azione, Commedia, Horror, Fantascienza, Thriller",15440,2006-06-01,"Nicholas Mastandrea",,
1997,tt0092796,2026-09-09,2026-09-09,,"Creepshow 2","Creepshow 2",https://www.imdb.com/title/tt0092796/,Film,6.1,92,1987,"Fantastico, Horror",31192,1987-08-28,"Michael Gornick",,
1998,tt0814685,2026-09-09,2026-09-09,,"Frontiers - Ai confini dell'inferno","Frontière(s)",https://www.imdb.com/title/tt0814685/,Film,6.2,108,2007,"Horror",31240,2008-11-07,"Xavier Gens",,
1999,tt1179904,2026-09-09,2026-09-09,,"Paranormal Activity","Paranormal Activity",https://www.imdb.com/title/tt1179904/,Film,6.3,86,2007,"Horror, Giallo",274477,2010-02-05,"Oren Peli",,
2000,tt1536044,2026-09-09,2026-09-09,,"Paranormal Activity 2","Paranormal Activity 2",https://www.imdb.com/title/tt1536044/,Film,5.7,91,2010,"Horror, Giallo",116651,2010-10-22,"Tod Williams",,
2001,tt0425430,2026-09-09,2026-09-09,,"The Messengers","The Messengers",https://www.imdb.com/title/tt0425430/,Film,5.4,90,2007,"Drammatico, Horror, Giallo",43045,2007-06-29,"Danny Pang, Oxide Chun Pang",,
2002,tt1278340,2026-09-09,2026-09-09,,"Dead Snow","Død snø",https://www.imdb.com/title/tt1278340/,Film,6.3,92,2009,"Commedia, Fantastico, Horror",73445,2009-01-09,"Tommy Wirkola",,
2003,tt1512685,2026-09-09,2026-09-09,,"Con gli occhi dell'assassino","Los ojos de Julia",https://www.imdb.com/title/tt1512685/,Film,6.7,118,2010,"Horror, Giallo, Thriller",39464,2011-05-13,"Guillem Morales",,
2004,tt0443473,2026-09-09,2026-09-09,,"The Condemned - L'isola della morte","The Condemned",https://www.imdb.com/title/tt0443473/,Film,6.0,114,2007,"Azione, Poliziesco, Thriller",56273,2007-04-27,"Scott Wiper",,
2005,tt0471041,2026-09-09,2026-09-09,,"The Tournament","The Tournament",https://www.imdb.com/title/tt0471041/,Film,6.0,95,2009,"Azione, Thriller",37286,2010-07-25,"Scott Mann",,
2006,tt0146336,2026-09-09,2026-09-09,,"Urban Legend","Urban Legend",https://www.imdb.com/title/tt0146336/,Film,5.6,99,1998,"Horror, Giallo, Thriller",79287,1999-01-29,"Jamie Blanks",,
2007,tt0905372,2026-09-09,2026-09-09,,"La cosa","The Thing",https://www.imdb.com/title/tt0905372/,Film,6.3,103,2011,"Horror, Giallo, Fantascienza",155838,2012-06-27,"Matthijs van Heijningen Jr.",,
2008,tt2004432,2026-09-09,2026-09-09,,"Wolf Creek 2 - La preda sei tu","Wolf Creek 2",https://www.imdb.com/title/tt2004432/,Film,6.2,106,2013,"Horror, Thriller",25663,2015-06-10,"Greg McLean",,
2009,tt0119675,2026-09-10,2026-09-10,,"Mimic","Mimic",https://www.imdb.com/title/tt0119675/,Film,6.0,105,1997,"Horror, Fantascienza",60703,1998-05-22,"Guillermo del Toro",,
2010,tt7462410,2026-09-10,2026-09-10,,"La ruota del tempo","The Wheel of Time",https://www.imdb.com/title/tt7462410/,Serie TV,7.2,60,2021,"Azione, Avventura, Drammatico, Fantastico",165783,2021-11-19,,,
2011,tt2661044,2026-09-10,2026-09-10,,"The 100","The 100",https://www.imdb.com/title/tt2661044/,Serie TV,7.5,43,2014,"Azione, Drammatico, Giallo, Fantascienza",307896,2014-10-01,,,
2012,tt6611916,2026-09-10,2026-09-10,,"Kingdom","Kingdom",https://www.imdb.com/title/tt6611916/,Serie TV,8.3,45,2019,"Azione, Drammatico, Horror, Thriller",65096,2019-01-25,,,
2013,tt0103873,2026-09-10,2026-09-10,,"Splatters - Gli schizzacervelli","Braindead",https://www.imdb.com/title/tt0103873/,Film,7.4,104,1992,"Commedia, Fantastico, Horror, Thriller",110689,1995-08-17,"Peter Jackson",,
2014,tt0418819,2026-09-10,2026-09-10,,"La terra dei morti viventi","Land of the Dead",https://www.imdb.com/title/tt0418819/,Film,6.2,93,2005,"Horror, Fantascienza, Thriller",105628,2005-07-15,"George A. Romero",,
2015,tt29927663,2026-09-10,2026-09-10,,"The Great Flood","Daehongsu",https://www.imdb.com/title/tt29927663/,Film,5.4,109,2025,"Azione, Avventura, Drammatico, Fantascienza",25802,2025-12-19,"Byung-woo Kim",,
2016,tt0088993,2026-09-10,2026-09-10,,"Il giorno degli zombi","Day of the Dead",https://www.imdb.com/title/tt0088993/,Film,7.1,101,1985,"Horror, Thriller",80489,1986-04-10,"George A. Romero",,
2017,tt3860916,2026-09-10,2026-09-10,,"Cargo","Cargo",https://www.imdb.com/title/tt3860916/,Film,6.3,105,2017,"Drammatico, Horror, Fantascienza, Thriller",53249,2018-05-18,"Ben Howling, Yolanda Ramke",,
2018,tt0120177,2026-09-10,2026-09-10,,"Spawn","Spawn",https://www.imdb.com/title/tt0120177/,Film,5.2,96,1997,"Azione, Poliziesco, Drammatico, Fantastico, Horror",77335,1998-03-05,"Mark A.Z. Dippé",,
2019,tt0113492,2026-09-10,2026-09-10,,"Dredd - La legge sono io","Judge Dredd",https://www.imdb.com/title/tt0113492/,Film,5.6,96,1995,"Azione, Poliziesco, Fantascienza, Thriller",133179,1995-09-22,"Danny Cannon",,
2020,tt0106697,2026-09-10,2026-09-10,,"Demolition Man","Demolition Man",https://www.imdb.com/title/tt0106697/,Film,6.7,115,1993,"Azione, Fantascienza, Thriller",211246,1994-01-21,"Marco Brambilla",,
2021,tt0083944,2026-09-10,2026-09-10,,"Rambo","First Blood",https://www.imdb.com/title/tt0083944/,Film,7.7,93,1982,"Azione, Avventura, Thriller",305717,1982-12-18,"Ted Kotcheff",,
2022,tt2832470,2026-09-10,2026-09-10,,"Dead Snow 2 - Red vs. Dead","Død snø 2",https://www.imdb.com/title/tt2832470/,Film,6.8,100,2014,"Azione, Commedia, Horror",28808,2014-02-12,"Tommy Wirkola",,
2023,tt0165798,2026-09-10,2026-09-10,,"Ghost Dog - Il codice del samurai","Ghost Dog: The Way of the Samurai",https://www.imdb.com/title/tt0165798/,Film,7.5,116,1999,"Poliziesco, Drammatico",103753,2000-01-14,"Jim Jarmusch",,
2024,tt1133985,2026-09-10,2026-09-10,,"Lanterna Verde","Green Lantern",https://www.imdb.com/title/tt1133985/,Film,5.5,114,2011,"Azione, Avventura, Fantascienza",312441,2011-08-31,"Martin Campbell",,
2025,tt0439572,2026-09-10,2026-09-10,,"The Flash","The Flash",https://www.imdb.com/title/tt0439572/,Film,6.6,144,2023,"Azione, Avventura, Fantastico, Fantascienza",252115,2023-06-15,"Andy Muschietti",,
2026,tt9362930,2026-09-10,2026-09-10,,"Blue Beetle","Blue Beetle",https://www.imdb.com/title/tt9362930/,Film,5.9,127,2023,"Azione, Avventura, Fantascienza, Thriller",119741,2023-08-17,"Ángel Manuel Soto",,
2027,tt10151854,2026-09-10,2026-09-10,,"Shazam! Furia degli dei","Shazam! Fury of the Gods",https://www.imdb.com/title/tt10151854/,Film,5.9,130,2023,"Azione, Avventura, Commedia, Fantastico, Fantascienza",148248,2023-03-16,"David F. Sandberg",,
2028,tt3718778,2026-09-10,2026-09-10,,"Over the Garden Wall - Avventura nella foresta dei misteri","Over the Garden Wall",https://www.imdb.com/title/tt3718778/,Mini serie TV,8.7,11,2014,"Animazione, Cortometraggio, Avventura, Commedia, Drammatico, Per famiglie, Fantastico, Horror, Musica, Giallo",92148,2015-04-01,,,
2029,tt0089489,2026-09-10,2026-09-10,,"Space Vampires","Lifeforce",https://www.imdb.com/title/tt0089489/,Film,6.2,101,1985,"Azione, Horror, Giallo, Sentimentale, Fantascienza, Thriller",35352,1985-12-06,"Tobe Hooper",,
2030,tt0071615,2026-09-10,2026-09-10,,"La montagna sacra","La montaña sagrada",https://www.imdb.com/title/tt0071615/,Film,7.7,114,1973,"Avventura, Drammatico, Fantastico",53266,1975-07-11,"Alejandro Jodorowsky",,
2031,tt2603596,2026-09-10,2026-09-10,,"The Wrong Mans","The Wrong Mans",https://www.imdb.com/title/tt2603596/,Serie TV,7.7,29,2013,"Commedia, Poliziesco, Thriller",8396,2013-09-24,,,
2032,tt1558128,2026-09-10,2026-09-10,,"Todd and the Book of Pure Evil","Todd and the Book of Pure Evil",https://www.imdb.com/title/tt1558128/,Serie TV,8.1,,2010,"Commedia, Horror, Fantascienza",4519,2010-09-29,,,
2033,tt1772379,2026-09-10,2026-09-10,,"The Fades","The Fades",https://www.imdb.com/title/tt1772379/,Mini serie TV,7.5,55,2011,"Fantastico, Horror, Giallo",7419,2011-09-21,,,
2034,tt0450259,2026-09-11,2026-09-11,,"Blood Diamond - Diamanti di sangue","Blood Diamond",https://www.imdb.com/title/tt0450259/,Film,8.0,143,2006,"Avventura, Drammatico, Thriller",631343,2007-01-26,"Edward Zwick",,
2035,tt0299977,2026-09-11,2026-09-11,,"Hero","Ying xiong",https://www.imdb.com/title/tt0299977/,Film,7.9,93,2002,"Azione, Avventura, Drammatico",195390,2004-10-08,"Yimou Zhang",,
2036,tt13406136,2026-09-11,2026-09-11,,"The Princess","The Princess",https://www.imdb.com/title/tt13406136/,Film,5.7,94,2022,"Azione, Drammatico, Fantastico, Thriller",17344,2022-07-01,"Le-Van Kiet",,
2037,tt0184894,2026-09-11,2026-09-11,,"Pallottole cinesi","Shanghai Noon",https://www.imdb.com/title/tt0184894/,Film,6.6,110,2000,"Azione, Avventura, Commedia, Western",143324,2000-08-18,"Tom Dey",,
2038,tt0365847,2026-09-11,2026-09-11,,"The myth - Il risveglio di un eroe","San wa",https://www.imdb.com/title/tt0365847/,Film,6.1,122,2005,"Azione, Avventura, Commedia, Drammatico, Fantastico",17446,2005-05-11,"Stanley Tong",,
2039,tt0300471,2026-09-11,2026-09-11,,"2 cavalieri a Londra","Shanghai Knights",https://www.imdb.com/title/tt0300471/,Film,6.2,114,2003,"Azione, Avventura, Commedia",118418,2003-08-15,"David Dobkin",,
2040,tt33999453,2026-09-11,2026-09-11,,"Sing: Thriller","Sing: Thriller",https://www.imdb.com/title/tt33999453/,Corto,6.6,11,2024,"Animazione, Cortometraggio, Commedia, Per famiglie, Musica, Musical",3885,2024-10-16,"Garth Jennings",,
2041,tt0117218,2026-09-11,2026-09-11,,"Il professore matto","The Nutty Professor",https://www.imdb.com/title/tt0117218/,Film,5.7,95,1996,"Commedia, Sentimentale, Fantascienza",132516,1996-11-15,"Tom Shadyac",,
2042,tt0144528,2026-09-11,2026-09-11,,"La famiglia del professore matto","Nutty Professor II: The Klumps",https://www.imdb.com/title/tt0144528/,Film,4.5,106,2000,"Commedia, Sentimentale, Fantascienza",56135,2000-10-20,"Peter Segal",,
2043,tt0180052,2026-09-11,2026-09-11,,"Pluto Nash","The Adventures of Pluto Nash",https://www.imdb.com/title/tt0180052/,Film,3.9,95,2002,"Azione, Commedia, Fantascienza",28485,2002-11-29,"Ron Underwood",,
2044,tt0265087,2026-09-11,2026-09-11,,"Black Knight","Black Knight",https://www.imdb.com/title/tt0265087/,Film,5.0,95,2001,"Avventura, Commedia, Fantastico",46616,2003-06-27,"Gil Junger",,
2045,tt0486946,2026-09-11,2026-09-11,,"Svalvolati on the road","Wild Hogs",https://www.imdb.com/title/tt0486946/,Film,5.9,100,2007,"Azione, Avventura, Commedia",128674,2007-04-20,"Walt Becker",,
2046,tt0097778,2026-09-11,2026-09-11,,"Senti chi parla","Look Who's Talking",https://www.imdb.com/title/tt0097778/,Film,6.0,93,1989,"Commedia, Sentimentale",90607,1989-10-13,"Amy Heckerling",,
2047,tt0100050,2026-09-11,2026-09-11,,"Senti chi parla 2","Look Who's Talking Too",https://www.imdb.com/title/tt0100050/,Film,4.7,81,1990,"Commedia, Per famiglie, Sentimentale",51504,1990-12-14,"Amy Heckerling",,
2048,tt0421715,2026-09-11,2026-09-11,,"Il curioso caso di Benjamin Button","The Curious Case of Benjamin Button",https://www.imdb.com/title/tt0421715/,Film,7.8,166,2008,"Drammatico, Fantastico, Sentimentale",754289,2009-02-13,"David Fincher",,
2049,tt9813792,2026-09-11,2026-09-11,,"From","From",https://www.imdb.com/title/tt9813792/,Serie TV,7.7,52,2022,"Drammatico, Fantastico, Horror, Giallo, Fantascienza, Thriller",207474,2022-10-05,,,
2050,tt27534307,2026-09-11,2026-09-11,,"Speak No Evil - Non parlare con gli sconosciuti","Speak No Evil",https://www.imdb.com/title/tt27534307/,Film,6.8,110,2024,"Drammatico, Horror, Thriller",147793,2024-09-12,"James Watkins",,
2051,tt0051418,2026-09-12,2026-09-12,,"Fluido mortale","The Blob",https://www.imdb.com/title/tt0051418/,Film,6.3,86,1958,"Horror, Fantascienza",32761,1959-07-31,"Irvin S. Yeaworth Jr., Russell S. Doughten Jr.",,
2052,tt0072653,2026-09-12,2026-09-12,,"La banda delle frittelle di mele","The Apple Dumpling Gang",https://www.imdb.com/title/tt0072653/,Film,6.4,100,1975,"Commedia, Per famiglie, Western",7286,1975-07-01,"Norman Tokar",,
2053,tt0058056,2026-09-12,2026-09-12,,"Emil e i detectives","Emil and the Detectives",https://www.imdb.com/title/tt0058056/,Film,6.2,99,1964,"Commedia, Poliziesco, Drammatico, Per famiglie",951,1964-12-18,"Peter Tewksbury",,
2054,tt0099816,2026-09-12,2026-09-12,,"Naufragio","Haakon Haakonsen",https://www.imdb.com/title/tt0099816/,Film,6.5,92,1990,"Avventura, Per famiglie",3537,1990-10-03,"Nils Gaup",,
2055,tt0111359,2026-09-12,2026-09-12,,"Pecos Bill - Una leggenda per amico","Tall Tale",https://www.imdb.com/title/tt0111359/,Film,5.9,96,1995,"Avventura, Per famiglie, Fantastico, Western",4751,1995-03-24,"Jeremiah S. Chechik",,
2056,tt0054594,2026-09-12,2026-09-12,,"Un professore fra le nuvole","The Absent Minded Professor",https://www.imdb.com/title/tt0054594/,Film,6.7,97,1961,"Commedia, Per famiglie, Fantascienza, Sportivo",10208,1961-08-18,"Robert Stevenson",,
2057,tt0071288,2026-09-12,2026-09-12,,"Un cowboy alle Hawaii","The Castaway Cowboy",https://www.imdb.com/title/tt0071288/,Film,5.8,91,1974,"Commedia, Per famiglie, Western",1133,1974-08-01,"Vincent McEveety",,
2058,tt0077305,2026-09-12,2026-09-12,,"Il gatto venuto dallo spazio","The Cat from Outer Space",https://www.imdb.com/title/tt0077305/,Film,6.0,104,1978,"Commedia, Per famiglie, Fantascienza",6813,1978-06-09,"Norman Tokar",,
2059,tt0065566,2026-09-12,2026-09-12,,"Il computer con le scarpe da tennis","The Computer Wore Tennis Shoes",https://www.imdb.com/title/tt0065566/,Film,6.0,91,1969,"Commedia, Per famiglie, Fantascienza",6533,1969-12-24,"Robert Butler",,
2060,tt0114898,2026-09-13,2026-09-13,,"Waterworld","Waterworld",https://www.imdb.com/title/tt0114898/,Film,6.3,135,1995,"Azione, Avventura, Fantascienza",226865,1995-09-15,"Kevin Reynolds",,
2061,tt0119925,2026-09-13,2026-09-13,,"L'uomo del giorno dopo","The Postman",https://www.imdb.com/title/tt0119925/,Film,6.1,177,1997,"Azione, Avventura, Drammatico, Fantascienza",84062,1998-02-20,"Kevin Costner",,
2062,tt7766378,2026-09-13,2026-09-13,,"The Electric State","The Electric State",https://www.imdb.com/title/tt7766378/,Film,5.9,125,2025,"Azione, Avventura, Commedia, Drammatico, Fantascienza",87641,2025-03-14,"Anthony Russo, Joe Russo",,
2063,tt0452608,2026-09-13,2026-09-13,,"Death Race","Death Race",https://www.imdb.com/title/tt0452608/,Film,6.4,105,2008,"Azione, Fantascienza, Thriller",229910,2008-11-28,"Paul W.S. Anderson",,
2064,tt0402022,2026-09-13,2026-09-13,,"Æon Flux","Æon Flux",https://www.imdb.com/title/tt0402022/,Film,5.4,93,2005,"Azione, Avventura, Fantascienza, Thriller",137924,2006-02-24,"Karyn Kusama",,
2065,tt9820556,2026-09-13,2026-09-13,,"Breach - Incubo nello spazio","Breach",https://www.imdb.com/title/tt9820556/,Film,2.9,92,2020,"Azione, Horror, Fantascienza",21033,2021-01-01,"John Suits",,
2066,tt0840361,2026-09-13,2026-09-13,,"The Town","The Town",https://www.imdb.com/title/tt0840361/,Film,7.5,125,2010,"Poliziesco, Drammatico, Thriller",453754,2010-10-08,"Ben Affleck",,
2067,tt12593682,2026-09-13,2026-09-13,,"Bullet Train","Bullet Train",https://www.imdb.com/title/tt12593682/,Film,7.3,127,2022,"Azione, Commedia, Thriller",547568,2022-08-25,"David Leitch",,
2068,tt0110443,2026-09-13,2026-09-13,,"Il maggiore Payne","Major Payne",https://www.imdb.com/title/tt0110443/,Film,6.3,95,1995,"Avventura, Commedia, Per famiglie",44116,1995-03-24,"Nick Castle",,
2069,tt0110366,2026-09-13,2026-09-13,,"Piccole canaglie","The Little Rascals",https://www.imdb.com/title/tt0110366/,Film,6.4,82,1994,"Commedia, Per famiglie, Sentimentale",62349,1995-04-13,"Penelope Spheeris",,
2070,tt0413099,2026-09-13,2026-09-13,,"Un'impresa da Dio","Evan Almighty",https://www.imdb.com/title/tt0413099/,Film,5.5,96,2007,"Commedia, Per famiglie, Fantastico",164388,2007-09-28,"Tom Shadyac",,
2071,tt0094057,2026-09-13,2026-09-13,,"Horror in Bowery Street","Street Trash",https://www.imdb.com/title/tt0094057/,Film,5.9,91,1987,"Commedia, Horror",13229,1988-08-11,"J. Michael Muro",,
2072,tt0106145,2026-09-13,2026-09-13,,"Star Trek: Deep Space Nine","Star Trek: Deep Space Nine",https://www.imdb.com/title/tt0106145/,Serie TV,8.1,45,1993,"Azione, Avventura, Drammatico, Fantascienza, Thriller",78373,1995-06-29,,,
2073,tt1355644,2026-09-13,2026-09-13,,"Passengers","Passengers",https://www.imdb.com/title/tt1355644/,Film,7.0,116,2016,"Drammatico, Sentimentale, Fantascienza, Thriller",505458,2016-12-30,"Morten Tyldum",,
2074,tt0087182,2026-09-13,2026-09-13,,"Dune","Dune",https://www.imdb.com/title/tt0087182/,Film,6.2,137,1984,"Azione, Avventura, Fantascienza",194114,1984-12-21,"David Lynch",,
2075,tt0091059,2026-09-13,2026-09-13,,"Navigator","Flight of the Navigator",https://www.imdb.com/title/tt0091059/,Film,6.9,90,1986,"Avventura, Commedia, Per famiglie, Fantascienza",55987,1987-01-22,"Randal Kleiser",,
2076,tt0385752,2026-09-13,2026-09-13,,"La bussola d'oro","The Golden Compass",https://www.imdb.com/title/tt0385752/,Film,6.1,113,2007,"Avventura, Per famiglie, Fantastico",204734,2007-12-14,"Chris Weitz",,
2077,tt0082509,2026-09-13,2026-09-13,,"Heavy Metal","Heavy Metal",https://www.imdb.com/title/tt0082509/,Film,6.6,86,1981,"Animazione, Avventura, Fantastico, Fantascienza",42195,1982-02-21,"Gerald Potterton, John Bruno, John Halas, Julian Harris, Jimmy T. Murakami, Barrie Nelson, Paul Sabella, Jack Stokes, Pino Van Lamsweerde, Harold Whitaker",,
2078,tt0485301,2026-09-13,2026-09-13,,"Torchwood","Torchwood",https://www.imdb.com/title/tt0485301/,Serie TV,7.7,50,2006,"Azione, Drammatico, Horror, Giallo, Fantascienza, Thriller",45944,2007-09-03,,,
2079,tt0482603,2026-09-13,2026-09-13,,"Space Chimps - Missione spaziale","Space Chimps",https://www.imdb.com/title/tt0482603/,Film,4.5,81,2008,"Animazione, Avventura, Commedia, Per famiglie, Fantascienza",13502,2009-02-06,"Kirk DeMicco",,
2080,tt1946347,2026-09-13,2026-09-13,,"Gladiatori di Roma","Gladiatori di Roma",https://www.imdb.com/title/tt1946347/,Film,5.2,94,2012,"Animazione, Avventura, Commedia, Per famiglie, Fantastico",1762,2012-10-18,"Iginio Straffi",,
2081,tt0453556,2026-09-13,2026-09-13,,"TMNT","TMNT",https://www.imdb.com/title/tt0453556/,Film,6.2,87,2007,"Animazione, Azione, Avventura, Commedia, Per famiglie, Fantastico, Fantascienza",72793,2007-06-22,"Kevin Munroe",,
2082,tt2850386,2026-09-13,2026-09-13,,"I Croods 2 - Una nuova era","The Croods: A New Age",https://www.imdb.com/title/tt2850386/,Film,6.9,95,2020,"Animazione, Avventura, Commedia, Per famiglie, Fantastico",62922,2021-07-14,"Joel Crawford",,
2083,tt12885438,2026-09-13,2026-09-13,,"Lego Star Wars: Christmas Special","Lego Star Wars Holiday Special",https://www.imdb.com/title/tt12885438/,Cortometraggio per la TV,6.4,44,2020,"Animazione, Cortometraggio, Azione, Avventura, Commedia, Per famiglie, Giallo, Fantascienza",8852,2020-11-17,"Ken Cunningham",,
